-3.946446 -45.073467 32.606632
-19.063787 -42.187885 73.917480
-52.459927 -2.617585 47.732086
-8.855901 24.185719 61.378765
-19.976484 -97.828232 19.320042
-53.654827 -51.769993 48.236343
-39.923939 57.988998 6.261517
-2.501243 20.245090 -4.690331
-21.774494 -58.993202 -13.563185
-61.460514 -49.051132 -8.429451
-41.067852 -21.519064 15.316923
-35.695240 13.141757 -32.813587
-3.454479 -43.481857 31.915306
-3.043811 -41.697369 31.121399
-2.778676 -39.832378 30.307819
-2.647800 -37.919670 29.523554
-2.590449 -35.964458 28.792089
-2.512527 -33.968193 28.105717
-2.341100 -31.945354 27.441849
-2.048024 -29.913723 26.784832
-1.652099 -27.881021 26.123837
-1.204054 -25.836370 25.442350
-0.766571 -23.764862 24.719955
-0.383176 -21.660023 23.937206
-0.080619 -19.525034 23.078476
0.130051 -17.369596 22.131430
0.255506 -15.206589 21.087307
0.321049 -13.046782 19.949129
0.350010 -10.896502 18.719326
0.361583 -8.758287 17.405094
0.366123 -6.630639 16.016005
0.364076 -4.506106 14.571390
0.349379 -2.375623 13.087677
0.314301 -0.231297 11.576498
0.251635 1.931551 10.044607
0.153540 4.112712 8.492919
0.015376 6.305176 6.919101
-0.171191 8.498579 5.317698
-0.416006 10.678561 3.683106
-0.730594 12.823104 2.010876
-1.116478 14.902997 0.304472
-1.561684 16.882118 -1.420591
-2.041173 18.703501 -3.125144
-3.805723 -46.307922 31.070917
-3.672986 -47.665352 29.268589
-3.575869 -49.023293 27.299026
-3.538297 -50.322628 25.207436
-3.588892 -51.529690 23.032558
-3.761351 -52.638206 20.820398
-4.084681 -53.668388 18.614086
-4.588908 -54.645996 16.447575
-5.294843 -55.595734 14.347656
-6.220176 -56.533623 12.338641
-7.340140 -57.463242 10.428190
-8.623507 -58.375771 8.622719
-10.025702 -59.253147 6.929697
-11.482162 -60.069294 5.358501
-12.895192 -60.795094 3.913402
-14.157412 -61.422596 2.577379
-15.162039 -61.962605 1.334326
-15.806145 -62.441658 0.178344
-15.969562 -62.848869 -0.858486
-15.639702 -63.057083 -1.736395
-14.950270 -62.951130 -2.486752
-14.097978 -62.563183 -3.211120
-13.280149 -62.028599 -4.033974
-12.715970 -61.525379 -5.068143
-12.583777 -61.188950 -6.300237
-12.973253 -61.033966 -7.617949
-13.849042 -60.963978 -8.906999
-15.127115 -60.853764 -10.103445
-16.689400 -60.614449 -11.176514
-18.415977 -60.212524 -12.112544
-20.178215 -59.651257 -12.908815
-2.203144 16.902340 -4.851738
-1.909105 13.046204 -5.234408
-1.649896 8.954837 -5.892936
-1.447134 4.774527 -6.833911
-1.333771 0.621372 -8.014879
-1.360327 -3.404306 -9.332928
-1.585012 -7.241915 -10.663883
-2.082641 -10.854710 -11.897479
-2.932509 -14.222553 -12.937773
-4.224934 -17.316900 -13.688936
-5.949288 -20.148777 -14.119324
-8.049816 -22.749767 -14.235841
-10.436101 -25.174057 -14.080357
-12.992787 -27.471401 -13.714928
-15.565851 -29.657516 -13.217882
-17.987558 -31.715748 -12.679579
-20.097172 -33.608459 -12.187534
-21.746670 -35.304249 -11.841531
-22.768675 -36.776707 -11.783363
-23.029312 -37.952927 -12.140455
-22.532978 -38.671211 -12.791524
-21.558481 -39.087601 -13.490384
-20.404057 -39.575325 -14.169994
-19.374271 -40.502869 -14.815978
-18.770306 -42.003418 -15.356710
-18.729607 -43.980530 -15.675685
-19.150566 -46.263184 -15.702892
-19.824116 -48.745621 -15.446879
-20.537735 -51.354141 -14.998669
-21.149597 -54.017315 -14.470299
-21.574165 -56.635765 -13.962582
-3.327443 -44.700733 30.130039
-3.002470 -42.951492 29.251114
-2.824651 -41.126160 28.424332
-2.741778 -39.240364 27.666075
-2.659988 -37.290432 26.974695
-2.490312 -35.286797 26.324806
-2.189164 -33.258327 25.693657
-1.768796 -31.228092 25.062452
-1.281698 -29.200130 24.410879
-0.805458 -27.156485 23.712498
-0.393278 -25.084538 22.952522
-0.078252 -22.982098 22.119318
0.125150 -20.857040 21.204029
0.223762 -18.723368 20.198412
0.253993 -16.591757 19.096725
0.248035 -14.475521 17.898148
0.234428 -12.381964 16.605114
0.231045 -10.318982 15.225322
0.241573 -8.275577 13.778234
0.254296 -6.240699 12.286963
0.255850 -4.204460 10.769661
0.234307 -2.158302 9.239792
0.180544 -0.100956 7.707411
0.085340 1.985606 6.173973
-0.055125 4.091804 4.637617
-0.249161 6.214485 3.093703
-0.506471 8.346007 1.540786
-0.836191 10.483509 -0.031243
-1.236529 12.611881 -1.628548
-1.696013 14.727362 -3.242369
-3.267286 -46.039272 28.244572
-3.020827 -44.297630 27.329439
-2.893098 -42.476555 26.512873
-2.796921 -40.576321 25.791689
-2.635845 -38.597816 25.143005
-2.344420 -36.568779 24.534092
-1.919509 -34.529087 23.934999
-1.409410 -32.500698 23.316040
-0.896248 -30.477121 22.647915
-0.449625 -28.436701 21.912975
-0.112895 -26.369574 21.106428
0.092604 -24.278070 20.224499
0.169947 -22.174685 19.262484
0.158815 -20.071270 18.211254
0.106090 -17.981054 17.057058
0.050975 -15.918718 15.797212
0.022277 -13.897449 14.433035
0.031107 -11.916788 12.982286
0.065483 -9.961576 11.471250
0.103612 -8.019202 9.926076
0.126545 -6.078580 8.366643
0.119976 -4.134373 6.808369
0.073169 -2.168149 5.264238
-0.021645 -0.164701 3.739481
-0.167751 1.874847 2.232457
-0.373729 3.956722 0.742897
-0.648032 6.096243 -0.733791
-0.997534 8.307690 -2.214947
-1.420179 10.603697 -3.714338
-3.254772 -47.375359 26.252085
-3.067590 -45.623074 25.340519
-2.943228 -43.777519 24.557217
-2.787898 -41.837944 23.882164
-2.521539 -39.820244 23.282152
-2.114175 -37.770088 22.712482
-1.600661 -35.730804 22.131104
-1.062295 -33.711739 21.499067
-0.576287 -31.697432 20.797863
-0.204849 -29.665775 20.021725
0.019354 -27.611656 19.175560
0.091386 -25.542786 18.260618
0.048194 -23.470264 17.268854
-0.058076 -21.407635 16.180309
-0.168722 -19.369352 14.974226
-0.242254 -17.376434 13.645507
-0.255611 -15.435308 12.205363
-0.215072 -13.541234 10.679648
-0.146003 -11.676563 9.099773
-0.077962 -9.826723 7.494300
-0.032862 -7.983254 5.883773
-0.027021 -6.125394 4.288914
-0.068556 -4.237401 2.724015
-0.164966 -2.296227 1.199911
-0.319424 -0.292181 -0.281475
-0.539911 1.803754 -1.718426
-0.832843 4.021755 -3.119029
-1.203743 6.392853 -4.503100
-3.290428 -48.644497 24.169781
-3.126947 -46.860729 23.289434
-2.967403 -44.972527 22.552624
-2.729817 -42.987595 21.930687
-2.361228 -40.940754 21.376963
-1.867595 -38.888210 20.832800
-1.321247 -36.861961 20.245047
-0.802886 -34.857632 19.585915
-0.384393 -32.856319 18.850254
-0.120887 -30.839363 18.043394
-0.030288 -28.808168 17.177187
-0.084384 -26.770691 16.248428
-0.232541 -24.739422 15.237374
-0.407580 -22.727879 14.113028
-0.543668 -20.756548 12.847328
-0.602804 -18.841448 11.444055
-0.580540 -16.985449 9.924892
-0.498250 -15.180380 8.321883
-0.391841 -13.405553 6.670067
-0.295058 -11.647970 4.998157
-0.232105 -9.885397 3.333181
-0.215434 -8.100188 1.695800
-0.252261 -6.269590 0.104908
-0.350704 -4.360291 -1.420729
-0.513823 -2.341181 -2.874080
-0.748143 -0.171381 -4.252710
-1.058150 2.187835 -5.564500
-3.383948 -49.811340 22.023413
-3.210008 -47.984238 21.185932
-2.993621 -46.049610 20.501499
-2.672507 -44.029690 19.929482
-2.222895 -41.974060 19.409569
-1.690869 -39.934311 18.868326
-1.154119 -37.925983 18.262238
-0.691002 -35.937523 17.576603
-0.368140 -33.951263 16.818939
-0.230804 -31.955481 16.003103
-0.265994 -29.954319 15.137389
-0.431054 -27.957790 14.207143
-0.658320 -25.977236 13.179252
-0.869744 -24.030596 12.010801
-0.997294 -22.134552 10.677291
-1.021631 -20.303085 9.195580
-0.955103 -18.535347 7.596161
-0.831559 -16.818476 5.915667
-0.692700 -15.131820 4.189396
-0.574631 -13.449650 2.452691
-0.496362 -11.753645 0.731309
-0.468719 -10.020379 -0.950072
-0.498985 -8.218281 -2.566120
-0.597375 -6.294940 -4.087499
-0.766529 -4.209520 -5.503642
-1.011343 -1.916551 -6.809423
-3.564412 -50.877174 19.844437
-3.355753 -49.005482 19.051506
-3.074258 -47.032681 18.413952
-2.679486 -44.994640 17.879772
-2.185660 -42.944984 17.371979
-1.650733 -40.921467 16.822317
-1.153701 -38.928986 16.198671
-0.769835 -36.954048 15.499007
-0.558608 -34.984344 14.741299
-0.540404 -33.013664 13.937153
-0.687708 -31.050125 13.085175
-0.939708 -29.102512 12.156246
-1.215577 -27.184544 11.102208
-1.429471 -25.309893 9.876878
-1.528436 -23.495380 8.468222
-1.511357 -21.751732 6.905656
-1.405052 -20.072056 5.226841
-1.250946 -18.440960 3.469514
-1.092336 -16.824772 1.675166
-0.958646 -15.202908 -0.123536
-0.866080 -13.552900 -1.898011
-0.824722 -11.844079 -3.618643
-0.844755 -10.028483 -5.249803
-0.939223 -8.045610 -6.754308
-1.110070 -5.851604 -8.117343
-3.866308 -51.867554 17.668739
-3.605867 -49.957962 16.912632
-3.256669 -47.958786 16.309738
-2.811800 -45.915321 15.791893
-2.300838 -43.873959 15.283662
-1.788329 -41.862156 14.724325
-1.351895 -39.879276 14.093577
-1.062074 -37.914463 13.400408
-0.957594 -35.961449 12.662400
-1.047907 -34.021072 11.883486
-1.286547 -32.101437 11.048159
-1.598360 -30.212370 10.110581
-1.890230 -28.362141 9.012513
-2.087045 -26.565336 7.717034
-2.152160 -24.837515 6.227065
-2.101425 -23.182423 4.583241
-1.971630 -21.587990 2.826779
-1.805588 -20.023893 1.001843
-1.637419 -18.461966 -0.854303
-1.491991 -16.879681 -2.707873
-1.383608 -15.249118 -4.527087
-1.325066 -13.526030 -6.273314
-1.331054 -11.655694 -7.903809
-1.417308 -9.574364 -9.373243
-4.326029 -52.812767 15.523540
-4.000959 -50.873055 14.792023
-3.594985 -48.857262 14.203381
-3.117215 -46.809566 13.688304
-2.607510 -44.770706 13.175677
-2.133629 -42.761593 12.614143
-1.769854 -40.780548 11.994357
-1.570730 -38.822300 11.326012
-1.565512 -36.887775 10.622066
-1.747998 -34.982090 9.873082
-2.056296 -33.113953 9.046473
-2.399083 -31.286732 8.079811
-2.689505 -29.508837 6.919415
-2.865761 -27.795574 5.542605
-2.907524 -26.156504 3.968144
-2.844521 -24.587479 2.244365
-2.714963 -23.058453 0.420903
-2.552481 -21.543150 -1.463105
-2.382551 -20.013538 -3.371417
-2.226508 -18.444206 -5.269161
-2.100091 -16.797085 -7.117740
-2.021472 -15.022449 -8.872509
-2.009449 -13.062402 -10.483403
-4.968801 -53.736729 13.433913
-4.580609 -51.773922 12.709476
-4.126201 -49.741779 12.121708
-3.626238 -47.683903 11.602921
-3.127745 -45.637169 11.089145
-2.700181 -43.619774 10.539401
-2.406023 -41.633793 9.946352
-2.291655 -39.680412 9.317125
-2.373832 -37.766151 8.654104
-2.633161 -35.900707 7.930911
-2.987992 -34.086113 7.092788
-3.348095 -32.323921 6.075857
-3.636299 -30.623774 4.837517
-3.805237 -28.997587 3.372461
-3.849530 -27.446001 1.713427
-3.802174 -25.942675 -0.078541
-3.692998 -24.458921 -1.958813
-3.546202 -22.968164 -3.890188
-3.379424 -21.442738 -5.837823
-3.212739 -19.851849 -7.763113
-3.067279 -18.154297 -9.623295
-2.966279 -16.296978 -11.367319
-5.830285 -54.653767 11.423959
-5.381754 -52.666779 10.696381
-4.882406 -50.611862 10.102587
-4.362169 -48.533016 9.579350
-3.875147 -46.465687 9.072415
-3.487508 -44.430672 8.545679
-3.254708 -42.433949 7.991773
-3.214433 -40.483253 7.409922
-3.374355 -38.591648 6.788972
-3.695024 -36.767288 6.075725
-4.089623 -35.007793 5.206575
-4.472256 -33.314865 4.122566
-4.776297 -31.696825 2.796418
-4.969089 -30.158876 1.241199
-5.048512 -28.675531 -0.489458
-5.042487 -27.216867 -2.337532
-4.970822 -25.751936 -4.260537
-4.849245 -24.254856 -6.223709
-4.688627 -22.698524 -8.192004
-4.513125 -21.053867 -10.125587
-4.349364 -19.277781 -11.977073
-6.891130 -55.557461 9.511771
-6.385648 -53.538715 8.778921
-5.841503 -51.450821 8.178191
-5.297996 -49.339153 7.653923
-4.815417 -47.242462 7.159655
-4.458573 -45.183006 6.664321
-4.277176 -43.172024 6.156188
-4.304256 -41.224628 5.625032
-4.532379 -39.357296 5.034348
-4.912603 -37.576103 4.313743
-5.356021 -35.875977 3.396800
-5.782073 -34.257614 2.234393
-6.136314 -32.725739 0.817382
-6.387292 -31.259523 -0.813385
-6.529712 -29.824062 -2.601268
-6.583635 -28.383364 -4.489267
-6.560366 -26.905645 -6.437467
-6.466575 -25.367592 -8.412271
-6.313070 -23.749575 -10.380826
-6.130176 -22.024052 -12.300613
-8.121114 -56.430080 7.710954
-7.558853 -54.365746 6.976061
-6.965084 -52.231750 6.370778
-6.392187 -50.079460 5.847548
-5.904016 -47.946548 5.369723
-5.567632 -45.858463 4.909430
-5.431119 -43.831997 4.450363
-5.519949 -41.890625 3.961048
-5.818791 -40.051250 3.387093
-6.271444 -38.318546 2.644811
-6.787715 -36.684204 1.669259
-7.294857 -35.147133 0.424647
-7.734041 -33.689018 -1.067987
-8.073400 -32.276978 -2.757603
-8.299257 -30.864111 -4.584167
-8.425813 -29.410696 -6.492400
-8.452687 -27.887341 -8.444360
-8.385749 -26.280468 -10.409770
-8.239510 -24.575930 -12.355508
-9.470665 -57.244995 6.031984
-8.845856 -55.116524 5.298909
-8.198364 -52.927727 4.689202
-7.587096 -50.727375 4.167209
-7.084012 -48.553646 3.705819
-6.761285 -46.434158 3.281504
-6.667499 -44.395676 2.863969
-6.823444 -42.465946 2.405137
-7.208594 -40.662304 1.836164
-7.760013 -38.986919 1.062697
-8.389691 -37.428158 0.024550
-9.011584 -35.964783 -1.288416
-9.567179 -34.566826 -2.838902
-10.017124 -33.186501 -4.566525
-10.341362 -31.767685 -6.409902
-10.542294 -30.271107 -8.315612
-10.617008 -28.677986 -10.250138
-10.575744 -26.981659 -12.183119
-10.867426 -57.969959 4.480412
-10.176953 -55.764553 3.747427
-9.468840 -53.510521 3.131014
-8.812913 -51.255512 2.607128
-8.289931 -49.035854 2.159548
-7.982836 -46.887764 1.763280
-7.939949 -44.843552 1.376274
-8.180362 -42.935219 0.936732
-8.679486 -41.180019 0.363342
-9.372137 -39.576504 -0.445524
-10.147184 -38.091557 -1.535729
-10.915968 -36.693165 -2.899798
-11.611403 -35.336693 -4.486189
-12.189284 -33.962296 -6.227719
-12.614689 -32.509132 -8.063393
-12.887583 -30.948261 -9.944799
-13.009113 -29.268871 -11.839044
-12.216874 -58.586197 3.048801
-11.456620 -56.287987 2.310976
-10.686597 -53.957424 1.682525
-9.986530 -51.637299 1.151372
-9.453040 -49.370533 0.708829
-9.174806 -47.197685 0.328298
-9.202800 -45.156723 -0.041967
-9.556536 -43.284397 -0.475306
-10.212414 -41.598309 -1.062112
-11.075582 -40.073006 -1.902333
-12.027304 -38.660244 -3.030083
-12.966455 -37.313202 -4.423788
-13.820475 -35.975288 -6.020450
-14.529168 -34.578880 -7.749195
-15.053003 -33.070911 -9.554047
-15.397332 -31.431431 -11.387890
-13.413469 -59.088390 1.715986
-12.587941 -56.684116 0.965450
-11.764387 -54.260536 0.318424
-11.040133 -51.867691 -0.227507
-10.519011 -49.551739 -0.676325
-10.296689 -47.359207 -1.056419
-10.428668 -45.334278 -1.428277
-10.940140 -43.520119 -1.873823
-11.779181 -41.916164 -2.483423
-12.839878 -40.475834 -3.349879
-13.987485 -39.128471 -4.498332
-15.112967 -37.813301 -5.896435
-16.124447 -36.464619 -7.474923
-16.956820 -35.022438 -9.166278
-17.574821 -33.443039 -10.916601
-14.362575 -59.491180 0.466043
-13.488341 -56.958279 -0.305378
-12.640543 -54.425869 -0.979076
-11.923891 -51.947838 -1.551026
-11.449757 -49.577858 -2.022428
-11.322059 -47.370647 -2.423854
-11.606331 -45.377563 -2.823826
-12.302839 -43.633919 -3.303486
-13.349484 -42.122841 -3.946198
-14.623077 -40.769302 -4.832754
-15.980054 -39.476749 -5.980650
-17.287178 -38.166588 -7.353619
-18.444525 -36.780514 -8.887042
-19.392029 -35.271763 -10.515582
-14.981338 -59.811592 -0.705359
-14.100295 -57.128971 -1.508499
-13.270633 -54.464996 -2.222693
-12.605352 -51.884609 -2.839094
-12.224517 -49.454098 -3.356967
-12.245265 -47.236603 -3.811282
-12.712318 -45.281742 -4.268098
-13.617681 -43.612896 -4.804993
-14.882425 -42.194538 -5.493484
-16.376265 -40.925304 -6.395533
-17.932388 -39.670364 -7.520281
-19.405472 -38.342487 -8.840813
-20.696369 -36.896549 -10.301252
-15.186481 -60.054848 -1.774934
-14.362917 -57.202332 -2.633284
-13.612577 -54.382755 -3.415910
-13.058522 -51.683689 -4.107545
-12.834783 -49.186325 -4.707542
-13.039757 -46.958485 -5.244099
-13.714685 -45.034443 -5.785179
-14.836082 -43.425213 -6.401284
-16.316019 -42.080605 -7.152601
-18.004843 -40.873898 -8.076832
-19.733004 -39.645081 -9.173516
-21.356661 -38.292824 -10.422165
-14.975379 -60.130066 -2.723103
-14.287908 -57.124668 -3.679012
-13.693864 -54.159733 -4.572598
-13.330402 -51.352478 -5.381299
-13.308442 -48.802856 -6.088662
-13.727251 -46.562847 -6.728317
-14.616900 -44.652687 -7.367594
-15.945188 -43.069332 -8.074106
-17.600462 -41.745556 -8.896468
-19.433052 -40.553020 -9.859156
-21.287868 -39.326721 -10.949739
-14.463058 -59.945206 -3.588381
-13.980989 -56.842102 -4.687094
-13.626666 -53.786335 -5.735443
-13.501839 -50.924778 -6.679084
-13.715203 -48.346275 -7.505777
-14.355442 -46.092640 -8.252389
-15.447513 -44.169083 -8.990024
-16.936512 -42.557495 -9.780693
-18.707460 -41.188293 -10.671264
-20.620996 -39.945129 -11.681872
-13.833001 -59.525982 -4.466457
-13.624081 -56.392761 -5.741656
-13.545850 -53.326218 -6.943477
-13.689916 -50.463554 -8.016973
-14.143973 -47.878010 -8.953385
-14.989587 -45.599220 -9.797588
-16.231056 -43.620495 -10.619838
-17.815239 -41.922962 -11.483320
-19.635635 -40.444607 -12.435043
-13.298884 -59.001804 -5.469085
-13.389154 -55.902931 -6.897696
-13.608981 -52.883656 -8.221540
-14.019506 -50.051815 -9.392254
-14.692657 -47.459877 -10.414880
-15.684350 -45.127991 -11.338320
-17.002975 -43.051235 -12.234077
-18.609182 -41.215752 -13.164118
-13.048137 -58.546204 -6.639924
-13.454746 -55.517723 -8.160410
-13.960078 -52.560020 -9.544693
-14.607735 -49.749184 -10.768915
-15.439023 -47.125603 -11.852110
-16.506466 -44.714115 -12.845574
-17.827858 -42.509651 -13.816135
-13.234132 -58.264153 -7.922442
-13.927567 -55.288860 -9.455854
-14.676250 -52.354427 -10.847118
-15.497752 -49.524002 -12.096431
-16.426147 -46.845146 -13.231262
-17.511261 -44.341286 -14.299592
-13.892272 -58.125164 -9.206430
-14.818086 -55.148315 -10.697618
-15.744916 -52.187401 -12.069120
-16.685606 -49.312195 -13.333837
-17.668608 -46.570747 -14.521976
-14.973372 -58.014885 -10.410648
-16.065857 -54.990295 -11.835936
-17.119331 -51.981701 -13.178601
-18.143051 -49.058735 -14.456669
-16.389425 -57.829681 -11.497743
-17.597746 -54.746040 -12.847075
-18.744099 -51.697369 -14.155448
-18.033550 -57.518982 -12.452646
-19.323479 -54.400757 -13.723204
-19.797661 -57.088791 -13.271749
-3.755393 -42.838772 33.652245
-3.522538 -40.328270 34.767483
-3.281244 -37.738472 35.894951
-3.077029 -35.157997 37.022438
-2.967586 -32.631756 38.135998
-3.006937 -30.172134 39.208012
-3.215195 -27.768997 40.206673
-3.585065 -25.406124 41.104443
-4.078483 -23.061764 41.891613
-4.637569 -20.707794 42.585648
-5.197392 -18.322748 43.246342
-5.715648 -15.903240 43.936279
-6.164138 -13.465172 44.706383
-6.520789 -11.038764 45.585117
-6.766148 -8.657340 46.567879
-6.898392 -6.335482 47.616219
-6.923303 -4.075708 48.691780
-6.858943 -1.875556 49.764557
-6.730533 0.262856 50.819168
-6.572547 2.338914 51.857811
-6.413104 4.351982 52.889202
-6.273143 6.303638 53.919220
-6.166314 8.199660 54.946129
-6.101028 10.049513 55.957161
-6.079325 11.870718 56.935730
-6.111255 13.677366 57.865055
-6.217653 15.481715 58.730923
-6.436655 17.291683 59.516968
-6.808188 19.105438 60.205124
-7.353445 20.904301 60.769707
-8.063541 22.640200 61.173107
-8.190385 25.392254 59.875549
-7.560501 26.714603 58.044937
-7.030361 28.070885 56.003899
-6.618292 29.437044 53.809502
-6.327870 30.800797 51.498806
-6.150683 32.150066 49.105076
-6.071225 33.473606 46.657925
-6.080040 34.761124 44.178272
-6.169287 36.003632 41.683823
-6.334257 37.189247 39.189056
-6.556272 38.309242 36.704369
-6.810657 39.348331 34.233627
-7.062269 40.283318 31.776972
-7.264792 41.080921 29.334082
-7.364689 41.700798 26.909309
-7.331371 42.124878 24.511803
-7.154263 42.339523 22.152622
-6.846365 42.339603 19.838953
-6.434966 42.111465 17.574736
-5.963131 41.656570 15.357719
-5.465457 40.973267 13.188930
-4.967871 40.056873 11.074745
-4.490436 38.903587 9.026221
-4.051194 37.505577 7.061526
-3.660157 35.885078 5.189844
-3.325724 34.054482 3.423436
-3.052816 32.030094 1.772013
-2.844663 29.827137 0.246150
-2.696155 27.477890 -1.157009
-2.596976 25.028313 -2.449544
-2.535836 22.553099 -3.638237
-3.204468 -40.767616 32.970467
-2.971395 -38.046047 34.059795
-2.759133 -35.337559 35.163765
-2.599848 -32.678726 36.275581
-2.535010 -30.091919 37.381214
-2.601002 -27.574944 38.454426
-2.809350 -25.108091 39.468388
-3.149658 -22.671522 40.403374
-3.586220 -20.241520 41.259956
-4.084645 -17.804916 42.045044
-4.596033 -15.349985 42.801571
-5.089598 -12.880179 43.572178
-5.545596 -10.412092 44.389679
-5.949687 -7.970790 45.267956
-6.275968 -5.579581 46.208160
-6.512982 -3.250004 47.185669
-6.651616 -0.986452 48.173611
-6.697734 1.208572 49.144108
-6.653559 3.332468 50.095226
-6.551882 5.387337 51.031021
-6.424506 7.376555 51.959869
-6.296513 9.306670 52.888096
-6.185551 11.187426 53.811424
-6.105822 13.033373 54.731682
-6.064737 14.857536 55.629047
-6.077106 16.669453 56.491364
-6.169001 18.474426 57.307579
-6.386557 20.272633 58.069885
-6.775734 22.054970 58.761322
-7.368140 23.789738 59.361553
-2.809563 -38.758804 32.186554
-2.598041 -35.870491 33.273468
-2.414299 -33.043808 34.374729
-2.281293 -30.296925 35.485039
-2.230449 -27.636417 36.591766
-2.291712 -25.047211 37.673370
-2.471239 -22.503559 38.709888
-2.756623 -19.981483 39.690781
-3.128904 -17.467186 40.612766
-3.568193 -14.952949 41.476616
-4.038824 -12.433631 42.308495
-4.519443 -9.915842 43.133514
-4.997955 -7.415332 43.967079
-5.457117 -4.951207 44.818481
-5.866502 -2.541783 45.694824
-6.202640 -0.196019 46.583534
-6.445836 2.079291 47.463501
-6.577696 4.279523 48.325127
-6.593692 6.399501 49.171455
-6.527777 8.443560 50.006241
-6.415946 10.419828 50.838509
-6.288572 12.339314 51.672707
-6.169752 14.218431 52.517494
-6.078374 16.069117 53.368942
-6.026360 17.901642 54.211452
-6.034091 19.720175 55.036045
-6.136469 21.524542 55.840321
-6.387514 23.310043 56.617374
-6.844854 25.058605 57.353065
-2.576898 -36.754959 31.387657
-2.387848 -33.741306 32.479675
-2.218191 -30.812210 33.582085
-2.088489 -27.979195 34.691410
-2.027864 -25.237766 35.798775
-2.061856 -22.567415 36.888760
-2.192347 -19.936802 37.948055
-2.417590 -17.329578 38.966919
-2.728130 -14.733634 39.939030
-3.115828 -12.145761 40.859100
-3.556236 -9.564226 41.738365
-4.037093 -6.997419 42.585373
-4.546988 -4.459617 43.406246
-5.064760 -1.965447 44.209694
-5.553294 0.470003 45.006592
-5.979677 2.839874 45.789818
-6.302527 5.135839 46.558868
-6.493825 7.350513 47.313286
-6.546608 9.475674 48.058838
-6.497159 11.518105 48.800674
-6.387267 13.490187 49.546715
-6.254738 15.410398 50.312405
-6.129189 17.295168 51.100525
-6.032651 19.155052 51.908417
-5.981944 20.996080 52.723892
-6.004787 22.817215 53.545425
-6.143450 24.614405 54.371498
-6.462235 26.376488 55.194801
-2.471197 -34.741688 30.618479
-2.291577 -31.631784 31.713726
-2.120324 -28.615732 32.812881
-1.979334 -25.698906 33.916359
-1.895686 -22.873543 35.019981
-1.890485 -20.114435 36.113552
-1.971517 -17.397236 37.186440
-2.142177 -14.705918 38.227852
-2.400657 -12.030571 39.227749
-2.748218 -9.370731 40.175476
-3.171349 -6.726864 41.068665
-3.662797 -4.109366 41.906483
-4.208575 -1.528970 42.691032
-4.783170 1.001958 43.429440
-5.343783 3.471231 44.131256
-5.838456 5.872986 44.807747
-6.215340 8.197304 45.469933
-6.441398 10.433609 46.123383
-6.509468 12.570745 46.777889
-6.460546 14.617462 47.438934
-6.345098 16.593399 48.124172
-6.207107 18.519642 48.842766
-6.079336 20.413090 49.597736
-5.986975 22.280979 50.387604
-5.951989 24.124557 51.206436
-6.007950 25.939053 52.053116
-6.205608 27.716017 52.924408
-2.422597 -32.712894 29.893229
-2.241951 -29.529459 30.983908
-2.063636 -26.437338 32.073257
-1.909268 -23.440342 33.165520
-1.802378 -20.527016 34.259472
-1.765188 -17.680098 35.348614
-1.807600 -14.876064 36.421432
-1.937208 -12.100904 37.465160
-2.158066 -9.346132 38.466202
-2.480196 -6.613807 39.408546
-2.898573 -3.907967 40.283951
-3.406358 -1.236194 41.086411
-3.988001 1.392056 41.814541
-4.614742 3.966985 42.470219
-5.229869 6.477098 43.074314
-5.770319 8.917500 43.648594
-6.177757 11.276152 44.211540
-6.416350 13.538656 44.775219
-6.481728 15.690565 45.352058
-6.424308 17.745441 45.957512
-6.301596 19.727745 46.602806
-6.161130 21.661005 47.296307
-6.037848 23.560408 48.040874
-5.959467 25.429152 48.838676
-5.951690 27.264786 49.683865
-6.055103 29.059122 50.573383
-2.345691 -30.667967 29.199734
-2.166298 -27.428257 30.277769
-1.989127 -24.269527 31.352646
-1.833422 -21.192194 32.429844
-1.719413 -18.192703 33.510269
-1.667429 -15.256826 34.586140
-1.689677 -12.364272 35.643959
-1.796865 -9.502833 36.668308
-1.998485 -6.666249 37.641998
-2.311437 -3.862166 38.550564
-2.734429 -1.091804 39.381641
-3.262272 1.638027 40.126312
-3.878862 4.320328 40.777119
-4.546210 6.944803 41.343372
-5.198620 9.501344 41.851837
-5.765111 11.985205 42.330849
-6.182671 14.381087 42.806057
-6.415249 16.669409 43.293976
-6.467643 18.834957 43.818127
-6.398686 20.896736 44.388042
-6.270429 22.883675 45.013672
-6.132359 24.819506 45.702221
-6.019952 26.716803 46.458046
-5.962242 28.575399 47.282188
-5.989997 30.389605 48.167126
-2.181938 -28.615158 28.517996
-2.017692 -25.330379 29.578003
-1.861162 -22.106930 30.635241
-1.724582 -18.951229 31.696104
-1.623892 -15.864119 32.758419
-1.577757 -12.836667 33.811581
-1.600735 -9.851556 34.838894
-1.706357 -6.899475 35.821777
-1.907748 -3.980833 36.746422
-2.224936 -1.102266 37.598320
-2.661238 1.735810 38.363914
-3.213485 4.529206 39.029003
-3.860606 7.269307 39.592678
-4.558084 9.947405 40.067764
-5.233382 12.553932 40.484734
-5.809238 15.082794 40.878429
-6.219719 17.513401 41.279526
-6.435747 19.821846 41.716141
-6.471274 21.995522 42.206970
-6.391812 24.059322 42.760315
-6.261986 26.044441 43.384510
-6.131184 27.974157 44.086487
-6.033580 29.858503 44.868225
-6.001445 31.693817 45.729218
-1.912359 -26.562857 27.836792
-1.784899 -23.235157 28.874371
-1.668123 -19.948372 29.911980
-1.569901 -16.713957 30.952208
-1.502565 -13.537568 31.988937
-1.483574 -10.414581 33.007126
-1.529178 -7.331593 33.985996
-1.652493 -4.287968 34.911030
-1.869816 -1.283291 35.768147
-2.203705 1.673718 36.545193
-2.662346 4.585747 37.224758
-3.240769 7.445774 37.800186
-3.914216 10.246880 38.272926
-4.633246 12.981299 38.658077
-5.319248 15.638725 38.991032
-5.890112 18.209568 39.311447
-6.283639 20.666653 39.661755
-6.478480 22.986130 40.065853
-6.497482 25.159561 40.541504
-6.410858 27.216259 41.095398
-6.283881 29.190018 41.734367
-6.163121 31.103029 42.461845
-6.082851 32.961647 43.277641
-1.558755 -24.507250 27.148085
-1.480445 -21.134974 28.161356
-1.415553 -17.785694 29.174366
-1.369088 -14.473907 30.186062
-1.351597 -11.207450 31.185574
-1.378845 -7.985362 32.152760
-1.463249 -4.804613 33.069889
-1.620537 -1.665296 33.921825
-1.868306 1.430093 34.696793
-2.232007 4.473094 35.380890
-2.719766 7.462145 35.966011
-3.325817 10.391742 36.447708
-4.022732 13.256169 36.829056
-4.756457 16.047380 37.129097
-5.442792 18.752718 37.387680
-6.000151 21.356102 37.656330
-6.371879 23.828396 37.973728
-6.545085 26.147074 38.362743
-6.550270 28.307947 38.839573
-6.461071 30.346811 39.408772
-6.339622 32.298862 40.072765
-6.230433 34.182827 40.832291
-1.157025 -22.432163 26.440767
-1.129443 -19.015797 27.427265
-1.118660 -15.608804 28.409405
-1.129716 -12.224549 29.382032
-1.172279 -8.870153 30.329350
-1.255048 -5.553051 31.233440
-1.391687 -2.272642 32.075146
-1.596972 0.966444 32.841316
-1.890484 4.160902 33.518318
-2.294253 7.293572 34.103134
-2.817543 10.363253 34.590393
-3.453952 13.365327 34.977158
-4.173193 16.293833 35.269905
-4.916515 19.139256 35.491489
-5.597188 21.883030 35.694527
-6.137045 24.507038 35.927418
-6.485920 26.980461 36.228142
-6.639108 29.282383 36.617558
-6.635057 31.417690 37.109222
-6.546275 33.427917 37.702568
-6.431470 35.346039 38.396793
-0.759937 -20.326029 25.693895
-0.775495 -16.867458 26.651876
-0.812978 -13.407403 27.597414
-0.879179 -9.955225 28.520493
-0.979010 -6.519857 29.406673
-1.121348 -3.109413 30.236095
-1.317053 0.271398 30.991476
-1.581727 3.616448 31.657789
-1.929202 6.911601 32.232445
-2.380242 10.136123 32.716114
-2.944501 13.288546 33.104862
-3.613765 16.363379 33.398819
-4.354356 19.353148 33.607452
-5.103235 22.242880 33.767086
-5.774723 25.012653 33.928768
-6.295352 27.641644 34.140854
-6.621812 30.097410 34.439529
-6.759536 32.367046 34.842266
-6.750315 34.465721 35.357025
-6.663851 36.435791 35.979301
-0.404228 -18.186592 24.886265
-0.450499 -14.688789 25.813240
-0.525990 -11.179152 26.716618
-0.636535 -7.664317 27.585896
-0.789338 -4.150363 28.403252
-0.990665 -0.647549 29.149694
-1.250869 2.837825 29.806509
-1.577947 6.287964 30.369762
-1.983794 9.683825 30.841032
-2.487244 13.000834 31.223171
-3.096255 16.235214 31.515087
-3.800114 19.379269 31.719069
-4.559114 22.419392 31.858231
-5.310831 25.340681 31.967882
-5.970959 28.120087 32.101547
-6.471395 30.733234 32.306347
-6.778821 33.152847 32.615311
-6.905542 35.377785 33.039185
-6.893841 37.428413 33.581619
-0.112950 -16.019293 23.999947
-0.175053 -12.484225 24.892567
-0.274669 -8.926638 25.752342
-0.420503 -5.348955 26.563995
-0.619998 -1.755967 27.307737
-0.879734 1.843157 27.961884
-1.201894 5.431388 28.518375
-1.591298 8.984752 28.978302
-2.057661 12.479735 29.346033
-2.616291 15.886557 29.627892
-3.272693 19.197903 29.824394
-4.008030 22.398300 29.951456
-4.783226 25.474983 30.031023
-5.535329 28.410601 30.102039
-6.182045 31.177402 30.219704
-6.663761 33.753433 30.429001
-6.956085 36.122375 30.755859
-7.074876 38.290306 31.205587
0.104207 -13.833218 23.021278
0.040417 -10.259988 23.878649
-0.072748 -6.651340 24.693027
-0.245335 -3.006974 25.444923
-0.486950 0.671506 26.108862
-0.798742 4.367140 26.670424
-1.178663 8.056297 27.127220
-1.628792 11.710044 27.484007
-2.155484 15.299273 27.749096
-2.770936 18.788832 27.930752
-3.470401 22.161564 28.043291
-4.235020 25.402681 28.101221
-5.023809 28.497242 28.130383
-5.773573 31.423525 28.172632
-6.406401 34.154129 28.285233
-6.871995 36.675900 28.506538
-7.151964 38.980045 28.856308
0.248562 -11.637945 21.944464
0.192325 -8.021515 22.765617
0.072918 -4.354823 23.533741
-0.121679 -0.633496 24.221560
-0.398753 3.135017 24.805851
-0.756476 6.927759 25.275743
-1.189625 10.715845 25.633097
-1.697230 14.464509 25.887148
-2.283372 18.138927 26.048363
-2.949227 21.692616 26.139774
-3.688705 25.108549 26.174122
-4.479486 28.369455 26.169846
-5.278761 31.456312 26.155918
-6.023957 34.347385 26.179264
-6.643803 37.021976 26.294373
-7.095181 39.472946 26.533226
0.337359 -9.439731 20.774343
0.290537 -5.770654 21.559444
0.165287 -2.032201 22.277920
-0.049380 1.775342 22.900343
-0.358553 5.638902 23.403919
-0.758599 9.529881 23.780674
-1.241323 13.413128 24.037474
-1.804291 17.247650 24.186022
-2.441786 20.986912 24.251825
-3.153416 24.584248 24.257467
-3.928223 28.020012 24.219477
-4.740902 31.272898 24.159046
-5.546290 34.324001 24.111792
-6.285483 37.157780 24.124910
-6.892796 39.757603 24.249775
0.386202 -7.240792 19.516331
0.344367 -3.503560 20.265364
0.209682 0.319054 20.933010
-0.025885 4.221358 21.487503
-0.366174 8.184406 21.906717
-0.806229 12.172387 22.186834
-1.336810 16.143284 22.337696
-1.947396 20.043247 22.386925
-2.631302 23.825672 22.359880
-3.383546 27.441496 22.284012
-4.189261 30.867247 22.177893
-5.018331 34.082127 22.070307
-5.826713 37.073643 21.998892
-6.558970 39.829285 22.010254
0.407411 -5.037182 18.179331
0.361075 -1.217006 18.893143
0.211512 2.701009 19.507175
-0.047637 6.705493 19.988413
-0.419523 10.769673 20.316885
-0.899592 14.849548 20.491590
-1.472181 18.888384 20.539534
-2.126261 22.831942 20.489677
-2.851867 26.631245 20.372080
-3.640623 30.233925 20.217072
-4.471264 33.617958 20.050943
-5.312336 36.769478 19.905649
-6.121614 39.678864 19.819479
0.406234 -2.827610 16.773148
0.345501 1.088815 17.451210
0.174894 5.112122 18.006626
-0.111316 9.223325 18.406366
-0.517339 13.386455 18.631601
-1.034154 17.539673 18.699730
-1.646251 21.625008 18.641495
-2.340440 25.585310 18.491934
-3.104815 29.368244 18.283575
-3.924612 32.924179 18.055895
-4.775445 36.239285 17.838503
-5.625993 39.302979 17.664700
0.385212 -0.606322 15.312927
0.301185 3.418001 15.950425
0.103529 7.553200 16.437342
-0.214913 11.771321 16.739573
-0.654990 16.015852 16.855844
-1.208804 20.221342 16.810595
-1.859454 24.325983 16.642799
-2.592839 28.268703 16.390982
-3.391773 32.000004 16.097265
-4.237741 35.480518 15.805971
-5.105432 38.700794 15.547361
0.341824 1.633424 13.809758
0.227755 5.773487 14.396163
-0.003248 10.022714 14.796205
-0.355800 14.330862 14.990699
-0.832559 18.635996 14.987279
-1.424839 22.866001 14.822203
-2.115515 26.954405 14.539609
-2.885799 30.842304 14.189821
-3.715261 34.491474 13.819553
-4.583939 37.869179 13.474986
0.271854 3.895366 12.269231
0.121546 8.154815 12.785201
-0.145271 12.501728 13.083843
-0.536142 16.879648 13.155971
-1.053233 21.217100 13.022681
-1.687859 25.434788 12.729165
-2.418391 29.467186 12.334342
-3.222777 33.267502 11.894942
-4.079803 36.804935 11.458323
0.169222 6.180330 10.689409
-0.019294 10.543387 11.116545
-0.326881 14.968417 11.295691
-0.761353 19.387796 11.231277
-1.325025 23.719513 10.955340
-2.003953 27.882233 10.533506
-2.772939 31.822796 10.033959
-3.609201 35.503147 9.514681
0.030479 8.468326 9.069426
-0.201271 12.916260 9.387402
-0.555976 17.391611 9.429075
-1.042365 21.813826 9.210318
-1.656779 26.094124 8.787892
-2.380160 30.161955 8.243067
-3.186308 33.974110 7.646922
-0.152525 10.749225 7.403703
-0.433819 15.254235 7.590838
-0.844810 19.740870 7.473139
-1.388370 24.117245 7.092607
-2.054279 28.301586 6.527603
-2.820815 32.233585 5.867868
-0.389753 13.003057 5.686387
-0.729951 17.526131 5.717298
-1.203061 21.973404 5.428073
-1.804912 26.254845 4.886064
-2.520910 30.296129 4.184071
-0.693731 15.203045 3.908713
-1.098358 19.691776 3.766949
-1.634613 24.046413 3.301798
-2.293000 28.178398 2.599267
-1.070952 17.310701 2.076134
-1.540147 21.707474 1.752809
-2.137457 25.905910 1.104581
-1.516240 19.288158 0.202089
-2.046839 23.519175 -0.317962
-2.013963 21.078243 -1.702870
-4.413509 -45.307964 33.931141
-4.968693 -45.604733 35.404083
-5.529675 -45.958675 36.940807
-6.034595 -46.367458 38.514603
-6.438015 -46.820877 40.110672
-6.723042 -47.293804 41.717941
-6.906800 -47.756569 43.332085
-7.018419 -48.186199 44.954815
-7.093592 -48.569805 46.589073
-7.167414 -48.903038 48.236496
-7.265009 -49.194534 49.893028
-7.397286 -49.451382 51.553482
-7.565992 -49.676682 53.212528
-7.767496 -49.867825 54.865467
-7.995671 -50.016705 56.508339
-8.244392 -50.117035 58.139130
-8.513123 -50.162300 59.756157
-8.806427 -50.148930 61.357872
-9.137019 -50.073753 62.941223
-9.521282 -49.940430 64.502563
-9.977919 -49.750771 66.034592
-10.526712 -49.501305 67.523682
-11.185264 -49.181328 68.947090
-11.966635 -48.767258 70.264824
-12.853808 -48.240780 71.440063
-13.818216 -47.583988 72.430725
-14.816814 -46.793259 73.202026
-15.799591 -45.884369 73.726669
-16.727030 -44.905746 74.016388
-17.584908 -43.916840 74.110939
-18.370775 -42.980820 74.057709
-18.141960 -41.103798 74.538414
-17.064877 -39.966015 75.086494
-15.866142 -38.874649 75.409821
-14.574688 -37.869698 75.416946
-13.254154 -36.947357 75.085770
-11.994244 -36.023815 74.507149
-10.871365 -34.961235 73.843216
-9.955604 -33.638435 73.253387
-9.297992 -32.010773 72.861763
-8.914639 -30.110750 72.719528
-8.740911 -28.035275 72.752502
-8.713614 -25.849030 72.863617
-8.781043 -23.594086 72.967598
-8.907355 -21.295380 73.005295
-9.073204 -18.964598 72.949722
-9.272839 -16.604710 72.811722
-9.509274 -14.211686 72.612930
-9.781630 -11.780687 72.378784
-10.074983 -9.307560 72.129303
-10.352610 -6.796578 71.871826
-10.573429 -4.255554 71.595963
-10.704798 -1.691864 71.276825
-10.731598 0.891098 70.877792
-10.658055 3.497103 70.350815
-10.513243 6.131624 69.670258
-10.320491 8.797772 68.821701
-10.097291 11.491284 67.808777
-9.853088 14.196288 66.647240
-9.594016 16.881330 65.374321
-9.328001 19.503086 64.032455
-9.070725 21.992493 62.668510
-4.226837 -42.858437 35.248631
-4.759714 -43.085922 36.829773
-5.295275 -43.441948 38.413616
-5.789351 -43.901001 39.993641
-6.215363 -44.435074 41.561161
-6.562444 -44.998119 43.119953
-6.847371 -45.554974 44.675064
-7.092700 -46.079449 46.235535
-7.331827 -46.564316 47.804218
-7.563513 -46.993309 49.394474
-7.801662 -47.374870 50.999943
-8.046006 -47.710960 52.615265
-8.290420 -47.998966 54.234318
-8.523822 -48.229321 55.851833
-8.742163 -48.391254 57.466438
-8.947624 -48.484127 59.072430
-9.146231 -48.506123 60.667694
-9.344401 -48.457233 62.249386
-9.571051 -48.342525 63.818550
-9.849600 -48.168934 65.371437
-10.201494 -47.938393 66.899803
-10.648767 -47.646194 68.388458
-11.207582 -47.277584 69.811005
-11.903032 -46.811733 71.124496
-12.711599 -46.228962 72.286186
-13.604530 -45.516479 73.249481
-14.537148 -44.679909 73.975220
-15.469346 -43.753708 74.441063
-16.372902 -42.797550 74.667603
-17.249542 -41.881557 74.692757
-3.974154 -40.322102 36.475754
-4.489569 -40.556126 38.133621
-5.026000 -40.961399 39.750706
-5.557611 -41.497517 41.320831
-6.062923 -42.117176 42.846992
-6.530399 -42.771393 44.343971
-6.969709 -43.423637 45.827190
-7.398886 -44.055260 47.308426
-7.809608 -44.645329 48.808010
-8.186330 -45.172020 50.340969
-8.531850 -45.635376 51.900074
-8.837826 -46.029808 53.478146
-9.090468 -46.345943 55.066616
-9.285275 -46.576447 56.660080
-9.430787 -46.720673 58.252174
-9.536507 -46.784130 59.837082
-9.611404 -46.770554 61.411789
-9.681859 -46.689060 62.978359
-9.786479 -46.545898 64.538757
-9.950008 -46.346645 66.088608
-10.195629 -46.091331 67.618431
-10.544580 -45.771061 69.109863
-11.024851 -45.369320 70.534065
-11.653669 -44.859871 71.842026
-12.408110 -44.226982 72.986290
-13.259120 -43.464714 73.914207
-14.170739 -42.596573 74.588287
-15.110670 -41.672440 74.992966
-16.065405 -40.764637 75.149918
-3.723441 -37.782684 37.660297
-4.251142 -38.074150 39.354881
-4.838881 -38.553261 40.969051
-5.463741 -39.168053 42.499260
-6.102732 -39.872311 43.955898
-6.735311 -40.618935 45.365677
-7.363765 -41.379997 46.749767
-7.960824 -42.120125 48.146881
-8.504035 -42.807568 49.582581
-8.968458 -43.408512 51.070923
-9.347876 -43.914280 52.599476
-9.625969 -44.315182 54.154900
-9.800967 -44.612579 55.724533
-9.882583 -44.813393 57.297611
-9.892961 -44.925510 58.868153
-9.844017 -44.960434 60.430706
-9.770290 -44.929089 61.988617
-9.706574 -44.839226 63.545673
-9.692432 -44.692833 65.103233
-9.752984 -44.493114 66.655510
-9.911230 -44.236778 68.189682
-10.197773 -43.909199 69.684662
-10.633406 -43.488571 71.106216
-11.232957 -42.946152 72.400368
-11.975152 -42.271446 73.512268
-12.835016 -41.473755 74.388107
-13.780501 -40.593971 74.997139
-14.789461 -39.697800 75.329933
-3.547322 -35.291710 38.807556
-4.141600 -35.664845 40.492371
-4.835189 -36.221107 42.059841
-5.602519 -36.916027 43.507484
-6.408679 -37.708523 44.856071
-7.222325 -38.561520 46.142517
-8.000684 -39.427162 47.425880
-8.704976 -40.254921 48.753975
-9.302128 -40.996536 50.151211
-9.761282 -41.612217 51.620487
-10.066121 -42.094452 53.137398
-10.219704 -42.456135 54.679657
-10.236164 -42.715889 56.230194
-10.143513 -42.889889 57.780201
-9.971830 -42.989761 59.326332
-9.761058 -43.028481 60.871338
-9.551205 -43.011181 62.420582
-9.375801 -42.941494 63.976803
-9.272307 -42.817467 65.538902
-9.265750 -42.640106 67.097290
-9.384457 -42.398865 68.635651
-9.652688 -42.076004 70.127869
-10.090390 -41.646561 71.535049
-10.711659 -41.080620 72.794945
-11.496222 -40.379013 73.848572
-12.416600 -39.567978 74.647293
-13.446508 -38.704758 75.168724
-3.522898 -32.868740 39.897076
-4.236346 -33.326969 41.522247
-5.079216 -33.965496 42.990376
-6.010406 -34.747475 44.306740
-6.979549 -35.641022 45.505630
-7.914867 -36.587456 46.674911
-8.766026 -37.521725 47.886387
-9.484747 -38.375607 49.185890
-10.026918 -39.094212 50.581879
-10.355385 -39.653065 52.053886
-10.482212 -40.080227 53.563709
-10.431154 -40.406464 55.087387
-10.239938 -40.656055 56.613037
-9.948030 -40.843292 58.137650
-9.614589 -40.970646 59.667877
-9.279105 -41.043015 61.208084
-8.976843 -41.061481 62.761776
-8.737981 -41.027298 64.328255
-8.596766 -40.937431 65.900856
-8.579000 -40.786842 67.465210
-8.708338 -40.564701 69.000275
-9.009077 -40.251099 70.475533
-9.503785 -39.820190 71.843529
-10.202387 -39.245777 73.036140
-11.077997 -38.542568 73.995667
-12.102740 -37.753002 74.680405
-3.694206 -30.508341 40.897903
-4.562446 -31.056185 42.408791
-5.564429 -31.783516 43.726261
-6.638907 -32.660561 44.870785
-7.698743 -33.632229 45.938362
-8.671495 -34.624775 47.035492
-9.497220 -35.556072 48.231735
-10.112908 -36.353905 49.551571
-10.464551 -36.989529 50.968845
-10.563248 -37.490074 52.440254
-10.448239 -37.896252 53.931602
-10.170604 -38.235287 55.429062
-9.779782 -38.521576 56.930084
-9.341323 -38.752861 58.443153
-8.906800 -38.922577 59.975555
-8.508276 -39.033810 61.529083
-8.175285 -39.086842 63.102638
-7.934843 -39.083645 64.689041
-7.814422 -39.018581 66.273735
-7.836679 -38.888542 67.837662
-8.026541 -38.682163 69.355476
-8.413534 -38.380379 70.788033
-9.017164 -37.960270 72.080704
-9.836112 -37.403309 73.163322
-10.839124 -36.739403 73.979927
-4.061398 -28.202345 41.775822
-5.085275 -28.840841 43.125732
-6.216338 -29.657492 44.258018
-7.358363 -30.598820 45.261593
-8.426902 -31.597786 46.257671
-9.342735 -32.567627 47.353184
-10.026326 -33.424088 48.592880
-10.404034 -34.129974 49.954098
-10.484560 -34.715199 51.378418
-10.319036 -35.212402 52.831604
-9.972850 -35.649265 54.296104
-9.506555 -36.037247 55.770771
-8.991168 -36.371265 57.265629
-8.481097 -36.642403 58.789825
-8.015844 -36.844456 60.346462
-7.621312 -36.980862 61.932186
-7.322983 -37.053703 63.538670
-7.136140 -37.064964 65.148468
-7.084091 -37.013321 66.741165
-7.191844 -36.896217 68.293419
-7.492279 -36.704384 69.771545
-8.012008 -36.422340 71.128342
-8.761079 -36.033825 72.303360
-9.728095 -35.532219 73.222054
-4.585320 -25.931011 42.512852
-5.730435 -26.653536 43.673592
-6.915459 -27.524038 44.660168
-8.047765 -28.480576 45.592407
-9.037410 -29.447832 46.598560
-9.784118 -30.340006 47.760048
-10.196128 -31.110722 49.062908
-10.276957 -31.779167 50.439972
-10.081496 -32.375221 51.847530
-9.688457 -32.911774 53.274071
-9.169271 -33.398804 54.718430
-8.601598 -33.829315 56.192909
-8.043577 -34.194347 57.708317
-7.537261 -34.486359 59.269421
-7.111163 -34.701500 60.872021
-6.787582 -34.845078 62.505524
-6.573391 -34.921585 64.148491
-6.482886 -34.936569 65.779068
-6.539723 -34.891201 67.371201
-6.779489 -34.785496 68.893982
-7.232878 -34.614105 70.305328
-7.918383 -34.367188 71.550171
-8.836743 -34.039436 72.555824
-5.198119 -23.666801 43.117317
-6.392327 -24.436836 44.133060
-7.559677 -25.317478 45.048523
-8.603275 -26.243565 45.997578
-9.411549 -27.145018 47.088482
-9.870354 -27.969528 48.334782
-9.972817 -28.717176 49.664474
-9.774779 -29.403440 51.028404
-9.359813 -30.037695 52.411510
-8.810115 -30.617153 53.821815
-8.211247 -31.136589 55.272671
-7.626976 -31.587263 56.777046
-7.103450 -31.961948 58.341347
-6.670942 -32.255768 59.962410
-6.349519 -32.468166 61.626678
-6.137785 -32.607471 63.308800
-6.043076 -32.681030 64.984215
-6.081582 -32.696468 66.627029
-6.288061 -32.658360 68.203857
-6.697290 -32.570583 69.675423
-7.333820 -32.432442 70.990982
-8.208697 -32.243351 72.079659
-5.809488 -21.359402 43.673386
-6.987364 -22.141918 44.618645
-8.066939 -23.002060 45.552483
-8.932418 -23.884346 46.596931
-9.454884 -24.744879 47.793278
-9.603374 -25.560154 49.081295
-9.429804 -26.326374 50.405666
-9.020947 -27.042830 51.750332
-8.464750 -27.707073 53.123619
-7.854790 -28.306658 54.548306
-7.262486 -28.835667 56.038517
-6.739457 -29.287174 57.602531
-6.319273 -29.656431 59.238098
-6.021678 -29.941633 60.931767
-5.835624 -30.145674 62.653236
-5.761727 -30.278851 64.375824
-5.809737 -30.350479 66.072189
-6.009643 -30.371264 67.711937
-6.396996 -30.349651 69.254082
-7.002748 -30.293549 70.650780
-7.846436 -30.210428 71.834412
-6.361742 -18.995579 44.264648
-7.461064 -19.772408 45.224895
-8.376104 -20.611811 46.254894
-8.972812 -21.479662 47.418789
-9.194359 -22.343536 48.674824
-9.072110 -23.175295 49.969429
-8.694645 -23.961998 51.282909
-8.154988 -24.696301 52.625668
-7.552493 -25.369827 54.021618
-6.965112 -25.971663 55.493576
-6.452257 -26.496733 57.051060
-6.052170 -26.939980 58.693081
-5.786728 -27.299110 60.406376
-5.640128 -27.574968 62.160313
-5.602288 -27.772257 63.924194
-5.677485 -27.903214 65.669983
-5.890792 -27.980530 67.367554
-6.275456 -28.018785 68.981476
-6.865324 -28.030008 70.463226
-7.688158 -28.029669 71.748505
-6.815741 -16.587555 44.962803
-7.769338 -17.365685 46.012615
-8.439814 -18.213802 47.168556
-8.751872 -19.098108 48.410645
-8.709045 -19.978222 49.689907
-8.387092 -20.822485 50.984676
-7.884812 -21.617033 52.305466
-7.306359 -22.352959 53.678535
-6.736129 -23.023659 55.128578
-6.239093 -23.619534 56.672909
-5.860878 -24.136183 58.311832
-5.626969 -24.570086 60.032753
-5.520958 -24.920269 61.805290
-5.528036 -25.189291 63.599323
-5.641066 -25.384418 65.383705
-5.880727 -25.521814 67.128441
-6.277094 -25.618313 68.800034
-6.863919 -25.691618 70.358238
-7.673704 -25.760447 71.739944
-7.139952 -14.171219 45.810486
-7.876393 -14.977938 46.985542
-8.282284 -15.855765 48.235218
-8.337451 -16.760595 49.519775
-8.096020 -17.648886 50.813290
-7.650308 -18.494078 52.125473
-7.111251 -19.284966 53.483986
-6.567792 -20.015482 54.916328
-6.091809 -20.680035 56.442211
-5.734187 -21.269049 58.069176
-5.527034 -21.778431 59.785931
-5.456183 -22.204453 61.563129
-5.505769 -22.547890 63.371204
-5.663013 -22.814266 65.179756
-5.937165 -23.015896 66.956345
-6.355090 -23.173416 68.668678
-6.949029 -23.306452 70.280281
-7.752744 -23.438168 71.739021
-7.307877 -11.790637 46.806999
-7.802331 -12.640419 48.086964
-7.960050 -13.547432 49.398193
-7.814839 -14.462163 50.713074
-7.445178 -15.348298 52.035339
-6.958961 -16.186821 53.392551
-6.451704 -16.971241 54.814857
-5.999800 -17.696705 56.325184
-5.661473 -18.357136 57.933868
-5.474702 -18.941870 59.636826
-5.431372 -19.445040 61.406540
-5.516697 -19.864626 63.214352
-5.715551 -20.204544 65.030174
-6.030250 -20.476036 66.821640
-6.476730 -20.696964 68.555450
-7.085269 -20.890644 70.197716
-7.889348 -21.081020 71.701965
-7.335002 -9.465484 47.900017
-7.591414 -10.356764 49.258720
-7.545468 -11.281608 50.616760
-7.262474 -12.196658 51.972385
-6.842251 -13.075857 53.347401
-6.378603 -13.908133 54.772869
-5.954260 -14.689169 56.275284
-5.632735 -15.413544 57.868767
-5.460571 -16.073435 59.552414
-5.436762 -16.654375 61.306091
-5.550667 -17.151773 63.102673
-5.786343 -17.566658 64.912537
-6.141686 -17.908882 66.702560
-6.624044 -18.196182 68.439217
-7.253629 -18.450138 70.089615
-8.063219 -18.697504 71.611320
-7.240499 -7.198421 49.039501
-7.290780 -8.119748 50.459869
-7.095775 -9.052807 51.870087
-6.748543 -9.964114 53.286106
-6.337148 -10.838507 54.734478
-5.943769 -11.669184 56.242985
-5.638646 -12.451872 57.830246
-5.475352 -13.179292 59.499775
-5.463679 -13.838110 61.234581
-5.599045 -14.414215 63.014103
-5.867050 -14.905602 64.809792
-6.262386 -15.319036 66.588005
-6.785164 -15.671385 68.313644
-7.445535 -15.985423 69.953911
-8.267541 -16.287209 71.469643
-7.059037 -4.983840 50.189758
-6.949228 -5.926153 51.673664
-6.675198 -6.862526 53.151936
-6.320644 -7.772522 54.647179
-5.963120 -8.647546 56.183159
-5.674521 -9.482375 57.780037
-5.516290 -10.271397 59.446903
-5.508693 -11.000442 61.170769
-5.657627 -11.655560 62.933769
-5.952785 -12.224088 64.712479
-6.387464 -12.709199 66.473640
-6.954853 -13.125038 68.180847
-7.655331 -13.495040 69.799690
-8.501773 -13.847707 71.291344
-6.825758 -2.821290 51.336567
-6.622786 -3.777940 52.896038
-6.325477 -4.719237 54.459557
-6.007221 -5.633445 56.048027
-5.736929 -6.515284 57.677891
-5.580643 -7.359446 59.360294
-5.570154 -8.152639 61.087334
-5.721846 -8.879228 62.844784
-6.036044 -9.524934 64.610931
-6.507187 -10.081236 66.355713
-7.122604 -10.558908 68.042427
-7.872228 -10.980639 69.635498
-8.757474 -11.376987 71.094849
-6.591943 -0.712611 52.473663
-6.350532 -1.684032 54.124115
-6.072374 -2.635412 55.786552
-5.822513 -3.560198 57.475357
-5.666296 -4.454588 59.198608
-5.645717 -5.305531 60.949394
-5.789188 -6.097603 62.718437
-6.108180 -6.813148 64.486427
-6.607507 -7.439425 66.223610
-7.270659 -7.975749 67.894081
-8.076982 -8.443697 69.462219
-9.014905 -8.875314 70.887848
-6.384056 1.336590 53.607021
-6.147770 0.347306 55.360294
-5.921755 -0.619525 57.127853
-5.767764 -1.560565 58.916859
-5.732227 -2.464559 60.716885
-5.856392 -3.315973 62.518906
-6.164609 -4.095890 64.307755
-6.673241 -4.785835 66.054787
-7.374484 -5.378705 67.721870
-8.238052 -5.887902 69.272987
-9.238735 -6.346797 70.669563
-6.219310 3.322846 54.742294
-6.021922 2.312263 56.602547
-5.875752 1.324958 58.473881
-5.827118 0.371354 60.345188
-5.923955 -0.535134 62.204399
-6.206439 -1.374179 64.035194
-6.704346 -2.123865 65.812241
-7.420609 -2.769376 67.495728
-8.330548 -3.317293 69.046013
-9.394562 -3.797592 70.424553
-6.108089 5.246934 55.877426
-5.976948 4.211410 57.840752
-5.922287 3.208499 59.795601
-5.992797 2.250086 61.730026
-6.238491 1.355356 63.624779
-6.707256 0.549533 65.452026
-7.415331 -0.146826 67.172775
-8.345662 -0.732872 68.743629
-9.461106 -1.231915 70.122665
-6.056431 7.113750 57.001865
-6.004447 6.059644 59.045078
-6.056546 5.049483 61.061932
-6.265380 4.101455 63.033932
-6.691473 3.241544 64.930389
-7.370708 2.495773 66.707283
-8.296645 1.871139 68.319557
-9.436119 1.350480 69.721123
-6.059052 8.942057 58.083946
-6.101779 7.877922 60.182526
-6.281461 6.876017 62.233433
-6.663384 5.962776 64.207321
-7.298830 5.167841 66.056274
-8.199298 4.504409 67.727020
-9.338158 3.960571 69.170692
-6.121299 10.750116 59.107883
-6.281242 9.690925 61.233082
-6.625996 8.721543 63.281784
-7.214521 7.875317 65.207069
-8.074024 7.171252 66.949409
-9.191911 6.602105 68.449837
-6.259398 12.556659 60.053673
-6.574392 11.524572 62.169605
-7.120345 10.620496 64.166229
-7.933750 9.871223 65.982307
-9.015879 9.275763 67.549858
-6.508347 14.378657 60.901093
-7.015050 13.404476 62.960068
-7.782919 12.599151 64.844322
-8.822513 11.972837 66.479591
-6.903295 16.229710 61.623547
-7.622329 15.347352 63.567379
-8.615666 14.677919 65.264679
-7.466687 18.109684 62.194389
-8.402046 17.366617 63.947556
-8.201366 20.017082 62.569839
-19.222218 -40.788422 74.118370
-19.463383 -39.318619 74.287514
-19.812447 -37.908169 74.383202
-20.286297 -36.607647 74.367104
-20.891127 -35.441978 74.196083
-21.620964 -34.420845 73.837982
-22.464825 -33.538925 73.297729
-23.418388 -32.780235 72.601196
-24.475523 -32.107922 71.789612
-25.633640 -31.469301 70.904510
-26.880270 -30.805321 69.992264
-28.209602 -30.069553 69.089203
-29.616980 -29.226562 68.226242
-31.095203 -28.251955 67.425293
-32.624516 -27.133173 66.687309
-34.164070 -25.874577 65.981598
-35.660877 -24.472488 65.265129
-37.053017 -22.926056 64.491730
-38.272522 -21.243660 63.616959
-39.293953 -19.471910 62.620193
-40.144264 -17.671638 61.498230
-40.896778 -15.903666 60.256214
-41.659843 -14.220920 58.907738
-42.555740 -12.666979 57.482048
-43.643982 -11.244884 56.035343
-44.923576 -9.935621 54.622486
-46.342125 -8.697945 53.284847
-47.815483 -7.483718 52.042072
-49.244228 -6.256591 50.881653
-50.546188 -5.010247 49.777946
-51.647419 -3.768579 48.716225
-51.782776 -1.742729 49.195915
-50.825005 -0.665312 50.708824
-49.629471 0.507720 52.157677
-48.223202 1.693694 53.519730
-46.630791 2.817826 54.799267
-44.893379 3.822860 56.009338
-43.066437 4.692415 57.156746
-41.200321 5.438201 58.231758
-39.339634 6.097034 59.212040
-37.519299 6.723015 60.057926
-35.754749 7.375719 60.742729
-34.051888 8.096498 61.244690
-32.414070 8.908751 61.552696
-30.844948 9.819208 61.669579
-29.346867 10.819775 61.624603
-27.914841 11.892093 61.485214
-26.550869 13.028891 61.326687
-25.268366 14.230226 61.228813
-24.101318 15.498122 61.264290
-23.069458 16.811932 61.455284
-22.155195 18.134789 61.782265
-21.305246 19.424473 62.206062
-20.442617 20.637703 62.675117
-19.480267 21.723778 63.124123
-18.370625 22.650200 63.490608
-17.103748 23.390102 63.725121
-15.704667 23.932426 63.796104
-14.220382 24.274994 63.681847
-12.716389 24.438511 63.376400
-11.260565 24.453049 62.877586
-9.933294 24.351496 62.189697
-18.196491 -39.447624 74.791100
-18.383348 -37.916538 74.902138
-18.697954 -36.513531 74.859436
-19.148485 -35.258175 74.627892
-19.745661 -34.170017 74.189453
-20.488491 -33.244064 73.573593
-21.363955 -32.451344 72.819672
-22.361231 -31.743088 71.978882
-23.473944 -31.055283 71.104088
-24.698141 -30.334982 70.244499
-26.030090 -29.542778 69.438629
-27.470722 -28.656109 68.717911
-29.019238 -27.666813 68.102234
-30.661034 -26.576775 67.580429
-32.344135 -25.380074 67.085419
-34.017349 -24.060097 66.571968
-35.616112 -22.599188 65.985306
-37.075665 -20.989710 65.280884
-38.333672 -19.251745 64.419403
-39.389198 -17.440790 63.400879
-40.291695 -15.620646 62.235825
-41.130230 -13.851819 60.940956
-42.019005 -12.185883 59.544353
-43.046585 -10.653978 58.096825
-44.245602 -9.247837 56.659622
-45.588440 -7.937346 55.283371
-47.002705 -6.676645 53.996643
-48.398651 -5.427022 52.790337
-49.695881 -4.171767 51.626724
-50.832863 -2.924293 50.455544
-17.060427 -38.247658 75.257858
-17.200806 -36.700668 75.222069
-17.493355 -35.326355 74.962814
-17.954912 -34.137577 74.478806
-18.591169 -33.127682 73.816666
-19.388828 -32.260513 73.032166
-20.327038 -31.474228 72.184776
-21.399359 -30.696230 71.338745
-22.602808 -29.876503 70.552628
-23.942842 -28.996845 69.860298
-25.420973 -28.046307 69.290581
-27.035770 -27.030334 68.852470
-28.769268 -25.955582 68.520676
-30.569923 -24.809538 68.219505
-32.380035 -23.558125 67.881386
-34.139385 -22.172340 67.455078
-35.779026 -20.629055 66.888657
-37.238544 -18.937218 66.147034
-38.483208 -17.134062 65.217064
-39.536781 -15.281576 64.112053
-40.468105 -13.443828 62.852753
-41.377750 -11.678530 61.467476
-42.360203 -10.024180 60.009247
-43.480350 -8.500664 58.539097
-44.737484 -7.086931 57.115383
-46.079018 -5.745930 55.776791
-47.422844 -4.438617 54.520035
-48.696522 -3.146253 53.303143
-49.839661 -1.873475 52.061329
-15.823352 -37.171497 75.419388
-15.950097 -35.657124 75.175079
-16.273006 -34.338470 74.692215
-16.797543 -33.202450 74.028633
-17.511559 -32.211918 73.250412
-18.391874 -31.305103 72.426048
-19.428600 -30.400736 71.633987
-20.619656 -29.459436 70.935745
-21.971872 -28.471941 70.372093
-23.486156 -27.449900 69.950569
-25.154909 -26.400459 69.670723
-26.953451 -25.325674 69.494606
-28.831261 -24.205624 69.346512
-30.736517 -23.002039 69.157318
-32.606323 -21.671850 68.860786
-34.372299 -20.182343 68.404694
-35.970699 -18.532438 67.752205
-37.365269 -16.750523 66.893166
-38.550446 -14.885318 65.832825
-39.573154 -13.000454 64.594452
-40.517963 -11.156740 63.208122
-41.480698 -9.398203 61.730915
-42.533012 -7.750401 60.223469
-43.708099 -6.220652 58.751053
-44.973709 -4.779703 57.361931
-46.261436 -3.394835 56.062668
-47.501347 -2.045143 54.811417
-48.635921 -0.733342 53.537674
-14.537107 -36.220089 75.231323
-14.715825 -34.755093 74.800812
-15.124525 -33.463459 74.187172
-15.751026 -32.307755 73.463501
-16.573009 -31.234236 72.704361
-17.581581 -30.174316 71.997253
-18.767883 -29.095938 71.406754
-20.133797 -28.000130 70.967194
-21.675188 -26.900160 70.684868
-23.378107 -25.807869 70.535881
-25.212906 -24.714422 70.480560
-27.130823 -23.594667 70.445923
-29.083673 -22.408939 70.364265
-31.015047 -21.112537 70.167931
-32.853889 -19.661465 69.790802
-34.536377 -18.048609 69.198326
-36.021938 -16.294542 68.380241
-37.299667 -14.439716 67.344109
-38.394348 -12.536674 66.111649
-39.373108 -10.646264 64.715126
-40.329300 -8.813256 63.216305
-41.337276 -7.066903 61.677029
-42.440639 -5.420100 60.164146
-43.639114 -3.871310 58.737270
-44.876732 -2.393251 57.412960
-46.089241 -0.969232 56.152725
-47.218529 0.402090 54.884571
-13.290449 -35.340458 74.758682
-13.579546 -33.876865 74.251823
-14.118931 -32.531097 73.637306
-14.887189 -31.259476 72.995621
-15.875259 -30.017204 72.417107
-17.062700 -28.795254 71.954468
-18.438910 -27.590622 71.638435
-19.992065 -26.411274 71.468040
-21.704010 -25.259418 71.422523
-23.545597 -24.125645 71.452827
-25.469803 -22.980839 71.494270
-27.430645 -21.785933 71.480499
-29.375000 -20.497498 71.343513
-31.235630 -19.071632 71.012138
-32.949898 -17.493193 70.445755
-34.475098 -15.777520 69.637054
-35.795887 -13.957384 68.596329
-36.930321 -12.076712 67.349762
-37.930294 -10.183167 65.934387
-38.882420 -8.317145 64.415970
-39.860180 -6.507230 62.857334
-40.914112 -4.769331 61.326542
-42.057384 -3.108076 59.888844
-43.258663 -1.523898 58.569016
-44.457260 -0.004915 57.333042
-45.596413 1.448376 56.107327
-12.162645 -34.392296 74.161125
-12.614620 -32.846397 73.715355
-13.334843 -31.366709 73.244568
-14.308519 -29.932796 72.838959
-15.497014 -28.557827 72.532028
-16.875229 -27.240713 72.340157
-18.424170 -25.973114 72.266991
-20.123852 -24.748079 72.293510
-21.944254 -23.549572 72.379326
-23.845755 -22.356009 72.461739
-25.782532 -21.129059 72.479431
-27.703516 -19.828615 72.364273
-29.542782 -18.415033 72.040581
-31.243313 -16.875481 71.467003
-32.766167 -15.215147 70.637680
-34.092930 -13.459607 69.567558
-35.237835 -11.641337 68.289436
-36.244755 -9.795992 66.847923
-37.191986 -7.943066 65.315262
-38.148193 -6.107421 63.754036
-39.166889 -4.305157 62.231892
-40.272427 -2.545962 60.817661
-41.447205 -0.840674 59.542362
-42.645340 0.792449 58.369072
-43.810020 2.352073 57.225044
-11.227318 -33.227425 73.615341
-11.894272 -31.541170 73.368225
-12.851864 -29.916262 73.176033
-14.038452 -28.380945 73.055840
-15.411687 -26.937630 73.007576
-16.945799 -25.570822 73.030441
-18.618971 -24.259190 73.116646
-20.402649 -22.982214 73.232361
-22.257708 -21.717793 73.327278
-24.147457 -20.440113 73.345306
-26.020208 -19.112400 73.220932
-27.811445 -17.702337 72.875618
-29.468184 -16.202194 72.268799
-30.957262 -14.615874 71.397148
-32.265411 -12.950579 70.283005
-33.402344 -11.227630 68.964401
-34.406456 -9.465652 67.494514
-35.347477 -7.667971 65.951416
-36.287994 -5.841041 64.400467
-37.281048 -4.000677 62.907883
-38.358768 -2.160149 61.544865
-39.516815 -0.342427 60.345131
-40.720657 1.420930 59.275108
-41.920460 3.102293 58.246796
-10.547079 -31.764360 73.270187
-11.472574 -29.950825 73.335030
-12.650076 -28.250198 73.436501
-14.015402 -26.668560 73.563248
-15.529706 -25.187435 73.703247
-17.169930 -23.779161 73.851479
-18.907864 -22.413851 73.988205
-20.708496 -21.070168 74.076218
-22.533363 -19.725719 74.068474
-24.342306 -18.359232 73.909523
-26.070393 -16.945898 73.521461
-27.668886 -15.482803 72.866608
-29.108189 -13.973405 71.943962
-30.379311 -12.417420 70.779419
-31.495600 -10.809017 69.419479
-32.488693 -9.152044 67.922676
-33.421795 -7.432263 66.371353
-34.349670 -5.643786 64.837166
-35.324142 -3.789571 63.387268
-36.382263 -1.887320 62.093933
-37.530472 0.027972 60.992012
-38.744625 1.909775 60.046223
-39.984722 3.722288 59.169640
-10.152308 -30.023693 73.212364
-11.298220 -28.152433 73.576057
-12.649016 -26.422100 73.916100
-14.144984 -24.814470 74.211006
-15.752234 -23.298157 74.447174
-17.444275 -21.840033 74.613022
-19.188068 -20.413338 74.690834
-20.948988 -18.999763 74.647346
-22.685234 -17.585321 74.436348
-24.345510 -16.161682 73.994148
-25.882273 -14.728237 73.287003
-27.268539 -13.286569 72.315781
-28.496675 -11.831092 71.107399
-29.581482 -10.343741 69.711121
-30.555946 -8.797464 68.192139
-31.476385 -7.166605 66.635025
-32.393425 -5.431880 65.116547
-33.354336 -3.586649 63.712566
-34.400337 -1.644117 62.496765
-35.545433 0.347706 61.502304
-36.773556 2.329248 60.691113
-38.052345 4.254803 59.971828
-9.978089 -28.076586 73.366699
-11.287381 -26.188190 73.961449
-12.759087 -24.444126 74.455688
-14.338910 -22.812046 74.825928
-15.990832 -21.256439 75.054367
-17.684668 -19.749199 75.138268
-19.387688 -18.269421 75.065796
-21.062653 -16.808050 74.807617
-22.658760 -15.365118 74.312225
-24.140923 -13.946987 73.560448
-25.480595 -12.552414 72.553070
-26.669575 -11.171327 71.315872
-27.721313 -9.779236 69.897400
-28.668655 -8.336172 68.365036
-29.570305 -6.791445 66.806519
-30.473690 -5.116709 65.303291
-31.425064 -3.296227 63.937309
-32.464962 -1.338109 62.793228
-33.612724 0.704800 61.901516
-34.857109 2.761028 61.218987
-36.171452 4.777396 60.650440
-9.951673 -25.991423 73.617996
-11.368521 -24.100143 74.355774
-12.914875 -22.343699 74.914024
-14.535817 -20.685881 75.264748
-16.191792 -19.096241 75.402245
-17.851711 -17.553007 75.332710
-19.480274 -16.044127 75.050781
-21.032784 -14.572107 74.524872
-22.473339 -13.145162 73.745972
-23.779875 -11.765369 72.720940
-24.940041 -10.421123 71.473259
-25.964567 -9.085238 70.049316
-26.884315 -7.712556 68.516434
-27.759350 -6.244995 66.962082
-28.643513 -4.632728 65.470993
-29.582630 -2.851971 64.131134
-30.617880 -0.904597 63.032867
-31.767645 1.158712 62.215946
-33.023739 3.263072 61.634590
-34.363152 5.347173 61.190369
-10.016495 -23.811911 73.857857
-11.495522 -21.921160 74.650642
-13.077885 -20.152851 75.186073
-14.706560 -18.474625 75.448624
-16.339975 -16.863033 75.442345
-17.942238 -15.303010 75.180931
-19.471853 -13.791065 74.659836
-20.895271 -12.332552 73.884415
-22.187689 -10.930817 72.867722
-23.336344 -9.581268 71.631927
-24.346788 -8.257812 70.222198
-25.246490 -6.915325 68.704369
-26.094425 -5.496874 67.163025
-26.949516 -3.945217 65.682716
-27.867287 -2.216825 64.353607
-28.889282 -0.304314 63.270672
-30.033453 1.749428 62.479877
-31.289682 3.874216 61.949509
-32.638268 6.004381 61.585163
-10.134728 -21.570444 74.007050
-11.642791 -19.682146 74.776115
-13.234873 -17.904999 75.231697
-14.852441 -16.214109 75.367989
-16.448084 -14.591323 75.196648
-17.977983 -13.027080 74.731812
-19.407932 -11.518073 74.000504
-20.712036 -10.066430 73.024712
-21.873386 -8.669665 71.831779
-22.890425 -7.315462 70.459915
-23.785366 -5.962452 68.975380
-24.613571 -4.559361 67.458328
-25.435734 -3.049344 65.989609
-26.315081 -1.380654 64.655785
-27.305721 0.477376 63.553547
-28.426306 2.496689 62.737080
-29.666401 4.615901 62.191257
-31.003262 6.770615 61.840038
-10.286164 -19.288494 74.021034
-11.805493 -17.402679 74.719803
-13.396274 -15.619651 75.068474
-14.995255 -13.918617 75.069359
-16.546743 -12.284852 74.734596
-18.007723 -10.709235 74.101318
-19.348902 -9.187463 73.209343
-20.549511 -7.718709 72.091774
-21.601501 -6.294797 70.790695
-22.514278 -4.894257 69.360649
-23.337465 -3.472470 67.880569
-24.130470 -1.977083 66.426109
-24.959991 -0.355269 65.076370
-25.890451 1.436975 63.919701
-26.959814 3.402985 63.024017
-28.159130 5.495595 62.394783
-29.463524 7.653146 61.979683
-10.468285 -16.971416 73.905457
-11.996364 -15.086664 74.515739
-13.585543 -13.294152 74.755997
-15.165961 -11.575243 74.630539
-16.678602 -9.916663 74.168564
-18.080406 -8.312105 73.413254
-19.345379 -6.756756 72.413002
-20.458290 -5.246904 71.211876
-21.418432 -3.767269 69.864891
-22.258345 -2.295527 68.435341
-23.033943 -0.784239 66.998337
-23.812319 0.816567 65.625893
-24.663446 2.555804 64.394386
-25.643465 4.457469 63.369934
-26.769594 6.505861 62.592697
-28.015141 8.646795 62.037521
-10.687513 -14.619819 73.694473
-12.228344 -12.728444 74.217110
-13.818417 -10.915283 74.358643
-15.382677 -9.163796 74.137436
-16.860123 -7.466104 73.585152
-18.207577 -5.818684 72.747971
-19.402948 -4.215270 71.682541
-20.434935 -2.646425 70.441269
-21.322304 -1.095705 69.085197
-22.103767 0.462609 67.675095
-22.844637 2.074807 66.282516
-23.616491 3.788809 64.973801
-24.487255 5.637566 63.807472
-25.499643 7.628123 62.832741
-26.655478 9.732635 62.075176
-10.949813 -12.225763 73.424538
-12.506778 -10.315541 73.868393
-14.096075 -8.467499 73.935257
-15.641149 -6.672021 73.645576
-17.080616 -4.926103 73.031273
-18.372618 -3.226976 72.141579
-19.497122 -1.563275 71.037476
-20.458826 0.075855 69.775948
-21.281345 1.710810 68.414490
-22.012831 3.366758 67.013252
-22.724058 5.088870 65.636353
-23.489300 6.911222 64.336967
-24.368475 8.851318 63.162544
-25.392605 10.903358 62.154129
-11.250285 -9.782289 73.125504
-12.816557 -7.839798 73.506920
-14.395061 -5.947308 73.516212
-15.910431 -4.101265 73.174210
-17.303305 -2.301110 72.513374
-18.532549 -0.540442 71.582756
-19.591328 1.193319 70.446854
-20.487793 2.915097 69.159340
-21.252672 4.645022 67.775146
-21.939653 6.407701 66.350197
-22.625233 8.235929 64.939117
-23.379494 10.149620 63.588326
-24.253481 12.153947 62.339073
-11.559902 -7.285370 72.820168
-13.119382 -5.302930 73.146164
-14.670137 -3.360894 73.102119
-16.140985 -1.459232 72.710037
-17.475384 0.404554 72.000832
-18.644035 2.236369 71.026352
-19.641562 4.052442 69.846504
-20.480986 5.867362 68.512581
-21.196489 7.700871 67.073685
-21.848154 9.566605 65.582573
-22.510626 11.484888 64.089836
-23.247166 13.464650 62.636971
-11.833228 -4.744520 72.505272
-13.365143 -2.718332 72.769875
-14.869976 -0.722663 72.663658
-16.281811 1.243284 72.208641
-17.558189 3.179899 71.441444
-18.670420 5.095161 70.408569
-19.616018 7.004476 69.166122
-20.409679 8.921726 67.759125
-21.090355 10.856161 66.234962
-21.716522 12.810722 64.646431
-22.357285 14.796896 63.039448
-12.028002 -2.170808 72.159698
-13.514056 -0.097864 72.346916
-14.958858 1.958474 72.158142
-16.312445 3.996407 71.627068
-17.534883 6.017355 70.786285
-18.599966 8.027166 69.678612
-19.505764 10.039891 68.352135
-20.270031 12.058566 66.851410
-20.929451 14.082485 65.223824
-21.536726 16.107218 63.518856
-12.116310 0.427794 71.750443
-13.544304 2.552762 71.834976
-14.931329 4.675726 71.549881
-16.231361 6.795202 70.927238
-17.408543 8.910684 69.998672
-18.437634 11.025712 68.799103
-19.318848 13.142641 67.375595
-20.067131 15.253894 65.772156
-20.713856 17.352156 64.032677
-12.090030 3.049634 71.233604
-13.463445 5.231317 71.203224
-14.798183 7.428087 70.808289
-16.052929 9.637314 70.082993
-17.193882 11.857163 69.053574
-18.198851 14.078989 67.754921
-19.065804 16.293015 66.231888
-19.805099 18.484299 64.524132
-11.966948 5.697934 70.579506
-13.291212 7.940346 70.424690
-14.581017 10.216110 69.913574
-15.796940 12.522671 69.077332
-16.908895 14.847794 67.944801
-17.894714 17.169579 66.548851
-18.749611 19.469486 64.929169
-11.775840 8.377445 69.768845
-13.056122 10.683980 69.491081
-14.304892 13.044503 68.862747
-15.485305 15.448703 67.919022
-16.568329 17.871897 66.688248
-17.532099 20.281902 65.199265
-11.539127 11.088626 68.798424
-12.776484 13.461505 68.403862
-13.984056 15.906235 67.667282
-15.124779 18.401085 66.623505
-16.170897 20.910215 65.299423
-11.270436 13.823374 67.677681
-12.462196 16.259888 67.181168
-13.621057 18.782642 66.345749
-14.709249 21.356544 65.206543
-10.977266 16.558548 66.431389
-12.113979 19.051054 65.844711
-13.205903 21.641409 64.912720
-10.662262 19.257631 65.091118
-11.722443 21.797535 64.411224
-10.322061 21.875761 63.679409
-20.085407 -42.461681 73.361954
-21.289589 -42.834770 72.708450
-22.621643 -43.284683 72.016632
-24.057026 -43.796089 71.307358
-25.571373 -44.354565 70.579468
-27.129795 -44.942009 69.816833
-28.693409 -45.539146 68.999359
-30.225956 -46.128395 68.105286
-31.691624 -46.692345 67.114586
-33.047310 -47.210457 66.003120
-34.262569 -47.667160 64.767075
-35.312363 -48.047966 63.409977
-36.182941 -48.340927 61.946667
-36.876579 -48.538418 60.402397
-37.422176 -48.642845 58.812141
-37.881073 -48.675270 57.213646
-38.317635 -48.660141 55.639801
-38.800739 -48.627556 54.125622
-39.404900 -48.613461 52.721371
-40.180939 -48.652130 51.487183
-41.142372 -48.762794 50.494751
-42.261215 -48.942631 49.815884
-43.472649 -49.166492 49.488239
-44.705101 -49.404270 49.487782
-45.920609 -49.643784 49.699589
-47.114590 -49.891022 50.011452
-48.297058 -50.159565 50.304466
-49.478241 -50.463867 50.448441
-50.650024 -50.803570 50.328339
-51.776699 -51.157066 49.891327
-52.803753 -51.491894 49.153660
-52.422966 -4.071308 46.767723
-52.138039 -5.526419 45.609985
-51.700279 -6.878036 44.396996
-51.249893 -8.144931 43.245384
-50.954979 -9.395407 42.289173
-50.998920 -10.681347 41.709843
-51.459839 -11.888285 41.668465
-52.237514 -12.823699 42.151901
-53.168644 -13.487725 42.973309
-54.150654 -14.040574 43.943756
-55.111458 -14.679005 44.890766
-55.977306 -15.553936 45.675961
-56.643627 -16.740871 46.184193
-57.002655 -18.189417 46.357765
-57.043633 -19.763903 46.235432
-56.873142 -21.380733 45.920853
-56.594788 -23.024994 45.504326
-56.299461 -24.707043 45.081367
-56.058464 -26.445019 44.766273
-55.900383 -28.238352 44.663036
-55.810566 -30.067629 44.823212
-55.752613 -31.915773 45.235054
-55.686501 -33.787109 45.832802
-55.578838 -35.709084 46.523651
-55.416687 -37.700485 47.214943
-55.199333 -39.763222 47.841282
-54.937149 -41.880661 48.352680
-54.648609 -44.020725 48.704464
-54.358292 -46.138588 48.869843
-54.086327 -48.187508 48.839951
-53.847332 -50.106857 48.616554
-20.429976 -40.972282 73.499634
-21.739920 -41.332794 72.804359
-23.148184 -41.800621 72.067932
-24.642033 -42.344372 71.301834
-26.199572 -42.938084 70.504379
-27.790445 -43.553856 69.667564
-29.382135 -44.168571 68.775200
-30.941715 -44.760761 67.810631
-32.435863 -45.308678 66.754662
-33.819969 -45.793541 65.591759
-35.062706 -46.203735 64.315994
-36.138184 -46.529228 62.931019
-37.033142 -46.762222 61.452633
-37.752293 -46.900200 59.908112
-38.327145 -46.954407 58.330536
-38.822868 -46.944229 56.756100
-39.306316 -46.894604 55.216545
-39.850349 -46.834496 53.749561
-40.523472 -46.801479 52.402100
-41.368755 -46.826710 51.235725
-42.389282 -46.925938 50.322834
-43.545422 -47.093674 49.728306
-44.766712 -47.305153 49.474846
-45.990952 -47.537205 49.515327
-47.191200 -47.779812 49.737045
-48.368176 -48.040947 50.027298
-49.532043 -48.337662 50.263348
-50.690113 -48.688438 50.316895
-51.826298 -49.096859 50.083652
-52.897339 -49.558937 49.516212
-20.816530 -39.522591 73.642014
-22.246805 -39.908836 72.923813
-23.752569 -40.413063 72.157280
-25.321220 -40.993950 71.349464
-26.932678 -41.615959 70.499405
-28.564524 -42.248367 69.600060
-30.190062 -42.864643 68.640465
-31.779934 -43.438683 67.603882
-33.299816 -43.949520 66.480026
-34.705402 -44.381721 65.255173
-35.965034 -44.727280 63.925858
-37.053158 -44.979900 62.498024
-37.958710 -45.137165 60.990932
-38.691544 -45.208897 59.434219
-39.288834 -45.207485 57.860435
-39.818092 -45.153118 56.302521
-40.350353 -45.070225 54.793106
-40.955231 -44.990627 53.366119
-41.697372 -44.949181 52.070702
-42.611343 -44.972630 50.970833
-43.687908 -45.072113 50.137245
-44.876030 -45.238220 49.625652
-46.105202 -45.447987 49.430119
-47.324150 -45.682533 49.495541
-48.515617 -45.937073 49.706043
-49.683819 -46.225334 49.943466
-50.839245 -46.571621 50.083179
-51.981258 -47.000858 50.002335
-53.081238 -47.530121 49.601562
-21.310053 -38.168736 73.743805
-22.870478 -38.603378 73.031296
-24.484291 -39.151871 72.261185
-26.135811 -39.765980 71.436562
-27.811012 -40.407589 70.553955
-29.491774 -41.042522 69.607613
-31.157269 -41.639656 68.587326
-32.776855 -42.173042 67.483536
-34.317421 -42.624332 66.287231
-35.734505 -42.982300 64.989746
-36.996845 -43.242115 63.592354
-38.080288 -43.402550 62.106495
-38.980717 -43.475647 60.558662
-39.714245 -43.473156 58.978386
-40.324223 -43.411804 57.398064
-40.881237 -43.310898 55.848236
-41.456375 -43.199947 54.358650
-42.116970 -43.108910 52.962837
-42.923862 -43.069771 51.713810
-43.900974 -43.103935 50.677120
-45.026016 -43.216499 49.921364
-46.237915 -43.391891 49.476376
-47.473816 -43.608643 49.322853
-48.691566 -43.854317 49.392807
-49.881115 -44.133076 49.563488
-51.048790 -44.468361 49.712959
-52.198986 -44.892452 49.720856
-53.316700 -45.440262 49.467506
-21.934633 -36.939102 73.767738
-23.630125 -37.430359 73.093056
-25.354866 -38.021442 72.347252
-27.098003 -38.664108 71.530495
-28.846149 -39.315895 70.636070
-30.585819 -39.936996 69.656670
-32.293880 -40.494888 68.586456
-33.942204 -40.965828 67.418030
-35.497471 -41.334839 66.146286
-36.914459 -41.594967 64.767746
-38.163002 -41.746830 63.291782
-39.226700 -41.805687 61.741798
-40.107536 -41.785263 60.145016
-40.829117 -41.702721 58.532608
-41.440929 -41.576378 56.936501
-42.016548 -41.432426 55.384575
-42.626129 -41.299324 53.904579
-43.334541 -41.205521 52.530937
-44.197704 -41.180553 51.321007
-45.228195 -41.239918 50.343063
-46.388058 -41.376312 49.648781
-47.617416 -41.570107 49.253868
-48.859650 -41.802216 49.121277
-50.080189 -42.069923 49.168842
-51.273506 -42.389702 49.267773
-52.441803 -42.794846 49.299782
-53.577328 -43.326229 49.147202
-22.686516 -35.839794 73.670166
-24.512241 -36.380386 73.061584
-26.352762 -37.008240 72.367790
-28.195509 -37.671856 71.583183
-30.029278 -38.321957 70.696846
-31.833042 -38.913002 69.698578
-33.587471 -39.413479 68.586884
-35.264034 -39.801964 67.357895
-36.828087 -40.066692 66.010780
-38.232918 -40.207161 64.549210
-39.456032 -40.242859 62.997860
-40.487362 -40.191242 61.383026
-41.336761 -40.071903 59.735325
-42.034374 -39.903675 58.086121
-42.638798 -39.715828 56.468063
-43.223717 -39.533741 54.905407
-43.858093 -39.385433 53.425190
-44.603859 -39.299103 52.063473
-45.511520 -39.302872 50.883522
-46.578594 -39.398304 49.947166
-47.762253 -39.568310 49.296471
-49.003483 -39.788818 48.929356
-50.251511 -40.045830 48.790756
-51.477440 -40.348850 48.785599
-52.674290 -40.727074 48.786983
-53.834824 -41.223694 48.678368
-23.543411 -34.862152 73.403877
-25.492151 -35.434063 72.884727
-27.448055 -36.082329 72.266449
-29.399651 -36.750633 71.537674
-31.322565 -37.381393 70.675102
-33.196297 -37.925522 69.670242
-35.000713 -38.351280 68.526299
-36.705002 -38.638809 67.243370
-38.271492 -38.781536 65.827103
-39.657051 -38.798866 64.294785
-40.846317 -38.713890 62.677124
-41.837315 -38.550785 61.005539
-42.646271 -38.330662 59.311714
-43.315121 -38.084740 57.628899
-43.906635 -37.843410 55.986813
-44.493999 -37.631599 54.407593
-45.144779 -37.478485 52.918488
-45.917381 -37.413830 51.558338
-46.853203 -37.456974 50.391777
-47.942837 -37.597950 49.478359
-49.139858 -37.809128 48.847713
-50.387352 -38.064476 48.480148
-51.639671 -38.356331 48.304192
-52.868999 -38.707882 48.220745
-54.061867 -39.161003 48.103088
-24.493212 -33.998840 72.958168
-26.549891 -34.574986 72.535980
-28.617680 -35.214264 72.009476
-30.671139 -35.857651 71.346878
-32.684021 -36.444153 70.520782
-34.629951 -36.919750 69.520988
-36.485146 -37.250759 68.355362
-38.213531 -37.420292 67.029381
-39.777668 -37.440510 65.560982
-41.138306 -37.334641 63.973263
-42.288971 -37.133450 62.304913
-43.234085 -36.862984 60.590019
-44.003284 -36.557434 58.862759
-44.644230 -36.248833 57.152733
-45.222214 -35.968235 55.487419
-45.809814 -35.741810 53.888176
-46.472084 -35.601326 52.382927
-47.261040 -35.571022 51.012264
-48.212795 -35.662899 49.843651
-49.313026 -35.855309 48.932014
-50.514244 -36.113342 48.293793
-51.762901 -36.409363 47.893250
-53.015686 -36.745384 47.652336
-54.241173 -37.159126 47.467342
-25.530210 -33.239998 72.340279
-27.678247 -33.790768 72.008896
-29.836811 -34.384743 71.565384
-31.980322 -34.965637 70.972244
-34.077309 -35.473278 70.193359
-36.093090 -35.850647 69.213097
-37.995419 -36.063187 68.042107
-39.742786 -36.110859 66.692947
-41.300343 -36.008377 65.192131
-42.632835 -35.785946 63.569286
-43.741215 -35.476437 61.869701
-44.644138 -35.119423 60.130329
-45.378845 -34.749725 58.382175
-45.996658 -34.399406 56.651672
-46.564606 -34.100876 54.964470
-47.153553 -33.883045 53.341537
-47.824066 -33.772938 51.812767
-48.622097 -33.789043 50.420181
-49.579750 -33.935646 49.232430
-50.680435 -34.183361 48.297798
-51.878571 -34.489529 47.621201
-53.123154 -34.830853 47.159386
-54.369049 -35.221100 46.828606
-26.652544 -32.559879 71.579872
-28.866066 -33.064823 71.307327
-31.093010 -33.581299 70.926956
-33.306950 -34.058876 70.395645
-35.473167 -34.443153 69.670296
-37.547585 -34.683247 68.726311
-39.486851 -34.762493 67.570389
-41.247551 -34.681297 66.221222
-42.795082 -34.459557 64.711876
-44.096691 -34.128586 63.077976
-45.167618 -33.734024 61.369499
-46.036289 -33.315697 59.621967
-46.745281 -32.908150 57.863686
-47.348896 -32.544090 56.118183
-47.914040 -32.257984 54.409035
-48.508125 -32.072906 52.758850
-49.185219 -32.010349 51.199135
-49.986839 -32.082176 49.773041
-50.942055 -32.287319 48.546822
-52.035702 -32.587570 47.563454
-53.224995 -32.940918 46.822235
-54.458138 -33.333065 46.274082
-27.854143 -31.917698 70.702881
-30.110903 -32.370880 70.450531
-32.381340 -32.789394 70.101273
-34.638878 -33.126804 69.611435
-36.846718 -33.339764 68.935867
-38.955025 -33.411781 68.038116
-40.916088 -33.333557 66.920761
-42.681953 -33.114059 65.599815
-44.215389 -32.773373 64.111824
-45.490818 -32.354858 62.492855
-46.533978 -31.901354 60.795509
-47.380318 -31.451248 59.054245
-48.077026 -31.039013 57.294689
-48.679737 -30.698702 55.537354
-49.252239 -30.455597 53.805428
-49.855415 -30.326910 52.123962
-50.538399 -30.326723 50.526096
-51.338917 -30.461590 49.053505
-52.285904 -30.721212 47.770741
-53.367249 -31.067934 46.717838
-54.540623 -31.468010 45.889648
-29.125639 -31.255825 69.758514
-31.406063 -31.655800 69.488586
-33.697330 -31.963198 69.136749
-35.969650 -32.134075 68.661591
-38.185822 -32.156490 68.017975
-40.297607 -32.033421 67.167267
-42.256073 -31.777054 66.102997
-44.010944 -31.405302 64.836960
-45.528008 -30.957668 63.395844
-46.785049 -30.474270 61.812248
-47.813484 -29.990913 60.141022
-48.654083 -29.543783 58.415329
-49.356747 -29.168045 56.658508
-49.973953 -28.885252 54.888641
-50.562447 -28.712299 53.131447
-51.178074 -28.658216 51.414684
-51.865685 -28.731026 49.771099
-52.661560 -28.926010 48.242180
-53.596882 -29.232014 46.890999
-54.660782 -29.620501 45.753620
-30.458103 -30.524536 68.781151
-32.740208 -30.868965 68.454094
-35.026390 -31.054695 68.064171
-37.284794 -31.057745 67.574539
-39.476933 -30.879061 66.943298
-41.558277 -30.547970 66.131721
-43.481888 -30.094944 65.129478
-45.208565 -29.574764 63.933384
-46.708462 -29.034019 62.557499
-47.958355 -28.510567 61.025261
-48.990177 -28.031193 59.390511
-49.847210 -27.630020 57.685539
-50.575172 -27.325386 55.929905
-51.219601 -27.128601 54.145489
-51.830616 -27.044882 52.360439
-52.460152 -27.076971 50.604012
-53.150272 -27.219309 48.910038
-53.939297 -27.464952 47.319878
-54.859528 -27.810539 45.892883
-31.839645 -29.681694 67.797028
-34.093922 -29.965679 67.368935
-36.348202 -30.034439 66.908234
-38.563194 -29.872213 66.376015
-40.698730 -29.496082 65.734894
-42.710854 -28.951803 64.949844
-44.571247 -28.314209 64.003716
-46.254948 -27.657866 62.881065
-47.738396 -27.040709 61.580936
-48.996807 -26.505253 60.110912
-50.056908 -26.070740 58.519981
-50.953053 -25.748920 56.833820
-51.723015 -25.543385 55.078068
-52.404663 -25.450596 53.277641
-53.042595 -25.466438 51.462978
-53.685295 -25.578201 49.666069
-54.376488 -25.777336 47.921722
-55.156754 -26.064281 46.269646
-33.250546 -28.691866 66.823364
-35.444164 -28.915232 66.257248
-37.633766 -28.874479 65.689980
-39.772968 -28.560537 65.085205
-41.813709 -27.998487 64.408646
-43.728565 -27.272596 63.629288
-45.505505 -26.479969 62.722286
-47.135025 -25.711176 61.663479
-48.605068 -25.040401 60.437862
-49.892570 -24.523746 59.036343
-51.004948 -24.161112 57.487637
-51.961075 -23.942038 55.821690
-52.787468 -23.849802 54.067047
-53.514900 -23.867384 52.252392
-54.181168 -23.970974 50.411137
-54.836807 -24.144333 48.578369
-55.528858 -24.386568 46.788788
-34.670319 -27.533581 65.883560
-36.757736 -27.693233 65.138794
-38.841606 -27.556482 64.427292
-40.862736 -27.111519 63.714619
-42.782764 -26.408907 62.976902
-44.584908 -25.552696 62.177719
-46.270081 -24.654980 61.283405
-47.844353 -23.818096 60.263378
-49.309090 -23.129013 59.096016
-50.640511 -22.648663 57.751022
-51.823490 -22.365828 56.246429
-52.856613 -22.250214 54.606575
-53.753174 -22.266752 52.861229
-54.531517 -22.373144 51.041130
-55.228348 -22.538300 49.183399
-55.899529 -22.752808 47.326096
-36.054131 -26.210453 64.958015
-37.986198 -26.300508 64.008316
-39.912006 -26.081161 63.117027
-41.786522 -25.548973 62.273415
-43.574314 -24.763788 61.452171
-45.264725 -23.841272 60.608650
-46.869854 -22.904785 59.699005
-48.406567 -22.062485 58.688152
-49.881714 -21.394554 57.547134
-51.264965 -20.958500 56.244041
-52.525612 -20.741859 54.782215
-53.645508 -20.704880 53.178322
-54.617142 -20.790821 51.455585
-55.449757 -20.946903 49.644695
-56.181618 -21.144472 47.785984
-37.350460 -24.727974 64.020126
-39.066807 -24.748684 62.843781
-40.799400 -24.479969 61.758728
-42.513023 -23.916401 60.764694
-44.172928 -23.117458 59.836594
-45.771832 -22.203796 58.922108
-47.326984 -21.305893 57.966457
-48.857353 -20.514311 56.934372
-50.357304 -19.896389 55.795448
-51.793278 -19.500483 54.518990
-53.129360 -19.316391 53.099949
-54.331234 -19.300690 51.541626
-55.377041 -19.398769 49.857147
-56.269352 -19.561592 48.074917
-38.490570 -23.100811 63.028442
-39.959629 -23.075069 61.634956
-41.481853 -22.801943 60.350716
-43.036942 -22.271368 59.188126
-44.593357 -21.534716 58.128967
-46.140152 -20.711910 57.114162
-47.688808 -19.909027 56.090855
-49.239197 -19.203529 55.017998
-50.775124 -18.645187 53.865959
-52.260773 -18.269121 52.607132
-53.657768 -18.064266 51.228645
-54.928200 -18.006195 49.721798
-56.045334 -18.059616 48.091194
-39.445217 -21.366629 61.967190
-40.660881 -21.331858 60.377373
-41.974274 -21.105894 58.894485
-43.391937 -20.676189 57.547012
-44.886810 -20.081791 56.328796
-46.431198 -19.400305 55.198151
-48.006836 -18.725342 54.091026
-49.596306 -18.114466 52.966125
-51.173752 -17.600496 51.793674
-52.699120 -17.203983 50.546066
-54.138924 -16.929592 49.202728
-55.462334 -16.777388 47.749916
-40.219471 -19.586193 60.816174
-41.207062 -19.587948 59.053352
-42.344398 -19.458828 57.381721
-43.665318 -19.191463 55.839043
-45.146843 -18.773186 54.459320
-46.721367 -18.254402 53.203209
-48.342976 -17.705568 52.006332
-49.978352 -17.167171 50.825272
-51.591331 -16.655203 49.629837
-53.144573 -16.199116 48.388775
-54.613945 -15.823572 47.076614
-40.867054 -17.822453 59.567547
-41.681377 -17.903246 57.654339
-42.696537 -17.913614 55.804585
-43.969704 -17.819330 54.085915
-45.462322 -17.583158 52.545700
-47.078922 -17.215406 51.163200
-48.747471 -16.764559 49.873890
-50.418079 -16.251827 48.636745
-52.053261 -15.703150 47.415760
-53.622906 -15.163635 46.177128
-41.486229 -16.129532 58.223301
-42.199814 -16.321388 56.180237
-43.156384 -16.465332 54.186829
-44.404091 -16.527031 52.311817
-45.906818 -16.445627 50.620564
-47.553707 -16.194921 49.111263
-49.248604 -15.793098 47.731552
-50.934311 -15.268038 46.437386
-52.576019 -14.663430 45.186604
-42.199650 -14.550411 56.796101
-42.888996 -14.844348 54.659615
-43.824741 -15.091948 52.555683
-45.048065 -15.257455 50.552830
-46.531567 -15.275441 48.721088
-48.171337 -15.085662 47.089630
-49.860744 -14.694712 45.619110
-51.537605 -14.142040 44.262352
-43.120178 -13.095211 55.326500
-43.833237 -13.468774 53.133202
-44.769905 -13.768499 50.957783
-45.955826 -13.959368 48.859547
-47.375305 -13.986111 46.909081
-48.956604 -13.797874 45.158161
-50.598827 -13.396177 43.586075
-44.267990 -11.757187 53.865681
-45.021214 -12.175923 51.646282
-45.957848 -12.471534 49.428013
-47.092522 -12.608909 47.264256
-48.422115 -12.563765 45.220005
-49.904087 -12.320226 43.353836
-45.612957 -10.504685 52.462387
-46.400200 -10.926725 50.238434
-47.325054 -11.162469 47.997406
-48.403309 -11.193524 45.790909
-49.635708 -11.024443 43.676884
-47.084152 -9.290887 51.148129
-47.888157 -9.672581 48.929363
-48.793133 -9.811305 46.677811
-49.814838 -9.707557 44.447227
-48.589039 -8.066965 49.931969
-49.398182 -8.377124 47.723965
-50.280895 -8.393703 45.476204
-50.032539 -6.803992 48.800987
-50.840969 -7.009813 46.615360
-51.336044 -5.485948 47.741177
-54.021454 -52.905891 47.128227
-54.380501 -54.120308 45.655266
-54.689316 -55.321312 43.916645
-54.928749 -56.469810 41.976299
-55.085514 -57.533974 39.883640
-55.153893 -58.483223 37.687782
-55.139511 -59.296391 35.433186
-55.051102 -59.953396 33.152000
-54.903320 -60.440536 30.870338
-54.714668 -60.742371 28.609995
-54.511257 -60.873901 26.384621
-54.316059 -60.852577 24.201303
-54.151436 -60.700867 22.063044
-54.041676 -60.443478 19.970688
-54.015812 -60.106590 17.924807
-54.096527 -59.716240 15.925747
-54.307133 -59.286072 13.982315
-54.664150 -58.821697 12.110517
-55.178371 -58.318985 10.336471
-55.828861 -57.771286 8.675073
-56.581291 -57.172436 7.126887
-57.395386 -56.519806 5.678730
-58.227161 -55.816574 4.304078
-59.028534 -55.071850 2.965957
-59.760170 -54.302338 1.623718
-60.389702 -53.521099 0.249195
-60.893257 -52.738144 -1.173257
-61.252468 -51.960251 -2.645568
-61.470085 -51.191601 -4.150724
-61.563057 -50.436909 -5.658516
-61.550934 -49.708839 -7.121024
-54.558067 -51.018967 47.391499
-55.536137 -50.168091 46.316002
-56.520409 -49.273720 45.092731
-57.483742 -48.360275 43.764641
-58.404354 -47.443687 42.357830
-59.257858 -46.536285 40.892860
-60.021088 -45.646225 39.386650
-60.667057 -44.779697 37.850788
-61.167725 -43.941872 36.297085
-61.483871 -43.138920 34.740295
-61.599442 -42.371681 33.200558
-61.502071 -41.639023 31.698803
-61.188610 -40.936966 30.254852
-60.664421 -40.259445 28.883736
-59.946297 -39.599876 27.589060
-59.070789 -38.953560 26.355560
-58.063747 -38.319862 25.165905
-56.948116 -37.698750 24.004423
-55.739315 -37.086964 22.865757
-54.456749 -36.471775 21.759556
-53.116100 -35.832287 20.710571
-51.733063 -35.140850 19.752970
-50.327335 -34.364811 18.922836
-48.925877 -33.464375 18.252417
-47.556984 -32.418652 17.733349
-46.247066 -31.211143 17.343479
-45.020321 -29.838223 17.043962
-43.904060 -28.307045 16.786205
-42.921318 -26.650928 16.515989
-42.094608 -24.916126 16.192097
-41.458927 -23.162136 15.789355
-61.994236 -47.053745 -8.027787
-62.407059 -44.854454 -7.570024
-62.603065 -42.631752 -7.122167
-62.524063 -40.476212 -6.744449
-62.140350 -38.465618 -6.495978
-61.495686 -36.653152 -6.400056
-60.702400 -35.022377 -6.407589
-59.885757 -33.512203 -6.420708
-59.189114 -32.042343 -6.307130
-58.810253 -30.566116 -5.921106
-58.877048 -29.135326 -5.257060
-59.363106 -27.821304 -4.399719
-60.142738 -26.645679 -3.413712
-61.065903 -25.603626 -2.321332
-61.968365 -24.695560 -1.123624
-62.693096 -23.932934 0.176572
-63.077095 -23.363647 1.566706
-62.948734 -23.068727 2.960049
-62.190903 -23.130939 4.125866
-60.916092 -23.510073 4.927449
-59.248161 -24.137634 5.436219
-57.262993 -24.954399 5.783897
-55.022099 -25.890215 6.106151
-52.595390 -26.840765 6.530742
-50.088364 -27.673599 7.135906
-47.609528 -28.247173 7.963594
-45.286545 -28.416426 9.023734
-43.288967 -28.027838 10.300795
-41.798592 -27.015785 11.717454
-40.939228 -25.453346 13.138821
-40.737541 -23.518219 14.397745
-55.008904 -52.191162 45.957802
-55.360912 -53.395199 44.286499
-55.634861 -54.575703 42.409290
-55.829163 -55.697487 40.370110
-55.940231 -56.725883 38.213448
-55.969814 -57.629017 35.981514
-55.924583 -58.382797 33.711132
-55.815224 -58.966450 31.430508
-55.657364 -59.361183 29.165302
-55.469963 -59.562954 26.930542
-55.275623 -59.587708 24.738159
-55.094444 -59.455494 22.593754
-54.946060 -59.190121 20.499807
-54.851479 -58.818684 18.456289
-54.835991 -58.378231 16.456867
-54.921249 -57.890106 14.504492
-55.129360 -57.367580 12.607922
-55.474873 -56.810345 10.786448
-55.970787 -56.217396 9.060555
-56.598461 -55.576920 7.445066
-57.324837 -54.878819 5.941030
-58.110752 -54.119610 4.535229
-58.911983 -53.301353 3.203061
-59.686890 -52.450493 1.902176
-60.394444 -51.583916 0.595686
-61.002815 -50.720531 -0.744369
-61.487015 -49.873947 -2.131752
-61.827888 -49.061668 -3.572047
-62.023762 -48.294914 -5.051013
-62.081871 -47.597004 -6.543456
-55.973999 -51.373634 44.695427
-56.301659 -52.587940 42.879814
-56.540043 -53.766911 40.898407
-56.695461 -54.875122 38.791145
-56.771908 -55.876369 36.594429
-56.773079 -56.736122 34.341972
-56.708530 -57.430241 32.065987
-56.590595 -57.932983 29.793312
-56.436089 -58.235271 27.543289
-56.260281 -58.333168 25.330698
-56.082497 -58.245827 23.166330
-55.919384 -57.994713 21.055677
-55.786156 -57.605942 19.000940
-55.698620 -57.119068 16.996223
-55.680344 -56.568542 15.037696
-55.751148 -55.976559 13.126946
-55.929676 -55.352493 11.274853
-56.232449 -54.702785 9.494210
-56.678604 -54.022774 7.805377
-57.253017 -53.294327 6.223911
-57.925026 -52.503483 4.751245
-58.655491 -51.642437 3.376400
-59.409851 -50.725025 2.071484
-60.146301 -49.776215 0.799498
-60.823883 -48.819893 -0.476864
-61.410736 -47.879513 -1.784541
-61.882763 -46.981556 -3.143200
-62.214523 -46.153870 -4.565861
-62.392635 -45.423012 -6.045602
-56.918339 -50.511238 43.351215
-57.208832 -51.741535 41.440292
-57.409241 -52.923943 39.394699
-57.530491 -54.021557 37.248909
-57.577999 -54.995510 35.031075
-57.558674 -55.809551 32.770542
-57.484261 -56.435249 30.497684
-57.369419 -56.854359 28.233738
-57.228024 -57.058472 25.996902
-57.071743 -57.045750 23.802610
-56.915962 -56.837238 21.661856
-56.772385 -56.456810 19.580521
-56.649868 -55.944126 17.556234
-56.561302 -55.336155 15.585276
-56.527153 -54.670170 13.663149
-56.562767 -53.964817 11.792510
-56.687500 -53.239204 9.977757
-56.921211 -52.498890 8.229762
-57.288673 -51.736122 6.568300
-57.780697 -50.927567 5.008826
-58.368118 -50.052795 3.554669
-59.026695 -49.109089 2.193942
-59.720570 -48.105354 0.904641
-60.411186 -47.069836 -0.347174
-61.056679 -46.031895 -1.597907
-61.629059 -45.028790 -2.878500
-62.100250 -44.098480 -4.215673
-62.434185 -43.282837 -5.630017
-57.830055 -49.629436 41.946758
-58.075661 -50.876610 39.983395
-58.237320 -52.061565 37.906769
-58.325096 -53.145962 35.744781
-58.347382 -54.088078 33.521172
-58.313568 -54.846245 31.263643
-58.239246 -55.397736 28.997280
-58.136784 -55.725155 26.742430
-58.017056 -55.822094 24.517399
-57.887436 -55.687954 22.339191
-57.757927 -55.346703 20.219687
-57.632496 -54.836853 18.161522
-57.516735 -54.195793 16.164173
-57.419502 -53.463303 14.223622
-57.355522 -52.673798 12.337103
-57.339367 -51.856571 10.501065
-57.391457 -51.030888 8.717697
-57.533375 -50.201736 6.995787
-57.795593 -49.361431 5.352478
-58.173599 -48.481453 3.803027
-58.660469 -47.542229 2.350708
-59.232143 -46.532005 0.990400
-59.856945 -45.457672 -0.295045
-60.498047 -44.347980 -1.534294
-61.118317 -43.245285 -2.765123
-61.688210 -42.198177 -4.022822
-62.172585 -41.255730 -5.339785
-58.691746 -48.742294 40.502289
-58.888363 -50.003464 38.519676
-59.007401 -51.187256 36.436508
-59.060860 -52.252693 34.276409
-59.059662 -53.151798 32.061241
-59.019375 -53.845600 29.812933
-58.953728 -54.312424 27.556400
-58.872776 -54.536667 25.312353
-58.783897 -54.513023 23.100430
-58.688553 -54.243927 20.939291
-58.587284 -53.769276 18.838455
-58.480152 -53.126175 16.802486
-58.368343 -52.355198 14.830679
-58.255054 -51.493031 12.920938
-58.151619 -50.584980 11.065650
-58.072655 -49.659653 9.259489
-58.037811 -48.735603 7.502852
-58.069595 -47.819366 5.801120
-58.198936 -46.904457 4.167689
-58.448849 -45.967583 2.614100
-58.817959 -44.978996 1.149602
-59.291553 -43.920090 -0.224508
-59.841179 -42.792046 -1.517904
-60.438953 -41.628025 -2.753061
-61.045845 -40.480095 -3.968779
-61.627045 -39.405914 -5.203554
-59.481789 -47.858994 39.029907
-59.622261 -49.129547 37.052731
-59.693851 -50.305641 34.982758
-59.710224 -51.340405 32.841671
-59.691196 -52.185703 30.643845
-59.651970 -52.802307 28.411198
-59.604450 -53.170258 26.169641
-59.555992 -53.274933 23.941538
-59.509041 -53.114178 21.748318
-59.453377 -52.707962 19.606167
-59.384552 -52.095978 17.526775
-59.297371 -51.319355 15.514616
-59.187939 -50.416019 13.570814
-59.054585 -49.433548 11.689032
-58.906715 -48.415436 9.861134
-58.758278 -47.387978 8.080826
-58.627636 -46.369698 6.346152
-58.532967 -45.367035 4.659339
-58.525135 -44.384865 3.025956
-58.633949 -43.396862 1.458234
-58.873489 -42.369732 -0.031206
-59.239037 -41.277008 -1.433692
-59.717884 -40.115032 -2.747359
-60.283661 -38.916733 -3.986169
-60.889744 -37.740906 -5.189680
-60.173233 -46.986988 37.539864
-60.250420 -48.259537 35.588005
-60.267994 -49.416176 33.550247
-60.251106 -50.407726 31.438530
-60.220791 -51.184467 29.266378
-60.192280 -51.707272 27.056614
-60.175156 -51.957115 24.837877
-60.172951 -51.922443 22.634920
-60.176350 -51.620110 20.466322
-60.167747 -51.071926 18.349630
-60.136219 -50.322655 16.296467
-60.071922 -49.411541 14.313015
-59.964287 -48.388000 12.396176
-59.809536 -47.297268 10.539504
-59.614441 -46.179207 8.735345
-59.392628 -45.058521 6.976136
-59.157623 -43.951344 5.258336
-58.941612 -42.872375 3.577310
-58.794701 -41.825184 1.936990
-58.759171 -40.787663 0.346994
-58.861179 -39.725857 -1.178780
-59.121849 -38.610100 -2.621906
-59.539684 -37.429031 -3.965931
-60.085030 -36.212017 -5.214317
-60.737770 -46.130859 36.040802
-60.740578 -47.394501 34.135838
-60.705738 -48.518677 32.142014
-60.660072 -49.451950 30.069626
-60.627201 -50.142456 27.931950
-60.622021 -50.550270 25.754675
-60.651028 -50.659164 23.570374
-60.705925 -50.477989 21.401012
-60.770275 -50.027035 19.267052
-60.817093 -49.336006 17.183855
-60.830917 -48.448475 15.164660
-60.792465 -47.416122 13.210567
-60.688725 -46.285873 11.318714
-60.513596 -45.099083 9.483848
-60.271198 -43.892792 7.698599
-59.972847 -42.688267 5.954957
-59.641842 -41.506992 4.244118
-59.309818 -40.358738 2.561407
-59.030212 -39.249157 0.907462
-58.850975 -38.159924 -0.711976
-58.822609 -37.063377 -2.282044
-58.987152 -35.928276 -3.774165
-59.351471 -34.736591 -5.157209
-61.141212 -45.293621 34.548283
-61.068928 -46.535625 32.703392
-60.983616 -47.613049 30.765007
-60.916016 -48.470932 28.741716
-60.892380 -49.053555 26.648659
-60.927040 -49.321445 24.515959
-61.014713 -49.279499 22.375114
-61.139210 -48.942162 20.251436
-61.275581 -48.339569 18.163267
-61.390533 -47.503254 16.124884
-61.455906 -46.490540 14.142295
-61.448555 -45.350441 12.216745
-61.353245 -44.125854 10.347052
-61.161259 -42.855358 8.529119
-60.872841 -41.571899 6.756572
-60.506966 -40.300137 5.017911
-60.087860 -39.055359 3.305309
-59.650528 -37.846027 1.612701
-59.247135 -36.676403 -0.061840
-58.940323 -35.534760 -1.715612
-58.796940 -34.399708 -3.332835
-58.872849 -33.242428 -4.878753
-61.355328 -44.479805 33.068810
-61.205017 -45.688366 31.298820
-61.071743 -46.705009 29.427958
-60.990761 -47.468693 27.464270
-60.991486 -47.919197 25.426271
-61.078686 -48.035503 23.345366
-61.237911 -47.830154 21.260252
-61.444305 -47.330173 19.195530
-61.668613 -46.569763 17.168898
-61.861374 -45.598881 15.181929
-61.988277 -44.472515 13.238514
-62.022369 -43.235386 11.340838
-61.944881 -41.927437 9.489191
-61.743378 -40.583424 7.681602
-61.420147 -39.238625 5.910690
-60.998070 -37.910999 4.167197
-60.504509 -36.613251 2.443165
-59.974682 -35.350231 0.731864
-59.468647 -34.126720 -0.969558
-59.058010 -32.933567 -2.658925
-58.815529 -31.753931 -4.321809
-61.364845 -43.691128 31.622459
-61.138016 -44.854630 29.939577
-60.964310 -45.795364 28.144964
-60.884613 -46.444000 26.246473
-60.923275 -46.751282 24.263988
-61.075455 -46.702858 22.241901
-61.316807 -46.326317 20.222269
-61.619064 -45.654911 18.231699
-61.938499 -44.745003 16.274723
-62.217690 -43.648533 14.344749
-62.416908 -42.416332 12.443418
-62.503605 -41.090103 10.572436
-62.454803 -39.705891 8.733839
-62.254414 -38.301117 6.926021
-61.907234 -36.903938 5.146814
-61.441353 -35.529137 3.388387
-60.885513 -34.185493 1.643166
-60.282032 -32.876598 -0.094683
-59.695694 -31.605284 -1.826831
-59.201149 -30.362333 -3.551969
-61.161716 -42.927582 30.227526
-60.864437 -44.035152 28.640171
-60.664009 -44.884853 26.923298
-60.600563 -45.410320 25.082285
-60.689548 -45.562634 23.154415
-60.916130 -45.341682 21.194736
-61.250984 -44.784012 19.251583
-61.651852 -43.948841 17.340757
-62.070045 -42.896305 15.459669
-62.443718 -41.678699 13.593777
-62.726501 -40.344669 11.739180
-62.880741 -38.932114 9.895731
-62.871780 -37.480862 8.062748
-62.685211 -36.020981 6.246239
-62.327061 -34.577423 4.449155
-61.830448 -33.160538 2.666138
-61.229385 -31.777145 0.892142
-60.571789 -30.427826 -0.876342
-59.923405 -29.112272 -2.640562
-60.747467 -42.186855 28.899366
-60.392300 -43.229561 27.406441
-60.181892 -43.984341 25.751991
-60.147701 -44.378613 23.958488
-60.296581 -44.369644 22.080181
-60.607204 -43.966801 20.186684
-61.034832 -43.236839 18.320227
-61.532402 -42.245747 16.491112
-62.050251 -41.054016 14.691864
-62.524090 -39.716103 12.898933
-62.904427 -38.277786 11.101260
-63.135849 -36.784218 9.285342
-63.182224 -35.267284 7.455543
-63.025017 -33.754482 5.623893
-62.671474 -32.266560 3.800666
-62.160477 -30.811085 1.986693
-61.531677 -29.391106 0.180926
-60.836559 -28.003553 -1.618886
-60.133530 -41.466438 27.642128
-59.738152 -42.445316 26.222734
-59.530720 -43.103176 24.612873
-59.536217 -43.363537 22.852016
-59.754631 -43.185753 21.017635
-60.147537 -42.611526 19.184366
-60.662987 -41.719887 17.390507
-61.252983 -40.578655 15.642954
-61.867821 -39.249512 13.930184
-62.446690 -37.786205 12.223933
-62.925770 -36.246208 10.490753
-63.248291 -34.667786 8.712547
-63.368450 -33.081833 6.890337
-63.261547 -31.512749 5.041788
-62.930817 -29.980030 3.189148
-62.422668 -28.486116 1.343403
-61.782600 -27.029379 -0.493091
-59.343987 -40.768288 26.437044
-58.920040 -41.687798 25.068348
-58.725731 -42.252159 23.479788
-58.781429 -42.374542 21.735537
-59.069237 -42.039082 19.933418
-59.539581 -41.306679 18.151585
-60.137325 -40.262733 16.424026
-60.814056 -38.977009 14.754974
-61.523594 -37.508804 13.134000
-62.196724 -35.925987 11.516096
-62.774834 -34.279720 9.862247
-63.197414 -32.609116 8.140911
-63.412552 -30.943653 6.343773
-63.377541 -29.311094 4.487441
-63.089363 -27.728640 2.610716
-62.602715 -26.192059 0.737955
-58.409897 -40.089695 25.266603
-57.968498 -40.955624 23.920242
-57.799171 -41.424953 22.329115
-57.908806 -41.417339 20.586521
-58.263691 -40.936443 18.808016
-58.807823 -40.056629 17.070961
-59.483974 -38.868629 15.404386
-60.246387 -37.440071 13.813993
-61.039307 -35.844505 12.277384
-61.800457 -34.143764 10.751049
-62.472595 -32.389652 9.186897
-62.998962 -30.618698 7.544257
-63.317062 -28.865337 5.796206
-63.368778 -27.160013 3.952677
-63.141449 -25.518969 2.065612
-57.354534 -39.432297 24.109621
-56.905357 -40.248703 22.756435
-56.767490 -40.628693 21.142651
-56.931271 -40.500145 19.392752
-57.351261 -39.883766 17.632509
-57.966919 -38.865303 15.935526
-58.722553 -37.535858 14.329067
-59.562454 -35.978157 12.808939
-60.434906 -34.259922 11.354722
-61.278332 -32.444519 9.920973
-62.040443 -30.580469 8.458113
-62.662498 -28.708172 6.911604
-63.079472 -26.862434 5.239540
-63.227455 -25.073990 3.440367
-56.197357 -38.795933 22.950552
-55.747879 -39.568275 21.565636
-55.643898 -39.864292 19.918320
-55.861546 -39.621826 18.157297
-56.345673 -38.877842 16.413008
-57.035553 -37.723381 14.756167
-57.864979 -36.266434 13.203791
-58.781235 -34.585075 11.752182
-59.730793 -32.749382 10.379298
-60.654480 -30.820795 9.042987
-61.496326 -28.852634 7.686068
-62.199352 -26.884184 6.247061
-62.705036 -24.945726 4.678056
-54.952713 -38.176434 21.788633
-54.504395 -38.910069 20.358458
-54.434006 -39.127659 18.672461
-54.704948 -38.777714 16.899359
-55.256397 -37.908756 15.172313
-56.015968 -36.632236 13.552055
-56.919441 -35.053810 12.052956
-57.911469 -33.254856 10.669534
-58.938721 -31.304829 9.382192
-59.935276 -29.272139 8.143783
-60.843880 -27.210407 6.893213
-61.613182 -25.154169 5.571267
-53.637753 -37.556496 20.645336
-53.191841 -38.252499 19.164745
-53.155399 -38.393490 17.441360
-53.482849 -37.936691 15.660412
-54.097698 -36.955551 13.950979
-54.927795 -35.563122 12.368824
-55.905327 -33.870129 10.924860
-56.974335 -31.958439 9.615168
-58.072704 -29.906145 8.414474
-59.131035 -27.783369 7.272156
-60.094788 -25.640430 6.129397
-52.267563 -36.911224 19.554489
-51.825996 -37.567062 18.025183
-51.826866 -37.628311 16.270325
-52.206818 -37.074543 14.486175
-52.885349 -35.987087 12.797792
-53.785721 -34.486301 11.257272
-54.838249 -32.685444 9.874923
-55.977009 -30.676315 8.640787
-57.134460 -28.540171 7.523826
-58.242634 -26.344070 6.475360
-50.858395 -36.209518 18.557449
-50.425076 -36.818684 16.985338
-50.460190 -36.804241 15.207691
-50.891602 -36.157982 13.425635
-51.632427 -34.971889 11.763277
-52.603020 -33.371376 10.271287
-53.722164 -31.481434 8.952477
-54.917103 -29.397957 7.789410
-56.119858 -27.200596 6.749452
-49.431190 -35.414871 17.694633
-49.006420 -35.973907 16.090345
-49.073936 -35.884850 14.297256
-49.553921 -35.152214 12.523950
-50.355286 -33.877228 10.895177
-51.386204 -32.198853 9.453660
-52.556515 -30.247639 8.191927
-53.791584 -28.118498 7.088248
-48.012550 -34.486656 17.002064
-47.595230 -34.992088 15.374291
-47.691269 -34.830803 13.573567
-48.215977 -34.020088 11.817447
-49.066093 -32.679443 10.224603
-50.139381 -30.955139 8.824899
-51.341534 -28.977676 7.602882
-46.630619 -33.403320 16.466982
-46.221485 -33.850197 14.822934
-46.344585 -33.618317 13.023951
-46.903339 -32.748074 11.290228
-47.783607 -31.372036 9.725936
-48.878094 -29.637476 8.349285
-45.311954 -32.149460 16.063307
-44.912796 -32.532742 14.407786
-45.055588 -32.239418 12.616863
-45.630989 -31.332571 10.901427
-46.519260 -29.953083 9.348462
-44.082756 -30.722160 15.746092
-43.693142 -31.038891 14.081348
-43.843384 -30.692425 12.298576
-44.415443 -29.768312 10.590759
-42.973858 -29.129360 15.461525
-42.593807 -29.368080 13.786637
-42.740582 -28.960909 12.011106
-42.016354 -27.396324 15.155270
-41.656883 -27.517841 13.474075
-41.248886 -25.539076 14.796166
-40.655571 -21.049751 14.154378
-40.496292 -20.410069 12.684244
-40.594650 -19.638086 11.035995
-40.913128 -18.759192 9.281081
-41.409893 -17.794296 7.468866
-42.035923 -16.762739 5.642430
-42.740677 -15.678202 3.834574
-43.481873 -14.543695 2.067644
-44.219181 -13.356710 0.356037
-44.912140 -12.107862 -1.289300
-45.533295 -10.795193 -2.869640
-46.067673 -9.417770 -4.387422
-46.510708 -7.977489 -5.846191
-46.865585 -6.478109 -7.250066
-47.142197 -4.925776 -8.605711
-47.357422 -3.331564 -9.926817
-47.520653 -1.704128 -11.228792
-47.635208 -0.052800 -12.531824
-47.692356 1.611959 -13.863194
-47.675735 3.276032 -15.251356
-47.560139 4.923593 -16.719259
-47.313339 6.534893 -18.281855
-46.899864 8.084049 -19.941568
-46.279514 9.531911 -21.684425
-45.446770 10.844248 -23.470722
-44.400444 11.977871 -25.254784
-43.154636 12.886442 -26.982578
-41.735401 13.513224 -28.587595
-40.199192 13.828075 -30.007763
-38.616531 13.838360 -31.202568
-37.069870 13.579048 -32.144772
-41.093269 56.638306 5.924241
-42.349945 54.972397 5.567869
-43.631332 53.100300 5.265320
-44.931885 51.079247 5.068277
-46.248894 48.949356 5.014933
-47.560616 46.748451 5.116720
-48.825607 44.509468 5.350108
-49.988476 42.256222 5.676348
-50.983456 40.010624 6.039291
-51.718460 37.802265 6.361478
-52.129219 35.671959 6.562576
-52.176933 33.662514 6.582359
-51.872574 31.786049 6.387515
-51.274261 29.997637 5.970590
-50.482185 28.199051 5.371206
-49.622978 26.290596 4.705159
-48.803242 24.192255 4.120596
-48.109463 21.855751 3.775691
-47.604290 19.271976 3.819738
-47.280418 16.493843 4.295642
-47.082748 13.566067 5.165964
-46.936024 10.506927 6.352404
-46.758842 7.316250 7.750877
-46.469925 3.987626 9.240906
-46.026581 0.547357 10.701123
-45.416183 -2.956556 12.036444
-44.660690 -6.453076 13.173686
-43.809601 -9.863955 14.061274
-42.938786 -13.133990 14.696695
-42.128937 -16.227570 15.104670
-41.469990 -19.081684 15.305585
-40.415226 57.771851 4.345024
-41.003639 57.360687 2.200021
-41.647797 56.758453 -0.022138
-42.306484 55.968464 -2.259665
-42.926811 54.989948 -4.469596
-43.447437 53.828362 -6.605908
-43.821213 52.499985 -8.619776
-44.012489 51.016830 -10.451942
-44.003040 49.397373 -12.037605
-43.783363 47.667660 -13.298694
-43.383381 45.880447 -14.228992
-42.825760 44.081459 -14.871480
-42.122124 42.303883 -15.315525
-41.272205 40.567215 -15.674574
-40.277149 38.878563 -16.056986
-39.166496 37.224194 -16.514980
-37.985565 35.571407 -17.046062
-36.804695 33.869099 -17.611063
-35.727188 32.052494 -18.155611
-34.860786 30.081509 -18.647118
-34.281441 27.950294 -19.095533
-34.023056 25.676445 -19.540920
-34.072868 23.293766 -20.039272
-34.382584 20.853909 -20.659286
-34.857582 18.438946 -21.459753
-35.416084 16.164064 -22.511791
-35.968086 14.196748 -23.886967
-36.396351 12.785254 -25.621843
-36.577785 12.118215 -27.579201
-36.474068 12.127451 -29.527580
-36.138096 12.570371 -31.311375
-41.017021 -18.293766 14.047344
-40.801823 -17.544382 12.560046
-40.820770 -16.750132 10.915607
-41.041058 -15.896350 9.173891
-41.428745 -14.981130 7.382168
-41.943172 -14.003669 5.579519
-42.528656 -12.970958 3.797572
-43.140797 -11.882138 2.055029
-43.728642 -10.737351 0.364844
-44.268257 -9.527099 -1.270004
-44.731888 -8.258390 -2.848877
-45.109512 -6.937426 -4.372962
-45.401318 -5.573761 -5.844019
-45.618824 -4.179008 -7.264260
-45.789257 -2.752506 -8.637922
-45.924957 -1.308595 -9.975908
-46.035683 0.145399 -11.291582
-46.121262 1.590836 -12.602803
-46.171478 3.035877 -13.934802
-46.161106 4.470574 -15.314251
-46.059128 5.879466 -16.761402
-45.830345 7.245037 -18.287394
-45.439850 8.535405 -19.886738
-44.848598 9.746747 -21.551472
-44.054276 10.830261 -23.239578
-43.058571 11.743635 -24.907595
-41.881573 12.432528 -26.499010
-40.548069 12.858311 -27.961220
-39.109016 13.004906 -29.250364
-37.625019 12.888704 -30.350775
-41.613129 -15.325163 13.851297
-41.310738 -14.511312 12.396423
-41.222664 -13.702879 10.801429
-41.325333 -12.865636 9.120556
-41.596455 -11.977195 7.391044
-41.991161 -11.026915 5.649945
-42.451397 -10.014117 3.926986
-42.922184 -8.936288 2.241658
-43.367348 -7.791857 0.597459
-43.759571 -6.582472 -1.003417
-44.074589 -5.321417 -2.557824
-44.305988 -4.021927 -4.065141
-44.460785 -2.700787 -5.525858
-44.565872 -1.369785 -6.943495
-44.644157 -0.037392 -8.321087
-44.709652 1.283901 -9.667240
-44.768955 2.577562 -10.994104
-44.820747 3.837996 -12.318559
-44.847115 5.072642 -13.662161
-44.816010 6.273493 -15.046795
-44.691689 7.427671 -16.487820
-44.436066 8.509602 -17.988352
-44.021431 9.522245 -19.543911
-43.420673 10.452170 -21.142044
-42.633926 11.254919 -22.746815
-41.667679 11.880197 -24.315811
-40.540939 12.292734 -25.807724
-39.272732 12.472034 -27.182724
-37.903961 12.406974 -28.413240
-42.338631 -12.163006 13.514936
-41.923038 -11.301858 12.155113
-41.702843 -10.479689 10.667051
-41.672066 -9.648515 9.090084
-41.809433 -8.772619 7.459544
-42.070499 -7.829938 5.809924
-42.385933 -6.813384 4.176302
-42.715218 -5.717253 2.565808
-43.018787 -4.545897 0.984965
-43.270927 -3.310114 -0.564720
-43.450085 -2.029693 -2.077070
-43.556458 -0.725038 -3.550684
-43.611248 0.582995 -4.989456
-43.635956 1.876328 -6.395115
-43.652798 3.140836 -7.770784
-43.673531 4.358169 -9.124189
-43.702663 5.517839 -10.468031
-43.728325 6.615031 -11.816843
-43.723331 7.653470 -13.187210
-43.649746 8.628489 -14.594960
-43.465069 9.520968 -16.048002
-43.140663 10.337117 -17.542496
-42.656620 11.066483 -19.068258
-42.001400 11.697542 -20.611101
-41.180443 12.178171 -22.139755
-40.208492 12.477142 -23.625547
-39.104275 12.573152 -25.041819
-37.884403 12.451681 -26.361366
-43.108234 -8.816060 13.010708
-42.557919 -7.900445 11.806428
-42.188221 -7.056549 10.470536
-42.000629 -6.224980 9.037667
-41.982265 -5.354064 7.537455
-42.080879 -4.408027 6.011607
-42.243118 -3.370464 4.482171
-42.423599 -2.238285 2.961927
-42.584011 -1.021783 1.459069
-42.701389 0.259462 -0.024646
-42.760254 1.577529 -1.481713
-42.774712 2.904138 -2.916065
-42.761330 4.214208 -4.328661
-42.740696 5.484416 -5.721890
-42.730965 6.691229 -7.099416
-42.739670 7.818969 -8.470238
-42.759094 8.857419 -9.844995
-42.766178 9.800735 -11.235654
-42.722931 10.651115 -12.653311
-42.582249 11.399072 -14.107693
-42.310062 12.054091 -15.593881
-41.884193 12.611539 -17.101864
-41.298069 13.061471 -18.616699
-40.553131 13.379663 -20.119942
-39.669899 13.531253 -21.590286
-38.669609 13.495265 -23.008947
-37.572281 13.247415 -24.356775
-43.853447 -5.292639 12.299665
-43.163033 -4.295916 11.290249
-42.625065 -3.411452 10.150991
-42.256039 -2.571177 8.901189
-42.044975 -1.704182 7.572650
-41.965927 -0.749636 6.188219
-41.959492 0.315254 4.781028
-41.980762 1.491492 3.367168
-41.993237 2.762178 1.957315
-41.981583 4.097606 0.551809
-41.944717 5.458213 -0.848006
-41.892330 6.810942 -2.241963
-41.840866 8.125369 -3.631675
-41.808128 9.369754 -5.020356
-41.805069 10.517785 -6.413960
-41.825455 11.554475 -7.819066
-41.848541 12.468563 -9.244565
-41.838387 13.254242 -10.699696
-41.742279 13.906420 -12.191278
-41.517689 14.441609 -13.712758
-41.137047 14.861141 -15.253100
-40.591408 15.161549 -16.795774
-39.885765 15.321965 -18.321703
-39.043434 15.331028 -19.810558
-38.094051 15.162998 -21.246212
-37.061028 14.791025 -22.610510
-44.511810 -1.650522 11.347643
-43.684853 -0.529704 10.556231
-42.973312 0.436681 9.647146
-42.394085 1.312902 8.632673
-41.975941 2.186567 7.503381
-41.699780 3.149006 6.286840
-41.508652 4.237491 5.023360
-41.359104 5.453380 3.733684
-41.221333 6.771896 2.428970
-41.098164 8.151015 1.100142
-40.983356 9.543314 -0.244638
-40.887241 10.909151 -1.605407
-40.824684 12.209589 -2.984202
-40.807514 13.409161 -4.386836
-40.831253 14.480382 -5.816337
-40.875336 15.407286 -7.277588
-40.904358 16.178108 -8.777848
-40.866295 16.780249 -10.325525
-40.705097 17.232380 -11.909569
-40.383671 17.544327 -13.516972
-39.887268 17.719990 -15.129177
-39.218651 17.747490 -16.725990
-38.404720 17.620722 -18.284060
-37.479805 17.334204 -19.779921
-36.474838 16.856350 -21.196724
-45.028912 2.014166 10.192869
-44.075375 3.293523 9.619086
-43.190418 4.401757 8.968672
-42.412754 5.373202 8.208977
-41.780285 6.289093 7.313423
-41.294147 7.266967 6.294693
-40.906170 8.370669 5.197960
-40.581539 9.607203 4.045282
-40.309895 10.947638 2.839634
-40.090797 12.343784 1.580206
-39.918251 13.739029 0.277730
-39.801376 15.083584 -1.067287
-39.750923 16.335117 -2.458961
-39.764606 17.457109 -3.899219
-39.822983 18.419380 -5.388868
-39.889915 19.204330 -6.931704
-39.913483 19.792339 -8.535917
-39.834068 20.195288 -10.192830
-39.596684 20.426064 -11.884974
-39.175049 20.498386 -13.590622
-38.566147 20.410519 -15.288036
-37.793869 20.167717 -16.950283
-36.895203 19.771187 -18.551332
-35.905537 19.204498 -20.061892
-45.381733 5.605488 8.902226
-44.308533 7.064050 8.547688
-43.281162 8.355032 8.140242
-42.331055 9.492401 7.642857
-41.496700 10.519594 7.006895
-40.798195 11.545536 6.216346
-40.211029 12.661316 5.304513
-39.729107 13.892682 4.279982
-39.338825 15.218001 3.161479
-39.043350 16.589964 1.952936
-38.834118 17.940002 0.669126
-38.718300 19.216957 -0.690012
-38.693253 20.376564 -2.122872
-38.743515 21.378593 -3.628379
-38.834251 22.190092 -5.205755
-38.913044 22.783232 -6.861064
-38.916275 23.164196 -8.585203
-38.784630 23.339849 -10.365633
-38.467999 23.329393 -12.175050
-37.950294 23.143478 -13.988085
-37.247780 22.800451 -15.774105
-36.394287 22.312740 -17.502680
-35.426994 21.671083 -19.144028
-45.582714 9.061934 7.586797
-44.413826 10.677503 7.430758
-43.275650 12.156129 7.248049
-42.191925 13.497528 6.996850
-41.191051 14.709528 6.618798
-40.301430 15.848171 6.064699
-39.542061 16.996502 5.323439
-38.919117 18.207928 4.412414
-38.428940 19.482370 3.357030
-38.076118 20.777515 2.169163
-37.851746 22.032280 0.867600
-37.750111 23.193995 -0.538879
-37.756401 24.213465 -2.044332
-37.841873 25.046621 -3.645227
-37.956226 25.649580 -5.342636
-38.032310 26.021444 -7.125449
-38.004429 26.163465 -8.982186
-37.815556 26.091183 -10.891997
-37.420300 25.824905 -12.822966
-36.818504 25.398273 -14.738329
-36.036713 24.836212 -16.602888
-35.109203 24.139841 -18.382694
-45.695854 12.338739 6.353595
-44.459885 14.070687 6.381984
-43.247799 15.699901 6.397487
-42.077038 17.225960 6.353664
-40.967342 18.641130 6.183882
-39.953049 19.941259 5.808223
-39.063065 21.175383 5.204752
-38.325809 22.388849 4.377031
-37.752922 23.594656 3.350122
-37.362015 24.779528 2.141408
-37.134281 25.897860 0.784542
-37.053223 26.896896 -0.704334
-37.092346 27.724646 -2.314897
-37.209404 28.325623 -4.043958
-37.336258 28.686979 -5.873921
-37.400475 28.802803 -7.793035
-37.334290 28.685804 -9.782469
-37.081100 28.356922 -11.817293
-36.605396 27.864580 -13.852298
-35.917553 27.248720 -15.844613
-35.045395 26.521976 -17.754919
-45.807251 15.450199 5.323841
-44.536140 17.259033 5.514046
-43.286449 18.994595 5.688243
-42.073898 20.657278 5.787411
-40.917862 22.224388 5.730068
-39.844376 23.672523 5.447403
-38.886356 25.008369 4.908447
-38.080963 26.247169 4.106253
-37.459892 27.397848 3.057678
-37.049030 28.463608 1.788608
-36.828754 29.418392 0.341150
-36.774620 30.214615 -1.261593
-36.848671 30.791649 -3.006657
-36.989193 31.130478 -4.869141
-37.117447 31.217850 -6.831115
-37.154758 31.062117 -8.874608
-37.028271 30.685781 -10.976581
-36.685406 30.144842 -13.098654
-36.101349 29.495506 -15.190906
-35.290215 28.763838 -17.205629
-46.001476 18.397186 4.582278
-44.728645 20.244043 4.886830
-43.479259 22.039040 5.145181
-42.269440 23.777962 5.286152
-41.117088 25.437183 5.240478
-40.045181 26.981262 4.948842
-39.086327 28.389341 4.378413
-38.277710 29.645863 3.523335
-37.655010 30.747971 2.399931
-37.252052 31.691341 1.032360
-37.056683 32.461529 -0.535429
-37.038902 33.008537 -2.275201
-37.141323 33.314438 -4.148524
-37.288826 33.366219 -6.128616
-37.391243 33.173103 -8.193269
-37.358845 32.759377 -10.319307
-37.117817 32.189739 -12.473486
-36.625885 31.532295 -14.614945
-35.866863 30.826649 -16.691580
-46.352879 21.159798 4.174115
-45.110573 23.004726 4.502275
-43.893852 24.813122 4.735440
-42.722443 26.574728 4.810009
-41.615627 28.262169 4.668663
-40.599247 29.831951 4.258121
-39.698997 31.249001 3.563943
-38.945992 32.484142 2.586274
-38.374588 33.515697 1.337137
-38.018532 34.319824 -0.161776
-37.871017 34.871006 -1.867554
-37.885529 35.161594 -3.725513
-37.992142 35.188015 -5.694221
-38.102318 34.967148 -7.742176
-38.111141 34.533325 -9.845874
-37.925446 33.960777 -11.977047
-37.484188 33.326569 -14.105345
-36.751438 32.686596 -16.184336
-46.912907 23.695427 4.085772
-45.724407 25.507626 4.316222
-44.566334 27.289062 4.405464
-43.461594 29.022198 4.301323
-42.435524 30.670458 3.952971
-41.508690 32.191967 3.340734
-40.703770 33.548431 2.459121
-40.047985 34.701214 1.307976
-39.569370 35.612732 -0.101664
-39.292400 36.233982 -1.747321
-39.190674 36.564701 -3.563778
-39.208424 36.611378 -5.495987
-39.262817 36.403309 -7.498824
-39.248741 35.989647 -9.540704
-39.061512 35.454285 -11.604020
-38.622318 34.885063 -13.666100
-37.876461 34.347359 -15.688276
-47.679405 25.971933 4.254725
-46.564819 27.727707 4.259800
-45.485291 29.447479 4.089413
-44.469963 31.100368 3.696482
-43.539116 32.654358 3.074392
-42.713867 34.071003 2.216263
-42.017151 35.308853 1.114134
-41.471786 36.323235 -0.231971
-41.095772 37.061501 -1.810119
-40.882439 37.495617 -3.572478
-40.791836 37.630733 -5.457454
-40.752789 37.501110 -7.408129
-40.663944 37.169109 -9.380676
-40.419830 36.729595 -11.352551
-39.933815 36.272404 -13.314631
-39.133125 35.876099 -15.231046
-48.589558 28.004890 4.544692
-47.564648 29.686468 4.220854
-46.579983 31.309212 3.693487
-45.658928 32.848557 2.968203
-44.823654 34.277618 2.052458
-44.098610 35.558922 0.937102
-43.505272 36.649220 -0.389404
-43.059219 37.495888 -1.928966
-42.750034 38.071026 -3.644366
-42.553474 38.348896 -5.489173
-42.408070 38.358955 -7.399976
-42.219055 38.167206 -9.321177
-41.880825 37.875149 -11.216702
-41.304180 37.578373 -13.068659
-40.413696 37.348392 -14.852648
-49.553440 29.840698 4.830746
-48.632702 31.423645 4.097858
-47.744751 32.930626 3.194312
-46.915390 34.344284 2.138347
-46.170788 35.640350 0.934488
-45.536793 36.781834 -0.430504
-45.029800 37.722214 -1.975497
-44.641571 38.431736 -3.677367
-44.345093 38.886864 -5.503191
-44.092735 39.081585 -7.397238
-43.793018 39.078064 -9.296095
-43.341736 38.974625 -11.147621
-42.648354 38.867699 -12.916323
-41.637646 38.828499 -14.564589
-50.462795 31.550728 4.996537
-49.647278 33.027229 3.865082
-48.854378 34.419502 2.610898
-48.113182 35.715336 1.248106
-47.451153 36.892475 -0.223753
-46.891251 37.911926 -1.827379
-46.430092 38.746662 -3.557694
-46.044468 39.370029 -5.397619
-45.684689 39.778095 -7.303800
-45.271782 39.992580 -9.211645
-44.701088 40.103981 -11.055482
-43.883842 40.200424 -12.781461
-42.748680 40.348888 -14.335299
-51.176163 33.252563 5.024189
-50.464680 34.634716 3.547716
-49.765373 35.932079 1.988659
-49.106438 37.137005 0.355788
-48.511597 38.226402 -1.362448
-47.987473 39.174530 -3.164839
-47.518375 39.956062 -5.053012
-47.061104 40.559174 -6.997172
-46.536240 41.003880 -8.941778
-45.853714 41.333366 -10.810877
-44.926170 41.627090 -12.537864
-43.688187 41.943989 -14.056305
-51.585747 35.059650 4.908685
-50.971142 36.372986 3.157239
-50.356270 37.607418 1.351953
-49.763401 38.755909 -0.509871
-49.200218 39.803059 -2.418996
-48.664558 40.720676 -4.379951
-48.124352 41.494846 -6.379483
-47.512051 42.131447 -8.373631
-46.742458 42.666710 -10.293211
-45.740875 43.137871 -12.062211
-44.441536 43.601925 -13.608118
-51.624477 37.022354 4.661911
-51.087849 38.295815 2.710150
-50.535538 39.497154 0.718922
-49.974125 40.622997 -1.299757
-49.404911 41.653210 -3.344379
-48.812222 42.566162 -5.405405
-48.145779 43.361683 -7.453125
-47.334618 44.060387 -9.429583
-46.307762 44.695541 -11.268386
-44.999809 45.292610 -12.890280
-51.274742 39.124634 4.312741
-50.789963 40.377075 2.230222
-50.266876 41.565701 0.130499
-49.707626 42.681850 -1.981658
-49.103241 43.708237 -4.096439
-48.422581 44.633076 -6.189934
-47.611290 45.470474 -8.217385
-46.606617 46.242226 -10.123152
-45.346027 46.972248 -11.842175
-50.577496 41.313332 3.909886
-50.116589 42.555386 1.766451
-49.600307 43.736942 -0.382382
-49.023296 44.850624 -2.526639
-48.365173 45.885323 -4.646467
-47.586800 46.841446 -6.706348
-46.637527 47.736111 -8.661592
-45.458939 48.584999 -10.458269
-49.599922 43.545998 3.524235
-49.146809 44.780266 1.369436
-48.622711 45.959408 -0.777421
-48.013977 47.079689 -2.897960
-47.292484 48.138996 -4.964537
-46.417835 49.140957 -6.942165
-45.341080 50.098709 -8.786999
-48.443066 45.787914 3.211069
-47.986073 47.017220 1.081110
-47.441154 48.199821 -1.021980
-46.787247 49.338844 -3.073356
-45.993927 50.434200 -5.046381
-45.019642 51.486588 -6.907534
-47.174671 48.015808 3.016727
-46.701946 49.242153 0.942644
-46.120457 50.436165 -1.082125
-45.406170 51.601852 -3.031846
-44.527927 52.734917 -4.881383
-45.849152 50.202419 2.974599
-45.343567 51.429024 0.980173
-44.704811 52.639294 -0.940938
-43.908180 53.830833 -2.762429
-44.503059 52.313412 3.100176
-43.940868 53.540760 1.203331
-43.214809 54.764637 -0.588612
-43.154339 54.308117 3.378588
-42.500954 55.532757 1.605831
-41.798328 56.143494 3.787270
-19.550806 -43.814564 73.353081
-20.101173 -45.685188 72.737625
-20.663698 -47.652214 72.140961
-21.198221 -49.644341 71.576721
-21.659580 -51.620060 71.022591
-22.003317 -53.559082 70.433319
-22.205025 -55.457279 69.768845
-22.254236 -57.313820 69.001030
-22.159874 -59.127327 68.114700
-21.945923 -60.891502 67.097115
-21.665173 -62.602577 65.954117
-21.365854 -64.255791 64.685226
-21.089542 -65.848396 63.284046
-20.868860 -67.382362 61.734894
-20.727776 -68.872055 60.012810
-20.676781 -70.351250 58.103729
-20.728214 -71.865112 55.987392
-20.892778 -73.465553 53.650177
-21.178047 -75.204819 51.084454
-21.559078 -77.094681 48.330372
-21.985977 -79.108643 45.448677
-22.391579 -81.197815 42.504566
-22.700296 -83.302803 39.559963
-22.834791 -85.359680 36.676365
-22.766678 -87.323853 33.901031
-22.497538 -89.168549 31.275875
-22.065872 -90.887474 28.831493
-21.540236 -92.489471 26.588814
-21.012205 -93.997879 24.535275
-20.552959 -95.420998 22.639648
-20.203239 -96.729820 20.883169
-4.403868 -47.424095 32.305195
-4.875267 -50.026081 31.890413
-5.266136 -52.682144 31.408936
-5.527820 -55.301849 30.921787
-5.661012 -57.822681 30.496647
-5.736251 -60.210007 30.186131
-5.862902 -62.467957 30.005753
-6.143229 -64.608284 29.955294
-6.643255 -66.635696 30.025234
-7.377148 -68.538864 30.202599
-8.264906 -70.330597 30.447851
-9.206666 -72.040459 30.717331
-10.096316 -73.704720 30.970600
-10.826605 -75.349312 31.182579
-11.299808 -76.974014 31.358189
-11.486149 -78.556259 31.531319
-11.401250 -80.071381 31.732628
-11.109324 -81.512665 31.965210
-10.705996 -82.901871 32.182785
-10.310049 -84.292542 32.291702
-10.023787 -85.732620 32.192684
-9.934338 -87.240494 31.808411
-10.104382 -88.791847 31.107281
-10.563251 -90.325134 30.105690
-11.269150 -91.784256 28.882660
-12.183508 -93.131248 27.502548
-13.267935 -94.340210 26.028393
-14.492226 -95.386276 24.521950
-15.821553 -96.259262 23.045210
-17.220778 -96.959724 21.648472
-18.643438 -97.485641 20.380861
-18.842665 -96.233231 22.347572
-19.264338 -94.903702 24.341043
-19.832455 -93.512581 26.420618
-20.476557 -92.052513 28.628323
-21.097296 -90.485214 30.991842
-21.585859 -88.771568 33.519550
-21.875143 -86.906265 36.192707
-21.928995 -84.904167 38.977711
-21.748711 -82.803787 41.823601
-21.378479 -80.668114 44.686897
-20.907440 -78.570015 47.506306
-20.419922 -76.571579 50.221748
-19.987909 -74.716133 52.773724
-19.663147 -73.013428 55.119415
-19.471222 -71.429520 57.260632
-19.401440 -69.908234 59.203503
-19.442402 -68.398849 60.963818
-19.579281 -66.860802 62.552647
-19.795570 -65.272690 63.991096
-20.058910 -63.629501 65.296196
-20.330551 -61.934814 66.479073
-20.566624 -60.195431 67.546898
-20.721003 -58.418674 68.503929
-20.761072 -56.603069 69.358627
-20.674150 -54.748230 70.124840
-20.463131 -52.848743 70.821510
-20.146814 -50.901272 71.478798
-19.746828 -48.909313 72.123215
-19.291645 -46.898937 72.773941
-18.816732 -44.910793 73.430588
-17.509022 -95.668770 23.880075
-18.041330 -94.356239 26.097330
-18.733664 -93.012589 28.359108
-19.488674 -91.598236 30.705126
-20.184254 -90.049652 33.163395
-20.707075 -88.323753 35.749104
-20.988392 -86.421272 38.442566
-20.990833 -84.367851 41.201641
-20.730949 -82.223343 43.976482
-20.271887 -80.065506 46.721371
-19.717731 -77.973572 49.375927
-19.162865 -76.006760 51.884140
-18.684792 -74.192123 54.203644
-18.334530 -72.511932 56.338062
-18.129864 -70.923325 58.291473
-18.057367 -69.370148 60.073124
-18.103537 -67.806618 61.689835
-18.247955 -66.207275 63.160797
-18.465296 -64.563187 64.500465
-18.716335 -62.875507 65.721497
-18.958437 -61.151356 66.835709
-19.147598 -59.399319 67.853622
-19.254448 -57.620842 68.790489
-19.257828 -55.807381 69.652191
-19.158428 -53.951012 70.455421
-18.968090 -52.040169 71.220810
-18.703342 -50.066986 71.967659
-18.370152 -48.037289 72.702087
-17.985846 -45.977684 73.424126
-16.234283 -94.987564 25.489573
-16.894739 -93.726372 27.897591
-17.706926 -92.440575 30.308195
-18.551016 -91.062218 32.757549
-19.296768 -89.517426 35.282234
-19.822437 -87.762856 37.897614
-20.053139 -85.808395 40.576847
-19.964329 -83.703018 43.275589
-19.593418 -81.525208 45.940945
-19.028034 -79.365387 48.525108
-18.388903 -77.303131 50.971550
-17.781469 -75.382904 53.241673
-17.281919 -73.600044 55.342388
-16.929262 -71.923279 57.281113
-16.734024 -70.306252 59.066669
-16.680605 -68.697983 60.699532
-16.748392 -67.069595 62.195168
-16.909109 -65.410049 63.566376
-17.129490 -63.718365 64.824196
-17.365484 -61.999474 65.982239
-17.572926 -60.261871 67.055481
-17.721470 -58.508247 68.062241
-17.793715 -56.732716 69.013672
-17.782339 -54.918850 69.915428
-17.697901 -53.051685 70.785057
-17.550850 -51.114090 71.633247
-17.341572 -49.100372 72.462547
-17.063322 -47.020931 73.263939
-15.041674 -94.170235 27.140238
-15.827982 -92.977783 29.692669
-16.738958 -91.744431 32.206928
-17.646778 -90.388954 34.725327
-18.408297 -88.830734 37.285118
-18.888672 -87.030350 39.894875
-19.021057 -85.021225 42.523155
-18.803493 -82.875870 45.120327
-18.301823 -80.690056 47.630444
-17.631901 -78.559906 50.008083
-16.931921 -76.551750 52.216362
-16.306602 -74.674675 54.267628
-15.816292 -72.907104 56.173317
-15.489237 -71.210945 57.945271
-15.330531 -69.543198 59.583302
-15.315359 -67.870804 61.096558
-15.415162 -66.181175 62.494331
-15.594818 -64.472267 63.787060
-15.814439 -62.747845 64.987244
-16.027678 -61.014320 66.111649
-16.201553 -59.274754 67.180603
-16.318375 -57.524513 68.206955
-16.374472 -55.749989 69.199432
-16.373291 -53.927273 70.162621
-16.324799 -52.035416 71.104324
-16.223341 -50.060001 72.021606
-16.053743 -48.002785 72.904243
-13.950321 -93.197632 28.769636
-14.843849 -92.070015 31.413155
-15.830269 -90.876335 33.989182
-16.767181 -89.524315 36.539738
-17.492407 -87.931221 39.095890
-17.871410 -86.077736 41.659866
-17.859800 -84.025528 44.192219
-17.488455 -81.869827 46.638458
-16.858501 -79.716866 48.945999
-16.114990 -77.651062 51.090923
-15.397156 -75.699913 53.088104
-14.790508 -73.852821 54.953972
-14.341668 -72.079117 56.703201
-14.071073 -70.342339 58.337402
-13.969241 -68.615974 59.863083
-14.003233 -66.885025 61.284187
-14.137719 -65.146912 62.608646
-14.331378 -63.404831 63.849510
-14.540312 -61.664639 65.022232
-14.727498 -59.928234 66.147293
-14.873388 -58.191807 67.238480
-14.974191 -56.443275 68.304550
-15.037183 -54.661602 69.350510
-15.066442 -52.816555 70.371788
-15.055833 -50.890285 71.364731
-14.982280 -48.877369 72.316124
-12.983747 -92.058228 30.308140
-13.966410 -90.981583 32.992359
-14.997751 -89.804855 35.585148
-15.913006 -88.428978 38.122242
-16.540539 -86.786140 40.629704
-16.764790 -84.888260 43.099224
-16.577232 -82.825241 45.484516
-16.050934 -80.707184 47.735050
-15.324977 -78.630600 49.822723
-14.554462 -76.636902 51.772942
-13.856889 -74.731834 53.603264
-13.301598 -72.893936 55.331272
-12.925530 -71.093338 56.960503
-12.730314 -69.307999 58.496334
-12.694651 -67.529312 59.939575
-12.778900 -65.753464 61.294880
-12.941197 -63.983501 62.573620
-13.136457 -62.224987 63.792385
-13.327573 -60.480473 64.968910
-13.491669 -58.746101 66.116531
-13.623542 -57.011086 67.243774
-13.731086 -55.256031 68.353844
-13.822998 -53.453552 69.441368
-13.887501 -51.576565 70.493607
-13.899218 -49.616867 71.497986
-12.177032 -90.768539 31.696922
-13.226373 -89.719658 34.369904
-14.259459 -88.530212 36.926086
-15.092360 -87.109650 39.401257
-15.564274 -85.420776 41.812016
-15.594688 -83.508858 44.140289
-15.222397 -81.483696 46.342255
-14.567326 -79.448441 48.391613
-13.789649 -77.455765 50.307434
-13.028130 -75.522278 52.113842
-12.381297 -73.640884 53.828674
-11.906920 -71.790237 55.458012
-11.619424 -69.952644 57.005962
-11.505587 -68.123604 58.472309
-11.534229 -66.305298 59.858620
-11.659102 -64.500191 61.174725
-11.834527 -62.713905 62.435974
-12.020863 -60.949520 63.660515
-12.195089 -59.205318 64.858559
-12.349276 -57.471443 66.037613
-12.491162 -55.730148 67.199295
-12.631272 -53.955822 68.335938
-12.762574 -52.123917 69.434151
-12.851835 -50.216660 70.476059
-11.567712 -89.349243 32.870682
-12.653193 -88.303574 35.470825
-13.631661 -87.080338 37.941620
-14.322355 -85.614655 40.313236
-14.590165 -83.903015 42.592648
-14.404336 -82.018700 44.757389
-13.859732 -80.070839 46.783276
-13.114836 -78.121780 48.684715
-12.317751 -76.198463 50.481770
-11.594080 -74.300766 52.195454
-11.026858 -72.419678 53.833324
-10.648155 -70.543266 55.398933
-10.453613 -68.671059 56.891083
-10.417597 -66.808998 58.310719
-10.499374 -64.964951 59.664551
-10.649134 -63.144325 60.967506
-10.824826 -61.351093 62.235947
-11.002203 -59.585255 63.480499
-11.172810 -57.840691 64.705093
-11.343341 -56.101402 65.909561
-11.525634 -54.343842 67.084595
-11.714869 -52.544632 68.215263
-11.881354 -50.687454 69.282669
-11.188879 -87.842934 33.755421
-12.258209 -86.783447 36.238041
-13.119922 -85.522598 38.592831
-13.609097 -84.023964 40.843773
-13.632081 -82.316826 42.987267
-13.224819 -80.488686 45.006592
-12.541828 -78.616844 46.909863
-11.737791 -76.736595 48.714241
-10.951278 -74.855690 50.439487
-10.295908 -72.968117 52.095356
-9.825205 -71.070534 53.685345
-9.547290 -69.167320 55.207626
-9.442228 -67.268265 56.662613
-9.472466 -65.384476 58.056488
-9.591440 -63.526245 59.401123
-9.751447 -61.698082 60.712379
-9.926758 -59.902283 61.999481
-10.108644 -58.135796 63.266106
-10.304266 -56.388126 64.508209
-10.525911 -54.637966 65.715141
-10.770570 -52.863110 66.870987
-11.009849 -51.046650 67.955696
-11.051573 -86.309723 34.300941
-12.041477 -85.229614 36.648823
-12.716665 -83.928642 38.890545
-12.942487 -82.403549 41.035686
-12.692417 -80.714836 43.070141
-12.089108 -78.938332 44.994221
-11.295575 -77.123901 46.821278
-10.464274 -75.284546 48.570530
-9.723248 -73.418060 50.253994
-9.158915 -71.519714 51.875381
-8.794119 -69.600685 53.432858
-8.616893 -67.675270 54.926186
-8.592153 -65.757942 56.361164
-8.674288 -63.861633 57.749237
-8.815268 -61.995880 59.102913
-8.984900 -60.164879 60.431393
-9.173600 -58.369442 61.736839
-9.390535 -56.604275 63.014366
-9.649805 -54.854580 64.250107
-9.949409 -53.098953 65.427574
-10.261919 -51.318840 66.526146
-11.103729 -84.805862 34.530830
-11.933086 -83.686386 36.767673
-12.342407 -82.332733 38.927212
-12.255502 -80.784042 40.996498
-11.752336 -79.113632 42.961479
-10.985149 -77.375702 44.826488
-10.121838 -75.593666 46.610786
-9.307424 -73.766281 48.329060
-8.645842 -71.889023 49.988071
-8.189868 -69.969994 51.585033
-7.936096 -68.029968 53.119617
-7.853502 -66.087715 54.596970
-7.896482 -64.159058 56.028435
-8.013892 -62.255592 57.426010
-8.174500 -60.387451 58.795753
-8.365642 -58.558704 60.139797
-8.597472 -56.769924 61.451691
-8.888659 -55.013203 62.716850
-9.239649 -53.271614 63.916504
-9.623432 -51.524017 65.029755
-11.264647 -83.337677 34.515675
-11.840682 -82.149040 36.687492
-11.913013 -80.733986 38.799530
-11.522554 -79.167496 40.821831
-10.798391 -77.511314 42.742012
-9.914732 -75.793259 44.572952
-9.034154 -74.016510 46.333614
-8.283081 -72.173904 48.034340
-7.728852 -70.271965 49.675728
-7.393924 -68.329536 51.254776
-7.250322 -66.371765 52.776535
-7.253068 -64.418335 54.251980
-7.345817 -62.482933 55.693115
-7.493941 -60.577812 57.105740
-7.683257 -58.714104 58.488911
-7.923255 -56.897461 59.836159
-8.235916 -55.126945 61.131741
-8.629423 -53.392067 62.356258
-9.079171 -51.672379 63.487133
-11.432796 -81.874374 34.352646
-11.663421 -80.594795 36.501663
-11.392141 -79.128403 38.586353
-10.725493 -77.550476 40.574306
-9.832726 -75.899330 42.464844
-8.892868 -74.178101 44.275494
-8.054929 -72.379105 46.023010
-7.406633 -70.504562 47.711254
-6.982607 -68.572418 49.339451
-6.774726 -66.608467 50.908413
-6.736312 -64.638092 52.429462
-6.804887 -62.677898 53.914577
-6.940021 -60.741467 55.369987
-7.123532 -58.842602 56.794331
-7.364592 -56.995567 58.178246
-7.687871 -55.205414 59.506302
-8.108480 -53.467949 60.758324
-8.612598 -51.768208 61.910896
-11.497767 -80.376312 34.133648
-11.354775 -79.015648 36.274654
-10.756657 -77.513626 38.333069
-9.867288 -75.926620 40.290962
-8.873338 -74.264236 42.159443
-7.950842 -72.513298 43.958256
-7.207684 -70.673119 45.697056
-6.696351 -68.758781 47.376270
-6.418030 -66.797485 48.997318
-6.337929 -64.817360 50.566616
-6.383794 -62.839302 52.097221
-6.507492 -60.878181 53.595985
-6.684023 -58.948906 55.061924
-6.919103 -57.069492 56.485062
-7.241115 -55.254467 57.847603
-7.673144 -53.505589 59.129940
-8.211699 -51.813507 60.307903
-11.396811 -78.829895 33.913506
-10.880038 -77.411331 36.036240
-10.005586 -75.888725 38.060528
-8.966912 -74.285828 39.988865
-7.959827 -72.588379 41.842640
-7.120969 -70.786987 43.634727
-6.520112 -68.895485 45.368340
-6.172662 -66.941841 47.043446
-6.048276 -64.958000 48.666039
-6.073958 -62.967907 50.244774
-6.189255 -60.988014 51.788479
-6.359898 -59.033546 53.296921
-6.584770 -57.123753 54.760345
-6.892567 -55.277973 56.160465
-7.318109 -53.508087 57.475796
-7.870842 -51.810997 58.682518
-11.069225 -77.237717 33.703606
-10.226502 -75.789490 35.787434
-9.156653 -74.250534 37.771202
-8.073339 -72.612053 39.677925
-7.135823 -70.857552 41.524864
-6.442431 -68.994072 43.315113
-6.022246 -67.052223 45.047916
-5.854203 -65.068283 46.726074
-5.859560 -63.070477 48.358055
-5.969914 -61.076355 49.949539
-6.137553 -59.100975 51.502495
-6.351491 -57.163372 53.007751
-6.636491 -55.284615 54.447197
-7.035940 -53.482506 55.799232
-7.579161 -51.765770 57.038109
-10.508558 -75.617012 33.488117
-9.423456 -74.154816 35.518181
-8.276821 -72.584503 37.470306
-7.246041 -70.887146 39.367607
-6.454464 -69.061394 41.215763
-5.957642 -67.136459 43.009117
-5.743364 -65.155464 44.747078
-5.729766 -63.152691 46.434784
-5.838680 -61.147121 48.079193
-6.008002 -59.153786 49.679707
-6.213099 -57.190296 51.229229
-6.471336 -55.277843 52.709980
-6.830074 -53.436852 54.100899
-7.336415 -51.683914 55.376160
-9.745293 -73.982002 33.244762
-8.550143 -72.496559 35.230652
-7.437534 -70.870499 37.168716
-6.549879 -69.096825 39.069729
-5.969728 -67.199303 40.926029
-5.705911 -65.226097 42.727638
-5.672740 -63.220791 44.475677
-5.783195 -61.205891 46.175610
-5.960752 -59.195477 47.828953
-6.162006 -57.206772 49.426052
-6.393239 -55.259686 50.950840
-6.702528 -53.375816 52.382881
-7.149404 -51.575348 53.697254
-8.869189 -72.325485 32.973606
-7.687300 -70.792206 34.938808
-6.712664 -69.089424 36.882721
-6.049311 -67.236244 38.798534
-5.731277 -65.281548 40.668125
-5.678671 -63.278275 42.481094
-5.793729 -61.255623 44.241318
-5.985380 -59.229118 45.950157
-6.190935 -57.212994 47.600365
-6.397835 -55.228588 49.172684
-6.651560 -53.297386 50.648571
-7.021875 -51.441418 52.004532
-7.972074 -70.623985 32.692337
-6.921038 -69.017632 34.665287
-6.179732 -67.231537 36.631676
-5.805062 -65.314453 38.568100
-5.729637 -63.324524 40.451813
-5.850718 -61.298645 42.277416
-6.061725 -59.256622 44.046726
-6.280665 -57.212677 45.752979
-6.472117 -55.185822 47.378654
-6.670660 -53.202599 48.901970
-6.952883 -51.284710 50.302338
-7.151744 -68.847450 32.432018
-6.339051 -67.157219 34.435932
-5.908487 -65.302979 36.432411
-5.805999 -63.346794 38.387611
-5.931923 -61.329170 40.285278
-6.166015 -59.275715 42.120438
-6.406997 -57.203152 43.887966
-6.596515 -55.132473 45.570328
-6.748131 -53.089714 47.147007
-6.938993 -51.104347 48.595299
-6.502892 -66.973602 32.226593
-6.017862 -65.212936 34.272160
-5.885176 -63.317101 36.294014
-6.011336 -61.329273 38.265747
-6.270492 -59.275574 40.173805
-6.540869 -57.177544 42.008133
-6.741014 -55.060566 43.752708
-6.864089 -52.956722 45.386349
-6.968891 -50.895004 46.888386
-6.106842 -64.998886 32.104145
-5.940490 -63.194984 34.183804
-6.060525 -61.264851 36.226048
-6.340881 -59.233749 38.209343
-6.646555 -57.120880 40.117329
-6.869223 -54.959648 41.929585
-6.980238 -52.791004 43.625763
-7.022031 -50.652370 45.184914
-5.939166 -62.926785 32.079475
-6.044974 -61.086815 34.184788
-6.338077 -59.108078 36.239761
-6.677618 -57.005035 38.222733
-6.933747 -54.809635 40.108356
-7.049368 -52.577309 41.871571
-7.047928 -50.357597 43.492466
-5.940932 -60.749317 32.161713
-6.232500 -58.858414 34.280750
-6.596092 -56.800404 36.333603
-6.889297 -54.600536 38.291348
-7.028306 -52.316525 40.124714
-7.009456 -50.018639 41.809494
-6.006279 -58.441601 32.356846
-6.377437 -56.470634 34.470360
-6.701179 -54.308823 36.492241
-6.875311 -52.007103 38.390553
-6.865786 -49.643158 40.137608
-6.016222 -55.982044 32.656879
-6.356228 -53.910416 34.731239
-6.565679 -51.640728 36.683270
-6.586745 -49.246677 38.481792
-5.862779 -53.379814 33.031746
-6.100106 -51.206226 35.023415
-6.160348 -48.835838 36.857655
-5.517687 -50.688751 33.422482
-5.618105 -48.417221 35.278320
-5.014335 -47.975067 33.753967
-21.462509 -97.359848 19.271086
-23.139702 -96.687744 19.270592
-24.892900 -95.867142 19.419266
-26.667662 -94.948380 19.834543
-28.405691 -93.980705 20.652222
-30.019299 -93.015747 21.970768
-31.427271 -92.090302 23.766195
-32.589882 -91.212494 25.943195
-33.532787 -90.354256 28.364195
-34.331184 -89.449303 30.893278
-35.090897 -88.425888 33.400414
-35.884285 -87.233505 35.784756
-36.751640 -85.850861 37.960800
-37.705395 -84.284996 39.860390
-38.735725 -82.568672 41.444901
-39.816612 -80.752373 42.736519
-40.923691 -78.873505 43.765526
-42.032581 -76.961945 44.574913
-43.118507 -75.039589 45.206516
-44.161766 -73.121170 45.714760
-45.150093 -71.213730 46.139229
-46.076950 -69.320580 46.506420
-46.941906 -67.443253 46.833035
-47.750031 -65.583572 47.126999
-48.518173 -63.741119 47.393749
-49.261658 -61.917210 47.633896
-49.995522 -60.113682 47.846737
-50.732254 -58.334656 48.028763
-51.478588 -56.585335 48.173965
-52.231674 -54.876205 48.270973
-52.975029 -53.237518 48.299728
-21.864704 -96.004944 20.944860
-23.566196 -95.170349 21.005062
-25.280403 -94.235771 21.235922
-26.969618 -93.240997 21.779633
-28.576992 -92.237274 22.772655
-30.022402 -91.272011 24.277493
-31.232058 -90.370552 26.233007
-32.194763 -89.526215 28.513382
-32.961956 -88.696724 30.973787
-33.650017 -87.803368 33.491489
-34.357025 -86.778679 35.954494
-35.147591 -85.577789 38.268478
-36.051296 -84.184875 40.348701
-37.066345 -82.611763 42.128094
-38.160984 -80.892273 43.587402
-39.299206 -79.076767 44.751144
-40.449505 -77.201065 45.657070
-41.583057 -75.294159 46.348217
-42.673252 -73.373634 46.880207
-43.704929 -71.453239 47.304470
-44.670315 -69.540253 47.656166
-45.568245 -67.638458 47.958973
-46.403957 -65.750748 48.226036
-47.194397 -63.878548 48.470673
-47.958015 -62.023262 48.693661
-48.712776 -60.186954 48.894497
-49.476208 -58.372871 49.068432
-50.261055 -56.585846 49.207108
-51.072277 -54.832241 49.294399
-51.914165 -53.124004 49.299339
-22.264492 -94.536270 22.720026
-23.949629 -93.558731 22.843761
-25.591097 -92.510132 23.177711
-27.162674 -91.437141 23.861078
-28.625380 -90.394180 25.009039
-29.899855 -89.422920 26.659956
-30.930567 -88.535461 28.716518
-31.729017 -87.709457 31.034779
-32.388813 -86.885445 33.478294
-33.020527 -85.984344 35.944923
-33.716064 -84.942879 38.330433
-34.530964 -83.721786 40.540909
-35.482674 -82.310837 42.490139
-36.550007 -80.725487 44.129047
-37.691280 -79.000771 45.440430
-38.861427 -77.185066 46.456387
-40.022827 -75.313637 47.214806
-41.145050 -73.411522 47.776199
-42.208286 -71.494370 48.197807
-43.202637 -69.575317 48.526657
-44.126492 -67.661613 48.794868
-44.985321 -65.758186 49.022259
-45.798073 -63.865864 49.229027
-46.583389 -61.986954 49.423561
-47.362110 -60.123405 49.604500
-48.155426 -58.277718 49.767559
-48.981903 -56.451889 49.904373
-49.852028 -54.650036 49.997116
-50.776657 -52.879246 50.012383
-22.697868 -92.975418 24.643141
-24.302443 -91.862099 24.851526
-25.818056 -90.702438 25.304672
-27.243557 -89.553925 26.117832
-28.547480 -88.470551 27.391022
-29.659761 -87.490120 29.135017
-30.539192 -86.610016 31.225346
-31.238150 -85.787445 33.518036
-31.848082 -84.954460 35.896973
-32.472313 -84.031517 38.270908
-33.193432 -82.959503 40.535538
-34.054493 -81.704849 42.593468
-35.052998 -80.265083 44.377022
-36.157585 -78.659798 45.837898
-37.319546 -76.925560 46.969505
-38.487156 -75.109711 47.801773
-39.622997 -73.244278 48.395805
-40.703804 -71.351242 48.814278
-41.717129 -69.443932 49.113472
-42.659901 -67.534134 49.336983
-43.537834 -65.629868 49.512489
-44.370987 -63.731808 49.668446
-45.179268 -61.841740 49.818008
-45.983463 -59.961395 49.967720
-46.807606 -58.093670 50.111897
-47.672577 -56.239700 50.243511
-48.592789 -54.401363 50.346710
-49.580276 -52.584789 50.391285
-23.126621 -91.327171 26.758171
-24.586092 -90.083221 27.073582
-25.939312 -88.822151 27.646137
-27.196524 -87.602615 28.573833
-28.339905 -86.481789 29.934456
-29.306635 -85.492722 31.711548
-30.091320 -84.613449 33.770462
-30.746408 -83.785034 35.985516
-31.357891 -82.932518 38.253159
-32.018074 -81.975487 40.485081
-32.795788 -80.858803 42.571651
-33.710724 -79.559387 44.434196
-34.748310 -78.081711 46.003315
-35.868641 -76.451759 47.242336
-37.018154 -74.709122 48.146484
-38.148254 -72.898590 48.774063
-39.230892 -71.047287 49.190300
-40.250996 -69.173546 49.455891
-41.204967 -67.287102 49.626751
-42.097633 -65.399292 49.741055
-42.949257 -63.511490 49.835655
-43.779892 -61.625629 49.929394
-44.611252 -59.742908 50.032772
-45.466366 -57.865524 50.147873
-46.367310 -55.995510 50.266365
-47.328449 -54.134560 50.374519
-48.362228 -52.287178 50.448257
-23.484762 -89.584572 29.095114
-24.761391 -88.224167 29.525505
-25.929058 -86.873047 30.213694
-27.013248 -85.592857 31.236837
-28.003706 -84.442101 32.645367
-28.871216 -83.446091 34.398785
-29.610947 -82.563080 36.375057
-30.271744 -81.721039 38.464245
-30.929749 -80.838188 40.568939
-31.661499 -79.833000 42.598507
-32.508419 -78.660767 44.461578
-33.475300 -77.307899 46.074291
-34.535557 -75.789352 47.377785
-35.642124 -74.139397 48.338123
-36.747040 -72.399399 48.991692
-37.815018 -70.607086 49.402454
-38.828640 -68.783768 49.634403
-39.783150 -66.942734 49.747318
-40.684208 -65.090897 49.793144
-41.550838 -63.230480 49.818527
-42.402283 -61.364464 49.847698
-43.259682 -59.494118 49.895687
-44.146336 -57.621613 49.967888
-45.081303 -55.747860 50.062920
-46.078529 -53.876141 50.165897
-47.148327 -52.010914 50.256340
-23.714542 -87.741280 31.647907
-24.790676 -86.283325 32.195179
-25.774725 -84.862587 32.991028
-26.697052 -83.540024 34.091526
-27.577110 -82.372719 35.511063
-28.388157 -81.371613 37.201069
-29.126945 -80.479370 39.053207
-29.835175 -79.612526 40.969360
-30.574089 -78.683029 42.854500
-31.389248 -77.616699 44.640091
-32.303993 -76.379311 46.226608
-33.307236 -74.971085 47.538544
-34.361809 -73.419708 48.517921
-35.424049 -71.766945 49.180462
-36.462646 -70.047134 49.577606
-37.456367 -68.289421 49.772270
-38.400188 -66.507957 49.828152
-39.299732 -64.711967 49.800083
-40.175095 -62.896492 49.749161
-41.043343 -61.065453 49.706112
-41.924065 -59.221230 49.689774
-42.839287 -57.366405 49.709099
-43.807125 -55.502060 49.765095
-44.837334 -53.630440 49.849003
-45.938782 -51.757854 49.939678
-23.772158 -85.797516 34.385632
-24.660021 -84.271118 35.045017
-25.483105 -82.809586 35.939369
-26.295284 -81.471367 37.091511
-27.110229 -80.301468 38.493744
-27.906815 -79.296112 40.088940
-28.682371 -78.384460 41.780182
-29.468067 -77.473503 43.477150
-30.294998 -76.479599 45.111801
-31.188229 -75.339027 46.608032
-32.151436 -74.033409 47.873310
-33.159779 -72.578964 48.830452
-34.175743 -71.016418 49.476379
-35.172695 -69.381569 49.847500
-36.135574 -67.698776 50.000843
-37.057690 -65.987610 49.998730
-37.945511 -64.256676 49.899612
-38.819218 -62.502052 49.766922
-39.696728 -60.720295 49.643787
-40.594963 -58.914688 49.553955
-41.533817 -57.089142 49.509037
-42.529335 -55.245300 49.512463
-43.589844 -53.385757 49.557320
-44.719902 -51.515762 49.628464
-23.650553 -83.770493 37.269760
-24.384693 -82.213020 38.035618
-25.109823 -80.746506 39.006714
-25.866587 -79.418373 40.185654
-26.664082 -78.259125 41.542782
-27.484886 -77.247116 43.013279
-28.324900 -76.298805 44.508064
-29.191475 -75.323677 45.966770
-30.096531 -74.248718 47.317146
-31.044306 -73.028175 48.488041
-32.021313 -71.662148 49.384941
-32.998486 -70.184914 49.988453
-33.954277 -68.632591 50.320419
-34.878307 -67.030785 50.426510
-35.770775 -65.393196 50.367588
-36.637558 -63.731644 50.200447
-37.499344 -62.041302 49.991577
-38.374039 -60.320004 49.783688
-39.279613 -58.563965 49.611946
-40.232990 -56.777794 49.491913
-41.247707 -54.964516 49.428589
-42.330215 -53.127262 49.416862
-43.483440 -51.271492 49.443081
-23.372826 -81.695824 40.257732
-24.026646 -80.148972 41.110435
-24.717365 -78.710724 42.133385
-25.474529 -77.416885 43.307495
-26.300047 -76.278465 44.585316
-27.176025 -75.251427 45.897083
-28.084959 -74.249672 47.181942
-29.020765 -73.194847 48.378826
-29.977587 -72.032509 49.420849
-30.942757 -70.738335 50.230728
-31.895277 -69.335335 50.773270
-32.819660 -67.855606 51.057434
-33.709724 -66.325333 51.117710
-34.569481 -64.759285 51.006317
-35.411007 -63.163006 50.780579
-36.253487 -61.535072 50.504646
-37.115234 -59.872116 50.222439
-38.013748 -58.171738 49.967522
-38.967194 -56.432274 49.765297
-39.986858 -54.657257 49.623997
-41.077549 -52.850788 49.539787
-42.240688 -51.018257 49.500629
-23.005060 -79.619728 43.289139
-23.650890 -78.122231 44.204723
-24.370493 -76.744064 45.246063
-25.179865 -75.505379 46.374649
-26.069817 -74.390518 47.531254
-27.010263 -73.338547 48.667282
-27.979187 -72.273666 49.723957
-28.959272 -71.135719 50.644737
-29.931984 -69.892075 51.356686
-30.877926 -68.546341 51.833977
-31.787012 -67.124413 52.071819
-32.657349 -65.650764 52.094807
-33.495842 -64.141411 51.946751
-34.316780 -62.602882 51.678528
-35.141716 -61.029335 51.353630
-35.987289 -59.419510 51.013741
-36.870476 -57.769928 50.692524
-37.807728 -56.079983 50.412903
-38.812576 -54.347691 50.190762
-39.889862 -52.577000 50.025269
-41.040588 -50.773300 49.905769
-22.616995 -77.598228 46.298172
-23.319614 -76.181801 47.243065
-24.119530 -74.885429 48.258549
-25.015970 -73.705696 49.292328
-25.979845 -72.600967 50.301922
-26.980051 -71.512238 51.240913
-27.989828 -70.379265 52.056396
-28.984695 -69.162415 52.685852
-29.943171 -67.858192 53.102066
-30.855970 -66.479881 53.302662
-31.725082 -65.049896 53.301327
-32.560387 -63.584385 53.134052
-33.378082 -62.091644 52.845490
-34.197350 -60.567741 52.492149
-35.034729 -59.006454 52.114933
-35.905109 -57.405483 51.746017
-36.823101 -55.762493 51.408291
-37.799332 -54.075970 51.114487
-38.843403 -52.343899 50.870468
-39.958447 -50.570992 50.668823
-22.272558 -75.681412 49.214851
-23.081945 -74.365845 50.147881
-23.993523 -73.153191 51.089855
-24.981319 -72.012115 52.001709
-26.014130 -70.898621 52.844063
-27.058653 -69.761269 53.575348
-28.086641 -68.558350 54.139168
-29.074219 -67.279045 54.511284
-30.011612 -65.933395 54.686470
-30.899885 -64.536736 54.674934
-31.752058 -63.105972 54.504536
-32.586376 -61.650867 54.213745
-33.419418 -60.169788 53.852417
-34.264275 -58.656799 53.456436
-35.133026 -57.103924 53.056953
-36.037975 -55.508949 52.676479
-36.987583 -53.867676 52.328209
-37.989285 -52.177601 52.016304
-39.053032 -50.437454 51.739849
-22.020893 -73.904076 51.969082
-22.964209 -72.687218 52.848915
-23.985559 -71.531525 53.693108
-25.057159 -70.403183 54.466576
-26.144888 -69.260513 55.134979
-27.216850 -68.065109 55.652927
-28.248295 -66.802345 55.997498
-29.227993 -65.478233 56.162640
-30.157789 -64.107788 56.155891
-31.047091 -62.704964 55.997078
-31.916882 -61.281815 55.718845
-32.781544 -59.838406 55.364582
-33.651478 -58.369663 54.966034
-34.533813 -56.866722 54.550285
-35.436810 -55.320446 54.139595
-36.367302 -53.725746 53.748402
-37.332790 -52.077457 53.383041
-38.341660 -50.373508 53.042404
-21.886852 -72.269859 54.502537
-22.956375 -71.119965 55.309959
-24.077282 -69.990692 56.044769
-25.218786 -68.848495 56.677715
-26.349035 -67.660324 57.171432
-27.439430 -66.410423 57.507225
-28.478792 -65.102798 57.678215
-29.467337 -63.751064 57.689308
-30.415594 -62.371269 57.557507
-31.337988 -60.974884 57.304840
-32.249073 -59.564259 56.969891
-33.157207 -58.134708 56.580566
-34.066277 -56.677082 56.161102
-34.979042 -55.180180 55.730953
-35.899818 -53.631458 55.306522
-36.836845 -52.025410 54.897053
-37.800247 -50.357784 54.504650
-21.859749 -70.739861 56.793030
-23.042343 -69.624405 57.520592
-24.248333 -68.492226 58.147213
-25.450092 -67.315910 58.642555
-26.617319 -66.080414 58.990967
-27.733244 -64.787872 59.185165
-28.797863 -63.451805 59.228619
-29.818911 -62.088799 59.134281
-30.811066 -60.713886 58.921246
-31.779648 -59.329453 58.616493
-32.734192 -57.932140 58.246422
-33.676804 -56.512306 57.833042
-34.607105 -55.057602 57.394211
-35.525681 -53.553543 56.945690
-36.441757 -51.988396 56.500690
-37.367626 -50.358063 56.065224
-21.928869 -69.264771 58.854778
-23.207699 -68.154411 59.502220
-24.488857 -66.997948 60.022850
-25.744295 -65.782074 60.404667
-26.953419 -64.507675 60.640533
-28.108040 -63.186913 60.730019
-29.214859 -61.837746 60.684704
-30.284184 -60.476738 60.519016
-31.320988 -59.110428 60.257492
-32.326782 -57.735802 59.916519
-33.305737 -56.344055 59.518620
-34.255917 -54.922001 59.080559
-35.176891 -53.454723 58.618469
-36.077080 -51.929447 58.146812
-36.972626 -50.336937 57.676788
-22.081800 -67.797791 60.707413
-23.446026 -66.672897 61.276165
-24.793056 -65.485298 61.710152
-26.102829 -64.235626 62.004944
-27.360916 -62.934017 62.157738
-28.563251 -61.598057 62.173496
-29.717604 -60.246384 62.065659
-30.824879 -58.888435 61.854225
-31.886923 -57.525314 61.555164
-32.902267 -56.149849 61.182262
-33.870945 -54.749454 60.754013
-34.793594 -53.309574 60.287476
-35.680214 -51.817863 59.799355
-36.548294 -50.264484 59.303787
-22.311773 -66.303413 62.372490
-23.747917 -65.156418 62.876728
-25.155548 -63.940941 63.244434
-26.518875 -62.665939 63.474697
-27.825066 -61.346722 63.567692
-29.069036 -60.002426 63.528748
-30.250143 -58.646420 63.377419
-31.367214 -57.283524 63.126892
-32.418919 -55.911076 62.791229
-33.402493 -54.520100 62.381729
-34.322784 -53.097668 61.919144
-35.193504 -51.632374 61.423248
-36.035236 -50.114906 60.912151
-22.602547 -64.756851 63.874153
-24.098049 -63.588623 64.328720
-25.556465 -62.350281 64.646614
-26.961426 -61.055260 64.828659
-28.296898 -59.720615 64.873711
-29.551149 -58.363022 64.792664
-30.721828 -56.992504 64.599815
-31.805763 -55.611633 64.307304
-32.799637 -54.217033 63.927193
-33.711063 -52.801922 63.476223
-34.560135 -51.356415 62.980370
-35.372791 -49.871635 62.462906
-22.929506 -63.148865 65.235664
-24.465950 -61.960068 65.649506
-25.953547 -60.699646 65.926117
-27.370399 -59.382507 66.063911
-28.695684 -58.025475 66.066437
-29.917324 -56.644428 65.940147
-31.031189 -55.248535 65.698967
-32.032585 -53.841400 65.353760
-32.930820 -52.423611 64.924377
-33.753887 -50.991020 64.436623
-34.534248 -49.534897 63.921909
-23.255470 -61.477032 66.467308
-24.804869 -60.264599 66.841995
-26.284603 -58.976688 67.074051
-27.669573 -57.629562 67.166275
-28.938667 -56.241158 67.118042
-30.080498 -54.829102 66.936295
-31.089045 -53.405006 66.634216
-31.975693 -51.977695 66.233337
-32.770855 -50.549469 65.765198
-33.517628 -49.115398 65.263489
-23.531538 -59.741360 67.568298
-25.052870 -58.497513 67.893661
-26.480303 -57.174103 68.073967
-27.787018 -55.789619 68.107864
-28.954046 -54.365826 67.995949
-29.970461 -52.924809 67.745827
-30.848532 -51.483765 67.383858
-31.621883 -50.051754 66.945282
-32.335392 -48.629364 66.471329
-23.699385 -57.943428 68.527367
-25.150747 -56.660450 68.791443
-26.481941 -55.295811 68.903763
-27.668335 -53.872768 68.864861
-28.692812 -52.418995 68.677849
-29.566320 -50.962486 68.366234
-30.323502 -49.519482 67.970970
-31.012058 -48.096416 67.537201
-23.710941 -56.089066 69.339821
-25.053295 -54.762676 69.523933
-26.251751 -53.357155 69.553551
-27.283672 -51.901810 69.433388
-28.155649 -50.430408 69.185349
-28.902197 -48.970108 68.847702
-29.571568 -47.534340 68.470360
-23.547314 -54.188370 70.016380
-24.751953 -52.819698 70.108459
-25.791084 -51.378979 70.051186
-26.665401 -49.901016 69.870468
-27.405499 -48.419781 69.603226
-28.060556 -46.961441 69.294708
-23.208250 -52.247894 70.580231
-24.254105 -50.842243 70.579475
-25.134754 -49.373875 70.460564
-25.873590 -47.878376 70.264793
-26.516705 -46.391518 70.034851
-22.710817 -50.273762 71.070663
-23.601519 -48.838875 71.004845
-24.345356 -47.347038 70.871185
-24.980427 -45.838005 70.715981
-22.102468 -48.276497 71.553154
-22.858496 -46.818882 71.467529
-23.490898 -45.307835 71.372040
-21.442287 -46.279724 72.084709
-22.081440 -44.805305 72.027802
-20.769855 -44.324146 72.688362
-20.757078 -98.569611 17.720161
-21.732691 -99.265343 15.956761
-22.845816 -99.806915 14.145519
-24.067314 -100.128830 12.333595
-25.381304 -100.183754 10.562846
-26.776745 -99.959152 8.880974
-28.246307 -99.484390 7.326382
-29.792707 -98.793922 5.931437
-31.423260 -97.928154 4.719733
-33.150543 -96.918381 3.717683
-34.964348 -95.799042 2.917061
-36.838036 -94.579765 2.300938
-38.724712 -93.252457 1.838371
-40.557301 -91.793205 1.487392
-42.249561 -90.172043 1.198181
-43.734528 -88.386414 0.925047
-44.968597 -86.447174 0.638319
-45.954834 -84.378036 0.319025
-46.752659 -82.195580 -0.044716
-47.495697 -79.912361 -0.455169
-48.317169 -77.535873 -0.915042
-49.317001 -75.081139 -1.432940
-50.539093 -72.573387 -2.022799
-51.960468 -70.038048 -2.700036
-53.487144 -67.484695 -3.457423
-55.029167 -64.903275 -4.275842
-56.507000 -62.276794 -5.122429
-57.854187 -59.593018 -5.953855
-59.033653 -56.863098 -6.726076
-60.035233 -54.125580 -7.409362
-60.852005 -51.457130 -7.983764
-22.551409 -98.079475 17.590183
-23.698448 -98.703239 15.905300
-24.931625 -99.144150 14.228142
-26.244810 -99.336777 12.583479
-27.625038 -99.239624 11.003982
-29.062584 -98.858467 9.523863
-30.555170 -98.229141 8.184559
-32.108513 -97.395348 7.011376
-33.729996 -96.398048 6.030700
-35.434387 -95.282845 5.232045
-37.205265 -94.075073 4.605745
-39.005974 -92.778152 4.126619
-40.775803 -91.377983 3.755588
-42.433060 -89.849487 3.440390
-43.908443 -88.173164 3.131758
-45.142319 -86.355034 2.794635
-46.121906 -84.413849 2.409605
-46.889088 -82.373451 1.964623
-47.574284 -80.231812 1.471574
-48.320267 -77.990761 0.937344
-49.240215 -75.660995 0.360902
-50.393040 -73.263641 -0.265225
-51.768772 -70.825142 -0.953634
-53.283031 -68.345345 -1.704621
-54.837536 -65.825699 -2.510892
-56.346043 -63.252441 -3.350583
-57.736229 -60.615818 -4.191444
-58.962448 -57.916656 -5.000298
-60.009083 -55.176941 -5.753077
-60.872566 -52.430618 -6.445659
-24.383036 -97.373184 17.655338
-25.667822 -97.936310 16.097687
-27.013857 -98.288284 14.591239
-28.415052 -98.364906 13.145123
-29.857304 -98.136131 11.773061
-31.333092 -97.614037 10.511481
-32.841450 -96.846603 9.393826
-34.386787 -95.879745 8.445753
-35.979549 -94.770752 7.656256
-37.633179 -93.559357 7.016323
-39.324863 -92.266640 6.509774
-41.006702 -90.891045 6.104548
-42.605167 -89.416855 5.752007
-44.054405 -87.827881 5.402244
-45.287121 -86.112427 5.016576
-46.270363 -84.285530 4.569481
-47.026840 -82.368240 4.048690
-47.670162 -80.366371 3.467430
-48.346310 -78.263741 2.847291
-49.183121 -76.063286 2.196108
-50.255634 -73.781914 1.513119
-51.569977 -71.443146 0.790161
-53.051140 -69.050255 0.026569
-54.605301 -66.595673 -0.779332
-56.136330 -64.074783 -1.617262
-57.564468 -61.477592 -2.465750
-58.837769 -58.803009 -3.300972
-59.932507 -56.059940 -4.106715
-60.840652 -53.266434 -4.881232
-26.243666 -96.524612 17.957422
-27.637238 -97.033478 16.594690
-29.075718 -97.303734 15.305967
-30.547932 -97.276688 14.077786
-32.039375 -96.925232 12.927051
-33.538898 -96.273247 11.884092
-35.042500 -95.374046 10.981188
-36.557781 -94.292282 10.208193
-38.096531 -93.081161 9.555856
-39.668739 -91.778435 9.013554
-41.242924 -90.401192 8.558762
-42.760254 -88.946289 8.150967
-44.162102 -87.405769 7.745929
-45.382439 -85.768967 7.302757
-46.374161 -84.034782 6.793148
-47.136368 -82.222290 6.197629
-47.762348 -80.337303 5.531214
-48.384968 -78.368950 4.816691
-49.141827 -76.299698 4.076882
-50.126995 -74.138229 3.319220
-51.364407 -71.905075 2.540901
-52.792137 -69.604057 1.743020
-54.322968 -67.230148 0.921058
-55.861031 -64.769760 0.075908
-57.315903 -62.219772 -0.782347
-58.627178 -59.578201 -1.638017
-59.765152 -56.852257 -2.481354
-60.713715 -54.051895 -3.312281
-28.098564 -95.588074 18.604782
-29.567427 -96.050636 17.489908
-31.069069 -96.247467 16.434584
-32.590618 -96.120399 15.430050
-34.110390 -95.650726 14.490222
-35.609360 -94.869728 13.645961
-37.085327 -93.853539 12.896738
-38.548679 -92.665596 12.236090
-40.009907 -91.357910 11.653595
-41.471287 -89.965714 11.137421
-42.892494 -88.504585 10.656738
-44.227798 -86.978294 10.177532
-45.417671 -85.382042 9.662132
-46.412373 -83.714607 9.079282
-47.190094 -81.981934 8.407037
-47.818302 -80.191696 7.654699
-48.413116 -78.332481 6.846949
-49.103470 -76.388573 6.007600
-50.000355 -74.347801 5.159528
-51.149696 -72.223465 4.307243
-52.505478 -70.020370 3.454912
-53.990025 -67.733894 2.597496
-55.511177 -65.352684 1.731154
-56.975933 -62.863758 0.856881
-58.312592 -60.271423 -0.018811
-59.483551 -57.582546 -0.891021
-60.466759 -54.808277 -1.762375
-29.878252 -94.614540 19.707533
-31.384750 -95.039291 18.845352
-32.922176 -95.164276 18.014757
-34.470112 -94.935387 17.207685
-35.994183 -94.340637 16.442711
-37.471817 -93.439903 15.724840
-38.903419 -92.312973 15.058221
-40.299168 -91.023895 14.437180
-41.664131 -89.622597 13.850664
-42.990852 -88.143326 13.283478
-44.249931 -86.607407 12.712072
-45.394081 -85.019531 12.106264
-46.377506 -83.382393 11.436389
-47.169994 -81.701820 10.676064
-47.812103 -79.978676 9.834623
-48.397636 -78.204178 8.931239
-49.044250 -76.359863 7.991730
-49.860241 -74.432465 7.040176
-50.915363 -72.416229 6.096828
-52.185078 -70.313339 5.171390
-53.603371 -68.120499 4.259445
-55.084244 -65.826714 3.354798
-56.535618 -63.420952 2.452386
-57.881325 -60.896420 1.551882
-59.073280 -58.266083 0.651760
-60.082363 -55.541710 -0.252801
-31.492836 -93.650711 21.298376
-33.010368 -94.036835 20.659700
-34.566170 -94.081230 20.008686
-36.123913 -93.733124 19.346584
-37.637493 -93.013931 18.675383
-39.083488 -91.995789 18.007942
-40.463234 -90.761978 17.349300
-41.782860 -89.375420 16.694677
-43.039379 -87.885208 16.030924
-44.230297 -86.330284 15.354664
-45.324108 -84.730370 14.642813
-46.284492 -83.095428 13.871149
-47.080872 -81.433784 13.012300
-47.737766 -79.749985 12.071192
-48.323872 -78.032440 11.068838
-48.940701 -76.263565 10.025942
-49.692360 -74.425041 8.968972
-50.652836 -72.509148 7.919722
-51.825802 -70.504715 6.903300
-53.161797 -68.407402 5.918482
-54.582367 -66.207535 4.957749
-55.998634 -63.894047 4.012200
-57.332802 -61.461502 3.075717
-58.532104 -58.910156 2.143057
-59.558197 -56.258202 1.204755
-32.883514 -92.718903 23.315643
-34.408318 -93.048088 22.838903
-35.980389 -92.981819 22.303158
-37.541855 -92.503571 21.702976
-39.039978 -91.657288 21.050697
-40.451988 -90.524689 20.362379
-41.777836 -89.188873 19.643381
-43.016716 -87.712280 18.888641
-44.168808 -86.147682 18.099060
-45.224091 -84.529930 17.271685
-46.159958 -82.881660 16.386890
-46.951561 -81.216743 15.420042
-47.615330 -79.543945 14.373583
-48.202873 -77.858002 13.263913
-48.797138 -76.139542 12.115333
-49.493168 -74.368813 10.949717
-50.368385 -72.531815 9.791701
-51.437222 -70.618690 8.668438
-52.676800 -68.614944 7.592776
-54.020168 -66.510544 6.558513
-55.382767 -64.295319 5.553843
-56.687004 -61.962925 4.568630
-57.877552 -59.514179 3.592995
-58.911644 -56.953304 2.616370
-34.040489 -91.807411 25.641050
-35.588432 -92.037384 25.253935
-37.181168 -91.835991 24.751633
-38.745262 -91.218315 24.141483
-40.228085 -90.246605 23.441050
-41.607632 -89.005890 22.668430
-42.879959 -87.578720 21.829092
-44.044327 -86.030029 20.934700
-45.094852 -84.406715 19.985067
-46.021893 -82.743622 18.980785
-46.811539 -81.065643 17.899286
-47.477829 -79.387299 16.743322
-48.062702 -77.709534 15.525358
-48.633595 -76.019981 14.265325
-49.277065 -74.296173 12.990089
-50.068653 -72.521057 11.720402
-51.036022 -70.680771 10.487109
-52.165924 -68.764061 9.304714
-53.415901 -66.753128 8.179833
-54.708565 -64.637238 7.100386
-55.967205 -62.409821 6.052726
-57.134930 -60.069504 5.023806
-58.166553 -57.621323 3.999510
-35.011917 -90.862701 28.134359
-36.599285 -90.955101 27.757469
-38.214188 -90.601166 27.220287
-39.780201 -89.843552 26.537807
-41.248966 -88.754601 25.731472
-42.597790 -87.420143 24.821564
-43.822216 -85.923340 23.831444
-44.915226 -84.321251 22.770693
-45.870232 -82.659119 21.642784
-46.677372 -80.971581 20.444115
-47.353924 -79.283325 19.176865
-47.937229 -77.602440 17.851696
-48.485428 -75.923630 16.484180
-49.073471 -74.230553 15.097030
-49.780231 -72.501701 13.716805
-50.642067 -70.721039 12.371566
-51.659416 -68.875366 11.079864
-52.798878 -66.951935 9.849796
-54.004902 -64.933075 8.680709
-55.203648 -62.810356 7.557761
-56.336342 -60.580948 6.464787
-57.355976 -58.247242 5.385514
-35.868752 -89.821671 30.657581
-37.501152 -89.749252 30.223406
-39.135239 -89.237854 29.590908
-40.700695 -88.349403 28.782337
-42.154831 -87.161438 27.823643
-43.476166 -85.759056 26.754301
-44.654869 -84.214752 25.594143
-45.680901 -82.582123 24.356205
-46.544865 -80.905014 23.039774
-47.255905 -79.215424 21.663128
-47.851097 -77.532349 20.234154
-48.383423 -75.858383 18.765743
-48.920933 -74.183830 17.276041
-49.537613 -72.491531 15.787536
-50.288422 -70.759872 14.334421
-51.184471 -68.975525 12.933760
-52.206833 -67.125450 11.598087
-53.307941 -65.197906 10.328056
-54.431923 -63.176643 9.118812
-55.518936 -61.055763 7.952857
-56.519203 -58.835480 6.811728
-36.695786 -88.627510 33.092152
-38.365147 -88.382141 32.542820
-40.008240 -87.724411 31.766167
-41.565933 -86.728012 30.792366
-43.002548 -85.471046 29.668272
-44.292854 -84.025246 28.428217
-45.423412 -82.457642 27.094543
-46.379482 -80.819519 25.675858
-47.164291 -79.150818 24.192017
-47.799511 -77.476669 22.663992
-48.336853 -75.811310 21.101524
-48.840191 -74.152672 19.519760
-49.379860 -72.489388 17.936693
-50.016777 -70.801666 16.381809
-50.787109 -69.071213 14.879027
-51.683208 -67.286446 13.440591
-52.671936 -65.436096 12.072039
-53.703697 -63.509403 10.769215
-54.732216 -61.491325 9.523293
-55.704857 -59.378574 8.315150
-37.545891 -87.252518 35.345669
-39.234600 -86.845695 34.634815
-40.872219 -86.068314 33.680576
-42.413666 -84.998016 32.536415
-43.824341 -83.698532 31.242554
-45.075748 -82.234383 29.834366
-46.148869 -80.669273 28.329418
-47.036926 -79.048927 26.754789
-47.752472 -77.406715 25.132345
-48.327362 -75.762062 23.482449
-48.824238 -74.124619 21.817430
-49.311462 -72.490105 20.152485
-49.854107 -70.841766 18.511740
-50.498329 -69.163239 16.915508
-51.265587 -67.438034 15.383046
-52.134224 -65.657501 13.920993
-53.067383 -63.810860 12.529490
-54.022610 -61.887936 11.200047
-54.957767 -59.875580 9.921233
-38.446060 -85.697861 37.345993
-40.131680 -85.159119 36.445965
-41.750267 -84.300224 35.316978
-43.263218 -83.184372 34.004684
-44.635593 -81.868011 32.549534
-45.833263 -80.411346 30.980801
-46.842865 -78.871162 29.332609
-47.664375 -77.286125 27.632383
-48.317966 -75.684708 25.901514
-48.844856 -74.080536 24.160837
-49.313332 -72.480797 22.423471
-49.792313 -70.872902 20.709812
-50.335094 -69.243622 19.036201
-50.976528 -67.578041 17.419317
-51.725529 -65.862549 15.873172
-52.555294 -64.089050 14.399204
-53.432648 -62.247181 12.992419
-54.319309 -60.328083 11.642097
-39.402702 -83.990929 39.048111
-41.066578 -83.362022 37.970337
-42.651108 -82.451759 36.675789
-44.120480 -81.316528 35.209904
-45.435585 -80.008690 33.606434
-46.567791 -78.580742 31.908190
-47.508621 -77.081894 30.148397
-48.264168 -75.545937 28.353172
-48.862469 -73.996307 26.544477
-49.351475 -72.442825 24.742352
-49.804008 -70.881805 22.964722
-50.279789 -69.303802 21.225494
-50.823494 -67.696487 19.538477
-51.459908 -66.047722 17.916824
-52.190369 -64.343765 16.369026
-52.988670 -62.577477 14.891097
-53.824223 -60.739777 13.475317
-40.412315 -82.177902 40.455990
-42.037819 -81.490860 39.217941
-43.572571 -80.556038 37.779106
-44.978035 -79.426193 36.178223
-46.221493 -78.146645 34.460281
-47.278728 -76.762260 32.665047
-48.146317 -75.317276 30.824162
-48.837772 -73.840637 28.963623
-49.387997 -72.352707 27.104572
-49.853882 -70.849403 25.269825
-50.301071 -69.329399 23.472263
-50.782768 -67.783195 21.724268
-51.335888 -66.201057 20.037674
-51.977203 -64.570381 18.421597
-52.703224 -62.878418 16.878746
-53.488991 -61.119995 15.402058
-41.455318 -80.298676 41.596493
-43.028355 -79.581490 40.225506
-44.494919 -78.646767 38.665531
-45.823616 -77.541229 36.964912
-46.985870 -76.303238 35.164337
-47.962288 -74.973297 33.300747
-48.756607 -73.590889 31.405809
-49.389458 -72.182442 29.504339
-49.907833 -70.753593 27.619495
-50.364609 -69.300873 25.768791
-50.820454 -67.821877 23.964674
-51.322708 -66.309509 22.218706
-51.900234 -64.753220 20.540344
-52.562538 -63.141613 18.934122
-53.302345 -61.464096 17.399012
-42.512280 -78.385239 42.507324
-44.017437 -77.662376 41.031109
-45.406178 -76.746292 39.386505
-46.650837 -75.677376 37.617554
-47.726833 -74.490692 35.761532
-48.622150 -73.222916 33.854488
-49.347672 -71.911461 31.927280
-49.939236 -70.567467 30.005741
-50.441364 -69.197220 28.108557
-50.905628 -67.794250 26.252504
-51.388268 -66.358124 24.450254
-51.928703 -64.880264 22.712540
-52.546528 -63.351662 21.045668
-53.245853 -61.763870 19.451178
-43.559380 -76.463196 43.230389
-44.991035 -75.752945 41.686047
-46.298058 -74.867302 39.987309
-47.456131 -73.843925 38.175476
-48.446968 -72.715477 36.286472
-49.265919 -71.517708 34.354988
-49.941372 -70.272835 32.412792
-50.508327 -68.992317 30.481888
-51.012421 -67.679237 28.580366
-51.503983 -66.327827 26.725496
-52.031925 -64.935165 24.930578
-52.624790 -63.494141 23.204653
-53.295349 -61.999458 21.551832
-44.582413 -74.547958 43.813694
-45.940857 -73.861534 42.231178
-47.167126 -73.014503 40.502464
-48.242226 -72.042824 38.667976
-49.154018 -70.979813 36.762238
-49.916649 -69.847481 34.820492
-50.559437 -68.668083 32.871704
-51.120712 -67.449532 30.937555
-51.647179 -66.195534 29.036943
-52.184525 -64.896210 27.188898
-52.770103 -63.549603 25.406475
-53.424122 -62.152554 23.697353
-45.565811 -72.647652 44.300873
-46.854759 -71.993103 42.701351
-48.006222 -71.190643 40.959553
-49.006180 -70.277679 39.115257
-49.860355 -69.275818 37.203403
-50.585361 -68.207680 35.257389
-51.215687 -67.091675 33.306519
-51.792381 -65.936180 31.373730
-52.359856 -64.740303 29.480669
-52.953751 -63.493782 27.647091
-53.602158 -62.198566 25.885519
-46.499199 -70.766037 44.722542
-47.725616 -70.149246 43.119942
-48.810764 -69.398315 41.375038
-49.756897 -68.540382 39.528584
-50.572418 -67.598518 37.614807
-51.280479 -66.592194 35.668060
-51.919651 -65.539886 33.719654
-52.530823 -64.444756 31.796165
-53.149776 -63.304974 29.921030
-53.803909 -62.113731 28.113667
-47.378063 -68.904289 45.098278
-48.550323 -68.331955 43.500195
-49.588860 -67.629456 41.757359
-50.499187 -66.825500 39.911606
-51.296070 -65.941010 37.998894
-52.007889 -64.995842 36.056320
-52.674919 -64.002563 34.119827
-53.331230 -62.962818 32.218418
-54.005039 -61.877975 30.376217
-48.202301 -67.064606 45.438877
-49.337151 -66.534065 43.848110
-50.345093 -65.879028 42.109150
-51.237740 -65.126129 40.266674
-52.035061 -64.297050 38.360504
-52.768803 -63.406059 36.433136
-53.474304 -62.463684 34.523598
-54.179188 -61.474426 32.661900
-48.982296 -65.240326 45.747128
-50.092533 -64.750595 44.164482
-51.084885 -64.139595 42.431606
-51.975933 -63.434151 40.598343
-52.789577 -62.650616 38.711189
-53.554794 -61.801880 36.816265
-54.301796 -60.900909 34.953880
-49.729874 -63.433315 46.026390
-50.825775 -62.981693 44.452396
-51.814472 -62.410576 42.730633
-52.716614 -61.740685 40.919186
-53.554668 -60.987602 39.069191
-54.354252 -60.168091 37.227890
-50.457993 -61.643440 46.277351
-51.546585 -61.226028 44.715267
-52.540329 -60.681412 43.016182
-53.459152 -60.028801 41.244862
-54.323189 -59.289104 39.454266
-51.177662 -59.872459 46.501282
-52.262947 -59.476021 44.959972
-53.264408 -58.936890 43.300877
-54.199455 -58.279900 41.592632
-51.897579 -58.117104 46.698540
-52.978104 -57.719444 45.192280
-53.983685 -57.157845 43.596519
-52.620022 -56.375893 46.867622
-53.688858 -55.943497 45.418610
-53.336651 -54.646496 47.006485
-53.142365 -2.336133 46.098381
-53.845230 -1.939572 44.196682
-54.567924 -1.442489 42.162338
-55.322418 -0.860838 40.058865
-56.109646 -0.225317 37.925392
-56.917000 0.409028 35.784592
-57.728550 0.980561 33.642044
-58.533272 1.433326 31.494328
-59.324371 1.723176 29.338327
-60.095055 1.810061 27.178322
-60.836273 1.692843 25.032333
-61.531349 1.375487 22.927059
-62.154922 0.865558 20.895370
-62.670696 0.169386 18.975721
-63.029488 -0.706107 17.212101
-63.190674 -1.736629 15.636160
-63.107140 -2.896050 14.289085
-62.737614 -4.138597 13.216253
-62.045055 -5.393828 12.476001
-61.053551 -6.591559 12.077312
-59.807892 -7.709315 12.001085
-58.350845 -8.766792 12.218225
-56.719124 -9.807682 12.693214
-54.942261 -10.883053 13.384061
-53.062469 -12.026634 14.209471
-51.113312 -13.256695 15.083406
-49.130497 -14.579390 15.900996
-47.157139 -15.992246 16.531399
-45.255035 -17.469185 16.842840
-43.512592 -18.954948 16.743618
-42.060307 -20.357096 16.199633
-54.917274 -49.069702 47.716469
-55.976620 -48.086636 46.623734
-57.010460 -47.113434 45.388870
-58.002808 -46.148438 44.042614
-58.932083 -45.200531 42.605263
-59.775608 -44.277634 41.097607
-60.511757 -43.385330 39.536880
-61.114590 -42.529568 37.936691
-61.553661 -41.718353 36.308109
-61.798576 -40.953022 34.676773
-61.835861 -40.231934 33.065018
-61.657112 -39.550106 31.496391
-61.263149 -38.899677 29.991863
-60.664822 -38.269867 28.567635
-59.887039 -37.647377 27.230728
-58.964264 -37.029163 25.965548
-57.922264 -36.413086 24.759039
-56.783428 -35.795471 23.604250
-55.562767 -35.166786 22.504356
-54.278542 -34.511402 21.472193
-52.947948 -33.806046 20.533224
-51.590233 -33.022354 19.717075
-50.232986 -32.125713 19.052292
-48.897232 -31.096815 18.531582
-47.613136 -29.917936 18.138165
-46.403885 -28.582148 17.839550
-45.293980 -27.092993 17.595720
-44.296070 -25.475586 17.358875
-43.419750 -23.772142 17.082510
-42.675610 -22.036598 16.720036
-55.256615 -47.024963 47.903091
-56.386990 -45.943745 46.786488
-57.467487 -44.902985 45.525208
-58.484161 -43.895573 44.143200
-59.418266 -42.924683 42.659893
-60.249722 -41.993877 41.095131
-60.959263 -41.107143 39.467312
-61.520187 -40.272377 37.788475
-61.910229 -39.492626 36.079987
-62.099163 -38.767559 34.369678
-62.077614 -38.091652 32.682873
-61.840752 -37.455982 31.044956
-61.394581 -36.847504 29.479082
-60.756298 -36.247993 28.005869
-59.948524 -35.645588 26.631533
-59.006931 -35.035290 25.343317
-57.957588 -34.411171 24.134718
-56.822346 -33.764416 23.005316
-55.614098 -33.084507 21.961662
-54.353115 -32.353706 21.017593
-53.060276 -31.548311 20.194300
-51.762924 -30.638472 19.513756
-50.481331 -29.610229 18.969578
-49.237526 -28.446373 18.549900
-48.058201 -27.136951 18.226889
-46.965446 -25.679754 17.967220
-45.967178 -24.092934 17.733253
-45.062141 -22.407749 17.486645
-44.249298 -20.670815 17.178822
-55.596973 -44.900631 47.906845
-56.779701 -43.749699 46.764038
-57.893684 -42.660133 45.468117
-58.926224 -41.623852 44.042057
-59.861103 -40.640083 42.504070
-60.679619 -39.710548 40.874710
-61.363201 -38.840130 39.171043
-61.891338 -38.032047 37.414864
-62.243839 -37.287182 35.629097
-62.391945 -36.602562 33.844101
-62.329990 -35.968540 32.087906
-62.057690 -35.370735 30.389082
-61.586266 -34.788067 28.775177
-60.931824 -34.202698 27.265156
-60.117233 -33.601273 25.867168
-59.179863 -32.974743 24.573505
-58.144680 -32.313961 23.382526
-57.032513 -31.609480 22.295122
-55.857422 -30.849815 21.319660
-54.643322 -30.016994 20.466606
-53.419147 -29.086197 19.749065
-52.203827 -28.047447 19.159664
-51.018845 -26.887674 18.686396
-49.881363 -25.596088 18.311668
-48.815922 -24.166515 18.004457
-47.827240 -22.609938 17.735916
-46.910496 -20.948971 17.478924
-46.058285 -19.216467 17.198940
-55.931507 -42.730530 47.716690
-57.146832 -41.533314 46.543346
-58.280876 -40.412693 45.208645
-59.322121 -39.359928 43.734398
-60.254589 -38.373287 42.139214
-61.059296 -37.455460 40.442356
-61.722370 -36.606628 38.669945
-62.225506 -35.827953 36.845226
-62.550884 -35.117519 34.993874
-62.671669 -34.469498 33.147911
-62.586575 -33.868153 31.339687
-62.299740 -33.291031 29.601274
-61.822464 -32.716751 27.958473
-61.171436 -32.125782 26.430815
-60.370907 -31.501699 25.029823
-59.457272 -30.833632 23.750828
-58.454594 -30.112734 22.592611
-57.385307 -29.328991 21.556026
-56.265892 -28.470747 20.647738
-55.127960 -27.519159 19.870316
-53.991035 -26.467348 19.213211
-52.875175 -25.305557 18.663502
-51.796280 -24.026316 18.203939
-50.768173 -22.621115 17.817430
-49.797684 -21.096220 17.477329
-48.878609 -19.466208 17.166275
-48.002754 -17.752901 16.861578
-56.241135 -40.556641 47.334576
-57.471889 -39.331406 46.127083
-58.615448 -38.192917 44.751839
-59.659302 -37.133415 43.230656
-60.586018 -36.152718 41.580933
-61.378704 -35.249916 39.828850
-62.025406 -34.423241 38.002357
-62.509895 -33.671356 36.127308
-62.816696 -32.989128 34.231949
-62.922375 -32.365692 32.351048
-62.830116 -31.777386 30.519394
-62.545040 -31.200970 28.767450
-62.079628 -30.613480 27.120556
-61.452911 -29.993076 25.599642
-60.686886 -29.323969 24.215624
-59.817062 -28.596247 22.963768
-58.868599 -27.800856 21.842239
-57.866028 -26.928041 20.848623
-56.831779 -25.964340 19.983685
-55.786636 -24.905821 19.232931
-54.751274 -23.745319 18.581091
-53.739605 -22.477676 18.011698
-52.763016 -21.097168 17.507217
-51.818443 -19.605059 17.059824
-50.903488 -18.011263 16.653019
-50.010780 -16.328899 16.273300
-56.506454 -38.421135 46.786072
-57.739449 -37.180843 45.541512
-58.883186 -36.033401 44.127861
-59.922794 -34.973522 42.565651
-60.841187 -33.999138 40.876957
-61.621681 -33.108856 39.088371
-62.253807 -32.298557 37.230679
-62.723442 -31.563900 35.332447
-63.018703 -30.894419 33.425652
-63.120693 -30.273312 31.543463
-63.034645 -29.675325 29.719820
-62.767738 -29.075989 27.983561
-62.336132 -28.450788 26.359966
-61.756573 -27.781355 24.864445
-61.048271 -27.054394 23.505653
-60.247135 -26.259874 22.278219
-59.379059 -25.388914 21.176973
-58.473255 -24.430523 20.192318
-57.538063 -23.380770 19.317175
-56.595711 -22.234024 18.535006
-55.660660 -20.986504 17.828848
-54.741745 -19.633982 17.182055
-53.834148 -18.178331 16.587353
-52.929230 -16.623350 16.048990
-52.024467 -14.978691 15.551291
-56.715271 -36.352432 46.117714
-57.940662 -35.105618 44.836884
-59.075382 -33.954243 43.390877
-60.104523 -32.892570 41.803062
-61.010170 -31.919724 40.094662
-61.776073 -31.034010 38.293243
-62.393230 -30.228312 36.432777
-62.850922 -29.493341 34.545570
-63.142551 -28.813154 32.661137
-63.252029 -28.170635 30.809538
-63.187546 -27.538948 29.022858
-62.961372 -26.892534 27.328863
-62.588020 -26.212885 25.742563
-62.080929 -25.486151 24.273975
-61.456879 -24.699816 22.930031
-60.751217 -23.843958 21.702322
-59.992355 -22.908880 20.578438
-59.192398 -21.889183 19.546877
-58.360146 -20.775404 18.604528
-57.512394 -19.563129 17.735960
-56.658527 -18.248678 16.923986
-55.793274 -16.832693 16.163874
-54.908405 -15.319646 15.458121
-53.998543 -13.714180 14.811753
-56.861378 -34.363171 45.384956
-58.070038 -33.114723 44.073605
-59.188278 -31.957785 42.609436
-60.199753 -30.889105 41.013882
-61.086872 -29.909052 39.308121
-61.834457 -29.015087 37.521252
-62.436546 -28.195480 35.690933
-62.888268 -27.437250 33.844925
-63.186172 -26.722897 32.011616
-63.318142 -26.035702 30.216074
-63.298374 -25.347450 28.488804
-63.138100 -24.640635 26.843273
-62.848591 -23.902523 25.287212
-62.440315 -23.122070 23.826130
-61.926003 -22.287258 22.463926
-61.341370 -21.388115 21.184832
-60.694160 -20.415495 19.982269
-59.996483 -19.357857 18.849548
-59.251553 -18.201328 17.791399
-58.471901 -16.939800 16.793310
-57.655777 -15.571882 15.851375
-56.797699 -14.101646 14.968507
-55.893604 -12.536177 14.144487
-56.946476 -32.448051 44.659111
-58.132401 -31.196529 43.330540
-59.226532 -30.030172 41.863396
-60.212933 -28.947395 40.278439
-61.075516 -27.948732 38.597939
-61.802734 -27.029268 36.852985
-62.394833 -26.175280 35.075516
-62.850052 -25.372360 33.292366
-63.169174 -24.603247 31.527163
-63.346832 -23.851498 29.801199
-63.396305 -23.098068 28.128120
-63.325459 -22.331783 26.513155
-63.142429 -21.543819 24.958033
-62.852985 -20.725538 23.463131
-62.466686 -19.864904 22.026085
-61.996166 -18.948622 20.642620
-61.448574 -17.959440 19.313328
-60.829502 -16.879147 18.041399
-60.138969 -15.687600 16.836790
-59.381821 -14.378514 15.699924
-58.559250 -12.955708 14.632149
-57.671246 -11.428127 13.631020
-56.986816 -30.582417 44.039871
-58.143650 -29.326660 42.705765
-59.206367 -28.147339 41.247726
-60.161022 -27.042971 39.687176
-60.996059 -26.012428 38.048195
-61.707539 -25.051214 36.356117
-62.298676 -24.145094 34.641457
-62.771919 -23.280880 32.925716
-63.134338 -22.442114 31.227657
-63.379627 -21.623158 29.551111
-63.517147 -20.811392 27.900898
-63.551231 -19.999908 26.275723
-63.484829 -19.182858 24.671753
-63.319553 -18.352215 23.082987
-63.041824 -17.489040 21.523514
-62.662674 -16.570471 19.997080
-62.182636 -15.569919 18.516403
-61.603611 -14.460432 17.091764
-60.921589 -13.219591 15.750055
-60.147102 -11.848657 14.495016
-59.288013 -10.358945 13.320439
-57.014305 -28.740105 43.614643
-58.136200 -27.479443 42.279404
-59.161774 -26.283663 40.832855
-60.081951 -25.149349 39.298115
-60.894398 -24.076258 37.696404
-61.598801 -23.061054 36.052410
-62.202312 -22.091908 34.390392
-62.712814 -21.157501 32.725418
-63.135620 -20.252895 31.059198
-63.460411 -19.378927 29.388639
-63.692169 -18.527067 27.711391
-63.829632 -17.693045 26.021112
-63.870701 -16.871090 24.308552
-63.796745 -16.043901 22.587566
-63.594467 -15.181650 20.880846
-63.267746 -14.250987 19.204214
-62.813480 -13.214910 17.578712
-62.231174 -12.043815 16.032278
-61.524925 -10.726637 14.592308
-60.712254 -9.274820 13.253211
-57.066845 -26.916901 43.437527
-58.146797 -25.649164 42.092270
-59.130623 -24.430435 40.644634
-60.019577 -23.257889 39.118881
-60.815582 -22.133413 37.536945
-61.523125 -21.057129 35.919334
-62.153267 -20.020313 34.280758
-62.711998 -19.023397 32.621826
-63.198963 -18.067932 30.936234
-63.600460 -17.158390 29.216814
-63.914745 -16.288393 27.455757
-64.134331 -15.452541 25.642860
-64.241196 -14.633669 23.792421
-64.217766 -13.802712 21.927069
-64.047340 -12.919085 20.081005
-63.729084 -11.937427 18.279417
-63.259926 -10.819476 16.559752
-62.647896 -9.549751 14.948700
-61.904518 -8.132623 13.459715
-57.176979 -25.125862 43.505249
-58.205776 -23.843246 42.126198
-59.146980 -22.592371 40.653469
-60.006008 -21.373474 39.111370
-60.790478 -20.192181 37.520248
-61.508541 -19.052389 35.891739
-62.169357 -17.957062 34.228081
-62.772758 -16.912991 32.521851
-63.312511 -15.925277 30.761143
-63.770477 -14.999766 28.937551
-64.136566 -14.127829 27.039946
-64.392395 -13.291417 25.085247
-64.520477 -12.460557 23.096788
-64.502075 -11.593951 21.110384
-64.319138 -10.639286 19.168850
-63.972210 -9.551205 17.312267
-63.467148 -8.309538 15.572201
-62.818924 -6.916186 13.961709
-57.354797 -23.379681 43.753922
-58.326073 -22.071096 42.314857
-59.219704 -20.779633 40.789104
-60.046936 -19.509312 39.200089
-60.818954 -18.269604 37.560181
-61.544674 -17.075478 35.873867
-62.226025 -15.936336 34.134109
-62.856136 -14.862342 32.327797
-63.421974 -13.859528 30.441851
-63.899364 -12.930605 28.469002
-64.271034 -12.053688 26.427774
-64.518585 -11.197077 24.344398
-64.624519 -10.317329 22.257351
-64.570221 -9.359689 20.214268
-64.343582 -8.275248 18.266802
-63.953224 -7.039667 16.444847
-63.411018 -5.653044 14.763497
-57.575443 -21.678501 44.084877
-58.478069 -20.336813 42.558796
-59.315880 -19.001268 40.952133
-60.102943 -17.679585 39.279671
-60.854359 -16.391378 37.550865
-61.573315 -15.157950 35.762482
-62.253593 -13.992366 33.900951
-62.881302 -12.905598 31.953186
-63.435555 -11.900029 29.909473
-63.891224 -10.964079 27.796078
-64.229828 -10.061487 25.641148
-64.433907 -9.146372 23.487263
-64.486641 -8.160955 21.387794
-64.377304 -7.055545 19.396927
-64.101936 -5.806745 17.545683
-63.673138 -4.412254 15.846055
-57.764679 -20.011015 44.385628
-58.587746 -18.635880 42.750004
-59.358307 -17.259958 41.031719
-60.097466 -15.899867 39.245884
-60.816059 -14.581176 37.394882
-61.510315 -13.328928 35.470177
-62.165928 -12.157509 33.458527
-62.761402 -11.073860 31.352949
-63.276455 -10.063751 29.179398
-63.685707 -9.099985 26.973204
-63.971291 -8.132223 24.779610
-64.116737 -7.100481 22.658583
-64.113281 -5.955035 20.667158
-63.956238 -4.675095 18.832865
-63.643658 -3.261669 17.160046
-57.831829 -18.376608 44.563377
-58.561363 -16.979136 42.789989
-59.259987 -15.582239 40.937912
-59.944977 -14.208318 39.015160
-60.620758 -12.886215 37.019714
-61.276592 -11.641484 34.944557
-61.890938 -10.484040 32.784973
-62.443600 -9.400499 30.568346
-62.911724 -8.360147 28.330952
-63.270313 -7.322623 26.122623
-63.502899 -6.225181 24.009413
-63.600113 -5.021148 22.050810
-63.556736 -3.693781 20.271032
-63.367176 -2.247304 18.667461
-57.673653 -16.808302 44.522350
-58.312893 -15.417966 42.597263
-58.945160 -14.032787 40.599110
-59.580837 -12.678447 38.532055
-60.217419 -11.382490 36.396626
-60.837639 -10.162697 34.194794
-61.418823 -9.006319 31.951750
-61.936729 -7.884450 29.704248
-62.368359 -6.754125 27.506424
-62.688713 -5.568233 25.427670
-62.887505 -4.284413 23.530546
-62.956684 -2.892637 21.834017
-62.887581 -1.399714 20.328461
-57.217941 -15.409249 44.183502
-57.793655 -14.064454 42.111511
-58.386826 -12.722895 39.980831
-58.999588 -11.408248 37.797901
-59.621712 -10.137833 35.570621
-60.230125 -8.907707 33.321938
-60.798489 -7.692414 31.087017
-61.301498 -6.454849 28.921881
-61.717110 -5.150634 26.907597
-62.022812 -3.765121 25.100916
-62.207634 -2.292831 23.514494
-62.257122 -0.741922 22.128174
-56.507511 -14.292829 43.540382
-57.067093 -13.000755 41.359249
-57.662075 -11.694011 39.145103
-58.287422 -10.386483 36.910622
-58.923500 -9.079243 34.676239
-59.543644 -7.760221 32.474205
-60.121250 -6.399678 30.363346
-60.632328 -4.966894 28.431812
-61.054852 -3.459850 26.743303
-61.359287 -1.896582 25.286087
-61.526245 -0.279271 24.032360
-55.649948 -13.461676 42.674950
-56.235405 -12.183241 40.444965
-56.868164 -10.852314 38.218464
-57.532314 -9.473882 36.014942
-58.206730 -8.043699 33.866402
-58.862560 -6.552938 31.829489
-59.475391 -4.986622 30.000288
-60.015156 -3.363974 28.437157
-60.447571 -1.703902 27.124950
-60.730873 -0.016298 26.008614
-54.735588 -12.806483 41.712936
-55.381950 -11.466095 39.508358
-56.077656 -10.028400 37.349022
-56.808739 -8.494451 35.270752
-57.550789 -6.872848 33.331196
-58.273258 -5.182104 31.620697
-58.937256 -3.456923 30.189667
-59.494225 -1.715697 29.010235
-59.896431 0.042370 28.031364
-53.836727 -12.152107 40.805012
-54.571751 -10.669504 38.704945
-55.365917 -9.049625 36.711617
-56.202183 -7.318225 34.887169
-57.047729 -5.525568 33.312004
-57.841980 -3.723656 32.009068
-58.524719 -1.919857 30.948002
-59.036816 -0.104976 30.078817
-53.025772 -11.314700 40.130638
-53.899429 -9.637174 38.242950
-54.843018 -7.840015 36.544884
-55.819817 -5.993822 35.101101
-56.750423 -4.149021 33.912041
-57.555027 -2.305095 32.942642
-58.169632 -0.445955 32.155609
-52.431877 -10.199159 39.898869
-53.496437 -8.393325 38.325844
-54.603874 -6.546583 36.989491
-55.664345 -4.694976 35.884827
-56.587334 -2.831228 34.982555
-57.296394 -0.940980 34.250252
-52.191040 -8.931087 40.242599
-53.423748 -7.133907 38.982670
-54.600334 -5.309599 37.928173
-55.629116 -3.449842 37.063759
-56.425091 -1.543256 36.363621
-52.298576 -7.692708 41.071724
-53.576797 -5.929989 40.036339
-54.695797 -4.099047 39.181568
-55.566315 -2.195000 38.491604
-52.610008 -6.481585 42.198380
-53.805294 -4.710721 41.324600
-54.737934 -2.831082 40.623524
-52.957565 -5.213884 43.471096
-53.947205 -3.392661 42.732494
-53.183983 -3.832072 44.786652
-52.607090 -0.891785 47.584854
-52.415253 1.067679 47.291435
-51.877945 3.074650 46.853844
-51.063938 5.047434 46.291962
-50.072308 6.964197 45.633720
-49.019005 8.847002 44.910370
-48.000813 10.731150 44.144402
-47.086849 12.643321 43.342896
-46.324249 14.597838 42.502903
-45.749924 16.600800 41.611916
-45.360229 18.646374 40.662552
-45.141495 20.730686 39.649178
-45.068642 22.852558 38.567719
-45.105934 25.014315 37.412781
-45.203682 27.220425 36.176712
-45.306366 29.469965 34.858177
-45.368183 31.758938 33.453869
-45.352474 34.076263 31.963295
-45.228893 36.402424 30.385069
-44.989704 38.710182 28.727226
-44.640442 40.973030 26.998138
-44.195507 43.165806 25.205963
-43.678928 45.265335 23.359940
-43.124718 47.247025 21.470005
-42.572441 49.105133 19.549629
-42.051849 50.831890 17.608154
-41.581707 52.421951 15.653645
-41.169373 53.864761 13.694385
-40.806744 55.155827 11.741566
-40.480949 56.290573 9.812908
-40.184574 57.250999 7.947132
-42.801758 -17.421999 16.071875
-43.681469 -14.335932 15.634659
-44.623226 -11.121533 14.915688
-45.544640 -7.816548 13.907610
-46.368271 -4.463564 12.632984
-47.047199 -1.102112 11.163480
-47.563053 2.213716 9.572379
-47.924118 5.448053 7.951673
-48.164547 8.572770 6.410238
-48.346649 11.601175 5.081067
-48.548012 14.527509 4.079458
-48.843876 17.335199 3.511546
-49.292576 19.978453 3.456540
-49.904636 22.389482 3.922788
-50.627705 24.553997 4.752315
-51.374714 26.521254 5.762659
-52.046513 28.378948 6.763041
-52.519749 30.231983 7.599640
-52.714600 32.167988 8.143370
-52.579845 34.225021 8.383061
-52.106586 36.391441 8.356997
-51.331619 38.627430 8.136029
-50.314510 40.894764 7.814493
-49.142052 43.167076 7.485226
-47.875549 45.425453 7.222666
-46.569332 47.649162 7.075392
-45.266327 49.810402 7.072857
-43.986717 51.879250 7.211469
-42.725746 53.826466 7.454784
-41.466755 55.622726 7.739885
-44.467388 -15.802317 16.340569
-45.473221 -12.595145 15.596563
-46.452808 -9.353879 14.532417
-47.332378 -6.108672 13.182294
-48.069435 -2.871887 11.623018
-48.646263 0.337463 9.937629
-49.070335 3.491548 8.217040
-49.366699 6.567791 6.568394
-49.588150 9.570690 5.113404
-49.796642 12.501440 3.984786
-50.065441 15.343325 3.307777
-50.455006 18.052345 3.198142
-50.979477 20.548201 3.711177
-51.591030 22.789515 4.718777
-52.217190 24.810972 6.010758
-52.762199 26.709934 7.368634
-53.113934 28.599686 8.592562
-53.197147 30.574522 9.519484
-52.976322 32.671112 10.064062
-52.442284 34.875587 10.254477
-51.628223 37.147114 10.169797
-50.590015 39.446358 9.916485
-49.409176 41.746506 9.605433
-48.142738 44.031055 9.326110
-46.842484 46.283226 9.143246
-45.550323 48.479923 9.095945
-44.285801 50.598167 9.186386
-43.038914 52.617256 9.384031
-41.783390 54.517551 9.628408
-46.320427 -14.244565 16.123323
-47.358612 -11.032499 15.058516
-48.294930 -7.854504 13.691072
-49.087944 -4.711651 12.096113
-49.721142 -1.598579 10.356568
-50.200329 1.482380 8.568965
-50.546783 4.512740 6.841824
-50.804886 7.494785 5.293368
-51.024815 10.427124 4.049304
-51.268257 13.300873 3.257238
-51.594856 16.074583 3.061214
-52.022499 18.659502 3.559619
-52.511547 20.987015 4.655527
-52.997849 23.069494 6.154109
-53.408691 25.001301 7.801874
-53.637390 26.907391 9.371476
-53.617649 28.894186 10.657962
-53.313683 31.008789 11.548082
-52.723076 33.242500 12.004691
-51.874207 35.550327 12.100885
-50.819565 37.887882 11.953163
-49.635696 40.224636 11.689810
-48.376907 42.543880 11.415038
-47.089279 44.830036 11.209369
-45.813931 47.064610 11.126427
-44.568054 49.228497 11.177423
-43.340309 51.307472 11.337404
-42.100216 53.286869 11.554951
-48.249603 -12.795056 15.505660
-49.246910 -9.658800 14.167285
-50.100044 -6.580410 12.585594
-50.789970 -3.546416 10.839524
-51.321316 -0.538917 9.022757
-51.711967 2.443003 7.248378
-52.003242 5.399892 5.634017
-52.235977 8.329468 4.303491
-52.456543 11.225089 3.399803
-52.717258 14.054299 3.097203
-53.037037 16.724279 3.529990
-53.389469 19.141960 4.635289
-53.723217 21.294394 6.238028
-53.981678 23.261978 8.096263
-54.083981 25.173391 9.947785
-53.963806 27.150497 11.561335
-53.586166 29.256596 12.784958
-52.944660 31.496162 13.554248
-52.067440 33.829647 13.883341
-51.003532 36.203991 13.886625
-49.824974 38.581482 13.708896
-48.583450 40.941784 13.469214
-47.322571 43.269085 13.262077
-46.075871 45.544636 13.156177
-44.859222 47.752758 13.176061
-43.658218 49.882103 13.305297
-42.442425 51.923004 13.501699
-50.186474 -11.473648 14.624679
-51.104580 -8.442474 13.096440
-51.855183 -5.469514 11.386787
-52.438923 -2.529321 9.584834
-52.871098 0.397070 7.799996
-53.190815 3.322514 6.150616
-53.434124 6.241762 4.760240
-53.635818 9.148107 3.769788
-53.827911 12.015912 3.350838
-54.029564 14.757302 3.676771
-54.229015 17.260910 4.720866
-54.395199 19.487926 6.335268
-54.489780 21.499775 8.297118
-54.450249 23.415354 10.356512
-54.228539 25.368820 12.243985
-53.781193 27.442383 13.779275
-53.097305 29.659660 14.859134
-52.199474 31.993179 15.470351
-51.135319 34.391171 15.675869
-49.972733 36.804996 15.627590
-48.761215 39.207489 15.459861
-47.541401 41.579212 15.281168
-46.344341 43.900490 15.173026
-45.173328 46.153439 15.173695
-44.012371 48.329521 15.279322
-42.828754 50.421371 15.458019
-52.095642 -10.264023 13.636852
-52.911659 -7.341384 11.998480
-53.550938 -4.458645 10.248722
-54.024376 -1.587602 8.493211
-54.369766 1.298410 6.844072
-54.620346 4.200842 5.423732
-54.802734 7.108258 4.370705
-54.933910 9.995961 3.851916
-55.012466 12.785381 4.039338
-55.048988 15.361147 4.959402
-55.033936 17.660818 6.501835
-54.951717 19.723425 8.471873
-54.757965 21.651747 10.638688
-54.418507 23.576803 12.738036
-53.898361 25.601366 14.544110
-53.173992 27.770071 15.923183
-52.260963 30.073988 16.822630
-51.204094 32.468288 17.280161
-50.067905 34.902744 17.409784
-48.899391 37.339687 17.355206
-47.736649 39.753330 17.239553
-46.607193 42.119923 17.156799
-45.507839 44.419693 17.156954
-44.405441 46.641434 17.248758
-43.267315 48.780556 17.413792
-53.944794 -9.147985 12.665688
-54.644798 -6.316546 10.997041
-55.162407 -3.495818 9.301564
-55.533421 -0.650702 7.687503
-55.789665 2.229013 6.269866
-55.953625 5.131654 5.182508
-56.030376 8.026589 4.584313
-56.005505 10.839285 4.639493
-55.881485 13.464633 5.387134
-55.681442 15.827420 6.786502
-55.410580 17.942614 8.679593
-55.046379 19.892935 10.862565
-54.569931 21.799522 13.082631
-53.956028 23.767834 15.109221
-53.182648 25.869995 16.757391
-52.251472 28.116926 17.942841
-51.201824 30.478046 18.664207
-50.096786 32.905125 19.020325
-48.980282 35.358887 19.124018
-47.887039 37.803959 19.109087
-46.841801 40.210091 19.082567
-45.833057 42.553123 19.106148
-44.817604 44.820683 19.199802
-43.743683 47.005653 19.357534
-55.705647 -8.099805 11.815078
-56.272694 -5.327518 10.202015
-56.671947 -2.521066 8.647287
-56.934219 0.335221 7.262502
-57.080143 3.230578 6.170877
-57.110188 6.127635 5.520091
-56.999889 8.949409 5.459716
-56.748581 11.600475 6.037361
-56.371792 14.008474 7.238172
-55.909885 16.169521 8.981295
-55.360191 18.145054 11.096723
-54.724243 20.043566 13.351530
-53.989796 21.965145 15.516304
-53.141998 23.989746 17.393875
-52.179363 26.159985 18.844028
-51.128998 28.460754 19.833134
-50.049187 30.852222 20.429695
-48.986588 33.294621 20.736244
-47.970654 35.751987 20.862255
-47.021755 38.184959 20.924776
-46.120834 40.563080 20.998266
-45.212208 42.870747 21.113743
-44.232697 45.100636 21.276930
-57.340115 -7.085442 11.174747
-57.773060 -4.319993 9.694506
-58.044464 -1.487401 8.360309
-58.175121 1.401639 7.290368
-58.164841 4.301782 6.615448
-57.988998 7.129373 6.467935
-57.640606 9.794382 6.893348
-57.129955 12.229126 7.898720
-56.488754 14.421961 9.433844
-55.749718 16.417011 11.407464
-54.934387 18.311083 13.615394
-54.050133 20.196503 15.837718
-53.093933 22.151442 17.870806
-52.069309 24.230854 19.555695
-50.998997 26.451349 20.799015
-49.930798 28.781658 21.643236
-48.909489 31.186499 22.166943
-47.969021 33.628601 22.473557
-47.122402 36.068562 22.659853
-46.340813 38.467682 22.811190
-45.556644 40.805649 22.970901
-44.692448 43.073433 23.155600
-58.822750 -6.050034 10.816229
-59.107903 -3.247692 9.538639
-59.226990 -0.366449 8.500869
-59.183815 2.541116 7.824740
-58.958611 5.380134 7.620100
-58.544437 8.060064 7.925213
-57.939789 10.515289 8.755148
-57.168411 12.727657 10.085910
-56.254467 14.728585 11.857733
-55.254112 16.609856 13.944742
-54.195503 18.459740 16.147505
-53.095497 20.352625 18.262451
-51.968395 22.345579 20.117229
-50.841244 24.469614 21.593679
-49.759109 26.720068 22.676485
-48.759491 29.064245 23.424883
-47.875671 31.467405 23.924261
-47.126198 33.888199 24.267900
-46.469418 36.288254 24.525747
-45.822205 38.641266 24.752712
-45.092384 40.935963 24.977562
-60.115177 -4.952551 10.776337
-60.229927 -2.091126 9.769269
-60.161667 0.821411 9.098988
-59.901337 3.679448 8.863830
-59.446758 6.383832 9.084553
-58.788010 8.865946 9.776664
-57.933258 11.099942 10.925941
-56.898743 13.103074 12.498463
-55.730812 14.958697 14.401438
-54.490875 16.764174 16.509535
-53.218185 18.594418 18.631674
-51.947460 20.506121 20.588024
-50.716232 22.535069 22.241291
-49.575909 24.689507 23.548893
-48.564537 26.956802 24.517712
-47.709751 29.301392 25.219263
-47.030548 31.683229 25.732019
-46.489292 34.060802 26.126186
-45.983044 36.409927 26.445366
-45.400314 38.716419 26.730106
-61.174232 -3.772329 11.089384
-61.089188 -0.870064 10.416840
-60.803329 2.005004 10.157293
-60.326439 4.742672 10.323483
-59.646065 7.265590 10.915708
-58.754074 9.535372 11.922966
-57.651405 11.552541 13.319890
-56.375038 13.386203 15.038311
-54.975285 15.132268 16.987391
-53.522949 16.887487 19.043072
-52.077221 18.713032 21.030502
-50.696590 20.647371 22.798565
-49.445183 22.704306 24.282175
-48.370640 24.879362 25.462557
-47.504509 27.151886 26.364683
-46.861408 29.478912 27.056355
-46.403336 31.818184 27.598000
-46.027988 34.142097 28.035908
-45.597809 36.441879 28.402424
-61.954189 -2.530098 11.781250
-61.650749 0.345094 11.483507
-61.161297 3.113228 11.601057
-60.481171 5.686399 12.123932
-59.591560 8.012283 13.027459
-58.472485 10.068122 14.288970
-57.144939 11.901055 15.846365
-55.649544 13.597805 17.632090
-54.044025 15.259350 19.557970
-52.417320 16.981222 21.506176
-50.854271 18.809914 23.324162
-49.443165 20.765057 24.927713
-48.246967 22.844118 26.277561
-47.310802 25.030872 27.374771
-46.656792 27.292950 28.245607
-46.242844 29.582010 28.944632
-45.963139 31.868155 29.511963
-45.676956 34.140968 29.983912
-62.426407 -1.295616 12.851197
-61.931095 1.484630 12.901609
-61.261608 4.103441 13.359756
-60.401596 6.496680 14.189098
-59.313416 8.620585 15.353414
-57.991375 10.488545 16.790203
-56.462284 12.165504 18.435528
-54.773365 13.748512 20.223963
-52.997532 15.343349 22.073008
-51.247749 17.042219 23.876156
-49.642685 18.878145 25.540638
-48.272793 20.852381 27.009775
-47.202187 22.948334 28.265667
-46.471241 25.134470 29.312761
-46.049118 27.366995 30.170666
-45.823418 29.606821 30.877132
-45.645672 31.841970 31.464417
-62.613045 -0.138812 14.235580
-61.959938 2.505011 14.606709
-61.142181 4.958711 15.364875
-60.119320 7.165475 16.460033
-58.857536 9.108256 17.814514
-57.355679 10.811954 19.359632
-55.649673 12.353567 21.032501
-53.800255 13.840630 22.772463
-51.900799 15.381861 24.505722
-50.098991 17.068218 26.172625
-48.519810 18.914425 27.708187
-47.258934 20.907127 29.078617
-46.380424 23.012321 30.271290
-45.878250 25.181089 31.287687
-45.651306 27.371780 32.135979
-45.540092 29.562700 32.848202
-62.555336 0.893782 15.879589
-61.782433 3.383469 16.542015
-60.839012 5.663267 17.568838
-59.677414 7.699731 18.866667
-58.262074 9.480092 20.348766
-56.601517 11.037506 21.943430
-54.747334 12.462302 23.592243
-52.778378 13.870370 25.242563
-50.820747 15.377596 26.861198
-49.031460 17.062201 28.410191
-47.544556 18.924776 29.848629
-46.459965 20.934343 31.149809
-45.802666 23.035009 32.300758
-45.499462 25.172491 33.294075
-45.398224 27.318226 34.135941
-62.297382 1.778478 17.734167
-61.435509 4.103132 18.666100
-60.392300 6.221607 19.906094
-59.110203 8.102404 21.349358
-57.559174 9.733906 22.903278
-55.764645 11.160871 24.496399
-53.797413 12.485818 26.079123
-51.767265 13.841272 27.634977
-49.809944 15.332831 29.151840
-48.095966 17.029503 30.610935
-46.767570 18.914856 31.980539
-45.893787 20.932957 33.235622
-45.436592 23.014973 34.355736
-45.270515 25.113993 35.332699
-61.880917 2.495074 19.765051
-60.959602 4.663729 20.919174
-59.834305 6.632120 22.320568
-58.446358 8.366760 23.857353
-56.779510 9.860983 25.432993
-54.880028 11.172247 26.981480
-52.850098 12.428052 28.487732
-50.809959 13.755338 29.957190
-48.909462 15.253914 31.396011
-47.333828 16.978865 32.792507
-46.202938 18.886715 34.118267
-45.528488 20.900940 35.341137
-45.219433 22.953842 36.439930
-61.344135 3.038043 21.914240
-60.384747 5.058528 23.245367
-59.192131 6.883097 24.761795
-57.714195 8.478836 26.345381
-55.954132 9.845991 27.899538
-53.991867 11.072734 29.388435
-51.941849 12.287342 30.822361
-49.939404 13.615992 32.225628
-48.151394 15.148778 33.612629
-46.754166 16.912920 34.973904
-45.818623 18.836092 36.272961
-45.303600 20.834835 37.475601
-60.723015 3.399477 24.136539
-59.738571 5.275348 25.602310
-58.488838 6.960512 27.189486
-56.935246 8.423460 28.776255
-55.114830 9.693544 30.288252
-53.124207 10.866246 31.716627
-51.093735 12.074826 33.094048
-49.176826 13.440964 34.455509
-47.540432 15.030195 35.819324
-46.328236 16.832756 37.164837
-45.560440 18.759300 38.450806
-60.044220 3.569826 26.394249
-59.041386 5.304136 27.953144
-57.741535 6.853868 29.568743
-56.135231 8.211795 31.132948
-54.281219 9.415339 32.596859
-52.294739 10.572215 33.976513
-50.323807 11.816912 35.319775
-48.528801 13.251429 36.668266
-47.056347 14.903324 38.030087
-46.012718 16.733294 39.374081
-59.325832 3.542029 28.654480
-58.307175 5.138608 30.266890
-56.969849 6.579673 31.881399
-55.330219 7.862139 33.412476
-53.468456 9.038376 34.835445
-51.518803 10.225052 36.185997
-49.639729 11.543267 37.523403
-47.981754 13.058126 38.880898
-46.666203 14.764277 40.255203
-58.579926 3.314420 30.892496
-57.548630 4.801003 32.526630
-56.186237 6.162893 34.125748
-54.533043 7.409242 35.625454
-52.689995 8.605384 37.022690
-50.805325 9.863450 38.370422
-49.034416 11.271619 39.723583
-47.512650 12.861116 41.104149
-57.811493 2.913684 33.094227
-56.775040 4.321492 34.733738
-55.402100 5.644144 36.314220
-53.756714 6.901770 37.791580
-51.956692 8.161296 39.184731
-50.153008 9.509845 40.548943
-48.493198 11.004240 41.930161
-57.030342 2.383870 35.267513
-55.997101 3.754549 36.902832
-54.630703 5.085938 38.466019
-53.015343 6.398880 39.935795
-51.275661 7.742119 41.340248
-49.561081 9.177900 42.730217
-56.246944 1.778656 37.421272
-55.230007 3.160509 39.046535
-53.888840 4.543050 40.599098
-52.319820 5.930104 42.071697
-50.650352 7.352651 43.493290
-55.477581 1.159562 39.559620
-54.490292 2.592797 41.172157
-53.187305 4.041484 42.718849
-51.673717 5.494032 44.196751
-54.736343 0.578095 41.675808
-53.785187 2.072743 43.272778
-52.524490 3.570299 44.812840
-54.025860 0.058344 43.745632
-53.104694 1.586936 45.323311
-53.330387 -0.407975 45.730717
-38.965446 59.094040 5.370993
-37.789520 60.189678 4.304486
-36.446625 61.183331 3.123956
-34.955761 62.052719 1.866074
-33.323910 62.801430 0.567703
-31.556570 63.449913 -0.728971
-29.663933 64.017387 -1.990378
-27.653683 64.501472 -3.195797
-25.541065 64.877930 -4.336157
-23.350122 65.089828 -5.406326
-21.127937 65.086189 -6.408062
-18.923380 64.819695 -7.334680
-16.788616 64.254272 -8.172349
-14.782994 63.364136 -8.901110
-12.980091 62.143471 -9.501987
-11.439659 60.640976 -9.981486
-10.217112 58.914307 -10.361696
-9.334289 57.031563 -10.682449
-8.772846 55.042194 -10.986854
-8.435789 52.966454 -11.297050
-8.217208 50.793755 -11.597702
-8.022059 48.505638 -11.843974
-7.772466 46.090420 -11.971435
-7.412711 43.546810 -11.902599
-6.935496 40.894817 -11.600860
-6.354542 38.144829 -11.047206
-5.698146 35.300903 -10.248437
-5.000434 32.359276 -9.231971
-4.299253 29.324341 -8.068573
-3.626399 26.221275 -6.849760
-3.012291 23.120611 -5.678286
-2.773437 19.656555 -6.341539
-3.059015 18.945072 -8.191717
-3.332603 18.184212 -10.105570
-3.598657 17.422010 -12.021603
-3.884094 16.693487 -13.893078
-4.236761 16.017721 -15.674377
-4.708574 15.396498 -17.324371
-5.350951 14.830606 -18.792412
-6.198130 14.328152 -20.016523
-7.252431 13.909167 -20.913404
-8.442164 13.564063 -21.482847
-9.706724 13.251629 -21.791428
-11.019285 12.922022 -21.947245
-12.379757 12.538877 -22.063032
-13.794455 12.086679 -22.230247
-15.259295 11.571661 -22.486771
-16.769154 11.006495 -22.833450
-18.317575 10.412325 -23.249615
-19.895653 9.817824 -23.708498
-21.484314 9.253098 -24.185871
-23.058842 8.741489 -24.674568
-24.590103 8.303982 -25.184826
-26.045584 7.965203 -25.745035
-27.386597 7.769531 -26.404224
-28.595158 7.764295 -27.192806
-29.669668 8.004356 -28.107128
-30.644403 8.512426 -29.099527
-31.585047 9.266183 -30.095556
-32.558552 10.190123 -31.017107
-33.591103 11.203110 -31.805565
-34.666122 12.226031 -32.415501
-39.414165 58.948975 3.093917
-39.977081 58.549786 0.792183
-40.588776 57.937172 -1.518791
-41.191540 57.120094 -3.810602
-41.721302 56.096222 -6.044556
-42.121845 54.872169 -8.173060
-42.351616 53.463860 -10.141211
-42.389824 51.886887 -11.883839
-42.233234 50.162235 -13.327404
-41.913742 48.335266 -14.435102
-41.465031 46.457367 -15.238956
-40.906429 44.566982 -15.819584
-40.241905 42.686775 -16.291590
-39.464943 40.827286 -16.775146
-38.562008 38.998684 -17.334286
-37.556412 37.179562 -17.980593
-36.483593 35.337906 -18.673979
-35.410057 33.423569 -19.352251
-34.421467 31.410603 -19.939545
-33.624489 29.278807 -20.416084
-33.097599 27.028671 -20.803083
-32.878056 24.678934 -21.149210
-32.958427 22.262026 -21.517311
-33.289661 19.824150 -22.011114
-33.777657 17.439810 -22.706537
-34.331909 15.225348 -23.696026
-34.842903 13.363407 -25.060295
-35.173996 12.106065 -26.805429
-35.226830 11.590397 -28.738474
-35.016842 11.701293 -30.641306
-38.226616 60.047188 1.856954
-38.765823 59.652264 -0.558957
-39.333500 59.032669 -2.938958
-39.858315 58.192612 -5.261415
-40.276157 57.126656 -7.490929
-40.533459 55.839066 -9.575928
-40.602703 54.349266 -11.454914
-40.476753 52.674995 -13.049995
-40.195087 50.857704 -14.322015
-39.798420 48.945656 -15.270554
-39.318287 46.986748 -15.968403
-38.765900 45.009689 -16.526913
-38.138275 43.027893 -17.075714
-37.419621 41.053860 -17.705088
-36.597496 39.087612 -18.444675
-35.689781 37.102203 -19.267811
-34.733261 35.054001 -20.110935
-33.780277 32.915352 -20.882908
-32.909306 30.683365 -21.505035
-32.221592 28.360348 -21.963583
-31.792082 25.960369 -22.287252
-31.658428 23.506908 -22.529007
-31.803696 21.035915 -22.780067
-32.181217 18.585648 -23.161737
-32.697834 16.223612 -23.778019
-33.252075 14.076051 -24.745565
-33.713161 12.341728 -26.149851
-33.938313 11.269653 -27.940573
-33.870106 10.940393 -29.886257
-36.869953 61.035172 0.587411
-37.370552 60.645794 -1.889663
-37.868786 60.023392 -4.297121
-38.292133 59.162506 -6.614891
-38.575798 58.051865 -8.803767
-38.676136 56.696259 -10.803914
-38.577881 55.117531 -12.538776
-38.316841 53.353760 -13.959248
-37.941517 51.453003 -15.056134
-37.494503 49.463409 -15.869255
-36.999836 47.424610 -16.505589
-36.461533 45.355202 -17.097237
-35.868755 43.269409 -17.753941
-35.205887 41.172569 -18.534859
-34.460464 39.058193 -19.436993
-33.653107 36.885124 -20.409449
-32.811714 34.622375 -21.359720
-31.987177 32.254372 -22.194647
-31.255362 29.794659 -22.833412
-30.708839 27.268652 -23.261335
-30.419090 24.704588 -23.508080
-30.401239 22.144617 -23.649334
-30.641388 19.613516 -23.793236
-31.088919 17.146544 -24.088366
-31.650951 14.810613 -24.670059
-32.207977 12.745222 -25.681763
-32.611813 11.168461 -27.179022
-32.727684 10.316234 -29.040531
-35.347042 61.902866 -0.706170
-35.782551 61.519611 -3.195911
-36.186043 60.891678 -5.592250
-36.484879 60.003281 -7.870167
-36.621044 58.838963 -9.981551
-36.559277 57.402885 -11.848494
-36.325188 55.737072 -13.416856
-35.964996 53.889057 -14.662035
-35.529945 51.909927 -15.609868
-35.057640 49.842049 -16.335207
-34.565090 47.714695 -16.970388
-34.048710 45.545998 -17.636574
-33.496384 43.343811 -18.414196
-32.892456 41.108749 -19.332523
-32.229061 38.819637 -20.365782
-31.520042 36.444790 -21.433760
-30.794601 33.961552 -22.442154
-30.106600 31.364582 -23.298512
-29.530722 28.683321 -23.920418
-29.156500 25.959724 -24.287273
-29.024460 23.252228 -24.445549
-29.149527 20.594547 -24.486492
-29.510798 18.008963 -24.542801
-30.054176 15.530395 -24.794489
-30.675013 13.230030 -25.413431
-31.235212 11.268110 -26.537367
-31.574160 9.885249 -28.163174
-33.653042 62.649094 -1.998222
-33.996372 62.262959 -4.466136
-34.280533 61.616043 -6.820730
-34.439976 60.684052 -9.029263
-34.422523 59.446018 -11.024944
-34.229454 57.923409 -12.743357
-33.897270 56.169910 -14.148430
-33.476562 54.238888 -15.245974
-33.014801 52.178432 -16.093615
-32.542904 50.022152 -16.794451
-32.069103 47.797779 -17.477566
-31.587288 45.516834 -18.238075
-31.084532 43.183331 -19.128517
-30.548725 40.784302 -20.154833
-29.967525 38.304760 -21.263567
-29.356888 35.719395 -22.370569
-28.751453 33.014549 -23.382420
-28.208904 30.198709 -24.206772
-27.809944 27.313719 -24.758333
-27.614305 24.432695 -25.031982
-27.659874 21.607727 -25.086151
-27.950766 18.871815 -25.034336
-28.462252 16.243952 -25.038012
-29.122118 13.761442 -25.315907
-29.812515 11.507350 -26.047890
-30.375494 9.677009 -27.338425
-31.793510 63.280502 -3.264728
-32.017979 62.868656 -5.689674
-32.165249 62.176285 -7.983304
-32.176018 61.169258 -10.096957
-32.032089 59.840088 -11.970550
-31.744675 58.221832 -13.547840
-31.355959 56.376175 -14.818338
-30.914331 54.356232 -15.816866
-30.461185 52.203552 -16.628660
-30.015133 49.950714 -17.359896
-29.580107 47.617634 -18.117895
-29.147778 45.212276 -18.972250
-28.707281 42.726440 -19.951490
-28.241457 40.151413 -21.033449
-27.742176 37.474159 -22.160498
-27.231922 34.676994 -23.247683
-26.752020 31.759459 -24.201374
-26.371063 28.743231 -24.925028
-26.149323 25.701569 -25.356165
-26.144983 22.700937 -25.501831
-26.384140 19.791492 -25.442291
-26.866684 17.000193 -25.318638
-27.548174 14.342702 -25.330917
-28.339680 11.862806 -25.710724
-29.108711 9.672922 -26.623343
-29.780540 63.801502 -4.485680
-29.866995 63.328316 -6.859552
-29.865646 62.547218 -9.079415
-29.750858 61.435883 -11.099869
-29.514683 59.996727 -12.861631
-29.174782 58.272381 -14.324972
-28.772720 56.325905 -15.506287
-28.351818 54.206375 -16.467236
-27.938595 51.955482 -17.299511
-27.543377 49.596825 -18.092939
-27.165993 47.146202 -18.932201
-26.798578 44.600563 -19.862938
-26.423189 41.954960 -20.884872
-26.026243 39.199657 -21.968945
-25.608982 36.324409 -23.056950
-25.202126 33.323666 -24.062456
-24.860859 30.209717 -24.885342
-24.640921 27.037891 -25.453554
-24.607100 23.878344 -25.719734
-24.806559 20.795639 -25.716082
-25.261694 17.830967 -25.551041
-25.950672 15.002207 -25.408005
-26.814667 12.322500 -25.500772
-27.750023 9.858304 -26.055403
-27.630320 64.197205 -5.651902
-27.566139 63.609367 -7.973585
-27.437279 62.701248 -10.128799
-27.228888 61.457684 -12.069648
-26.941177 59.891445 -13.744920
-26.593206 58.049305 -15.134809
-26.222738 55.991951 -16.282005
-25.855946 53.770161 -17.258018
-25.510035 51.415340 -18.142193
-25.186295 48.945972 -19.006941
-24.883467 46.367401 -19.913977
-24.583492 43.678726 -20.880043
-24.270964 40.872223 -21.895157
-23.940592 37.937881 -22.926868
-23.605137 34.872337 -23.915617
-23.310463 31.681637 -24.766327
-23.107161 28.411978 -25.405102
-23.058756 25.120049 -25.770277
-23.225658 21.878973 -25.844395
-23.651844 18.744411 -25.690693
-24.336544 15.743493 -25.466805
-25.242268 12.884445 -25.373268
-26.303379 10.191572 -25.619595
-25.365713 64.425667 -6.760649
-25.171873 63.680710 -9.044724
-24.946426 62.611816 -11.151182
-24.683716 61.213558 -13.035592
-24.388142 59.505688 -14.658440
-24.077236 57.536713 -16.021332
-23.770773 55.369995 -17.179964
-23.484364 53.044056 -18.198568
-23.224920 50.584724 -19.142822
-22.988884 47.999447 -20.066591
-22.761166 45.294247 -21.003536
-22.524853 42.463844 -21.958445
-22.271252 39.498474 -22.915354
-22.005014 36.391308 -23.837845
-21.756746 33.145332 -24.656818
-21.574499 29.799629 -25.303688
-21.520447 26.405272 -25.712387
-21.658455 23.026402 -25.847313
-22.051231 19.732630 -25.725065
-22.718740 16.564281 -25.467052
-23.642082 13.532526 -25.253996
-24.779285 10.649529 -25.283905
-23.045492 64.447052 -7.816952
-22.753229 63.508011 -10.081089
-22.469580 62.251915 -12.160532
-22.194399 60.681595 -14.016513
-21.933701 58.823627 -15.623294
-21.688972 56.733173 -16.995338
-21.469000 54.458820 -18.186369
-21.278097 52.032272 -19.251566
-21.117577 49.468323 -20.241604
-20.965988 46.772663 -21.187071
-20.807222 43.945168 -22.108337
-20.628988 40.976601 -23.002148
-20.430296 37.857487 -23.846506
-20.231667 34.582829 -24.593161
-20.072004 31.184473 -25.198574
-20.014561 27.709076 -25.599653
-20.127161 24.219019 -25.753881
-20.480240 20.779869 -25.654991
-21.116024 17.450577 -25.383980
-22.033836 14.252073 -25.093704
-23.210659 11.193182 -24.966671
-20.727440 64.223038 -8.818563
-20.375746 63.068840 -11.078183
-20.074829 61.612251 -13.149644
-19.827364 59.865864 -15.001668
-19.626621 57.869354 -16.617624
-19.465054 55.663315 -18.013529
-19.340197 53.287750 -19.238075
-19.250740 50.762871 -20.334513
-19.179405 48.101234 -21.334286
-19.101419 45.299385 -22.256979
-19.003139 42.351528 -23.113453
-18.877886 39.246391 -23.893276
-18.737970 35.973316 -24.561638
-18.612478 32.551167 -25.094509
-18.559336 29.019871 -25.451580
-18.650723 25.440374 -25.590683
-18.964455 21.880079 -25.494667
-19.553825 18.398567 -25.218523
-20.441280 15.037294 -24.880690
-21.621254 11.811148 -24.642033
-18.467634 63.722122 -9.754866
-18.097519 62.344971 -12.021441
-17.817923 60.688873 -14.099237
-17.620745 58.784538 -15.962286
-17.492958 56.659241 -17.595959
-17.418682 54.346252 -19.014446
-17.390062 51.873001 -20.256941
-17.387989 49.256813 -21.351530
-17.391302 46.500843 -22.319387
-17.376028 43.593353 -23.171957
-17.331844 40.524544 -23.912260
-17.263205 37.279541 -24.517168
-17.189671 33.866890 -24.975912
-17.158503 30.312046 -25.266754
-17.239937 26.670443 -25.366856
-17.517963 23.010828 -25.255983
-18.056519 19.399076 -24.973345
-18.890055 15.880232 -24.608446
-20.037966 12.490467 -24.293169
-16.320122 62.921253 -10.606801
-15.969868 61.328110 -12.885547
-15.733070 59.497620 -14.975209
-15.596881 57.449478 -16.851633
-15.543185 55.206650 -18.499439
-15.553895 52.790886 -19.926020
-15.605311 50.226494 -21.158386
-15.674508 47.520660 -22.215023
-15.740338 44.668686 -23.108788
-15.780663 41.652882 -23.843964
-15.793853 38.457848 -24.411909
-15.789360 35.083450 -24.813721
-15.803349 31.542801 -25.041492
-15.894637 27.874695 -25.089806
-16.147619 24.144325 -24.952787
-16.634861 20.423109 -24.660152
-17.403870 16.766930 -24.281506
-18.486591 13.217345 -23.918623
-14.341733 61.809589 -11.347040
-14.032887 60.032413 -13.634875
-13.848613 58.046547 -15.732499
-13.772663 55.869385 -17.615784
-13.788050 53.514404 -19.264893
-13.866489 51.002125 -20.678001
-13.981331 48.346348 -21.872425
-14.109391 45.546600 -22.857769
-14.230301 42.592987 -23.639538
-14.328341 39.461266 -24.210518
-14.403738 36.146915 -24.586391
-14.480399 32.651436 -24.772266
-14.604515 28.997898 -24.776733
-14.848433 25.233479 -24.609158
-15.290014 21.431128 -24.304440
-15.988015 17.657728 -23.917936
-16.988438 13.968483 -23.530312
-12.589071 60.406578 -11.949339
-12.331964 58.470562 -14.236176
-12.198435 56.348782 -16.331417
-12.174730 54.050526 -18.209047
-12.239848 51.590439 -19.844343
-12.367641 48.979958 -21.226143
-12.531685 46.225433 -22.361591
-12.709007 43.321930 -23.251455
-12.883099 40.253979 -23.889767
-13.037174 37.007282 -24.288956
-13.182722 33.575706 -24.470160
-13.352240 29.967155 -24.455053
-13.604619 26.210720 -24.266594
-14.009377 22.364489 -23.949413
-14.636362 18.503735 -23.557747
-15.542507 14.696882 -23.156580
-11.108999 58.752296 -12.417373
-10.901081 56.681408 -14.690806
-10.807627 54.434475 -16.770554
-10.813950 52.023647 -18.630369
-10.906953 49.456310 -20.240131
-11.065874 46.738094 -21.578032
-11.264614 43.870956 -22.640715
-11.482417 40.844742 -23.416189
-11.699373 37.655254 -23.912615
-11.907497 34.286972 -24.143583
-12.124588 30.737598 -24.147532
-12.394778 27.019215 -23.960897
-12.777612 23.173803 -23.639278
-13.338576 19.265421 -23.243843
-14.148817 15.373106 -22.835737
-9.941857 56.899948 -12.773434
-9.768651 54.705486 -15.019487
-9.689169 52.340954 -17.071705
-9.699123 49.813534 -18.902218
-9.795397 47.126659 -20.475327
-9.963470 44.283188 -21.758938
-10.178597 41.278954 -22.735916
-10.418659 38.117519 -23.400290
-10.667363 34.793316 -23.760469
-10.922661 31.297171 -23.840420
-11.210929 27.629372 -23.694750
-11.580067 23.815990 -23.391132
-12.088517 19.906145 -23.001640
-12.803864 15.968138 -22.592648
-9.095002 54.900860 -13.056696
-8.926753 52.586857 -15.263474
-8.832881 50.097649 -17.274950
-8.819091 47.438297 -19.060976
-8.891375 44.611286 -20.581619
-9.041477 41.614426 -21.793369
-9.248771 38.459122 -22.680679
-9.492793 35.147663 -23.234192
-9.759809 31.681326 -23.469761
-10.056224 28.056499 -23.422112
-10.412379 24.287205 -23.176455
-10.877164 20.405968 -22.817844
-11.511033 16.465319 -22.423775
-8.535911 52.794029 -13.312016
-8.344190 50.350353 -15.464657
-8.210252 47.719162 -17.415636
-8.147246 44.906029 -19.132660
-8.166852 41.910175 -20.569494
-8.272923 38.748158 -21.689402
-8.447423 35.429291 -22.472544
-8.674618 31.963406 -22.914387
-8.946690 28.357241 -23.039387
-9.277703 24.622616 -22.908562
-9.698419 20.778316 -22.624481
-10.259284 16.858938 -22.277901
-8.173390 50.589035 -13.557943
-7.937313 48.000172 -15.635702
-7.746230 45.209267 -17.498838
-7.615851 42.219505 -19.107527
-7.569019 39.050972 -20.427740
-7.612832 35.718773 -21.423334
-7.735779 32.239105 -22.081659
-7.929457 28.626362 -22.408417
-8.196823 24.901428 -22.456064
-8.558848 21.080769 -22.301201
-9.045825 17.184132 -22.049862
-7.912116 48.274834 -13.772435
-7.620979 45.529026 -15.747312
-7.363985 42.563866 -17.481628
-7.165790 39.403393 -18.948580
-7.047751 36.066059 -20.114231
-7.021763 32.573906 -20.955006
-7.082360 28.946602 -21.471188
-7.235224 25.210438 -21.703815
-7.493150 21.387901 -21.726522
-7.885651 17.497047 -21.619678
-7.669028 45.839558 -13.904009
-7.322008 42.930466 -15.735322
-7.007494 39.804516 -17.310944
-6.746966 36.484085 -18.600864
-6.562055 32.993855 -19.582615
-6.466537 29.358608 -20.248129
-6.467033 25.608152 -20.638802
-6.580379 21.768614 -20.824677
-6.828507 17.860416 -20.890282
-7.378308 43.277985 -13.877913
-6.990274 40.223652 -15.540484
-6.630747 36.951267 -16.926872
-6.319964 33.488457 -18.015839
-6.077733 29.861677 -18.797604
-5.924325 26.104855 -19.308413
-5.875189 22.248022 -19.623184
-5.955414 18.314375 -19.829025
-6.998012 40.608627 -13.636162
-6.587598 37.424950 -15.105389
-6.200923 34.022568 -16.284458
-5.855555 30.429573 -17.161375
-5.572927 26.680653 -17.768650
-5.377956 22.812344 -18.178867
-5.292500 18.853231 -18.487057
-6.519594 37.844521 -13.143790
-6.104833 34.543957 -14.407852
-5.707418 31.018040 -15.373348
-5.343773 27.301710 -16.066677
-5.036573 23.434307 -16.556364
-4.814834 19.454464 -16.938890
-5.954463 34.993755 -12.393346
-5.551507 31.580368 -13.449989
-5.157510 27.933117 -14.230399
-4.788636 24.093136 -14.794538
-4.470129 20.105324 -15.236704
-5.328326 32.055481 -11.400968
-4.947858 28.530617 -12.278847
-4.565954 24.760120 -12.923792
-4.201534 20.794785 -13.421527
-4.669054 29.029219 -10.223166
-4.315486 25.393929 -10.967122
-3.950722 21.500313 -11.527429
-4.007999 25.924820 -8.943071
-3.680076 22.183081 -9.589994
-3.371583 22.774286 -7.638147
-61.656330 -47.120827 -9.480838
-61.824570 -44.889843 -10.626868
-61.964188 -42.484585 -11.785195
-62.077240 -39.950516 -12.928233
-62.160423 -37.310291 -14.046809
-62.204964 -34.584618 -15.145033
-62.199791 -31.796793 -16.237206
-62.129395 -28.966866 -17.342894
-61.975666 -26.116154 -18.485285
-61.711601 -23.266806 -19.694178
-61.322464 -20.438831 -20.989944
-60.794487 -17.644783 -22.387405
-60.117065 -14.891489 -23.893227
-59.280914 -12.181537 -25.504520
-58.280323 -9.514143 -27.202377
-57.128464 -6.884087 -28.946198
-55.836830 -4.289108 -30.688416
-54.422779 -1.729463 -32.372513
-52.904415 0.787792 -33.928928
-51.310005 3.251424 -35.300896
-49.662029 5.642040 -36.450047
-47.977654 7.929382 -37.351639
-46.271484 10.069915 -37.992237
-44.559921 11.993907 -38.354179
-42.865295 13.641737 -38.443573
-41.222919 14.930002 -38.241558
-39.693081 15.759254 -37.734680
-38.376389 16.013395 -36.946331
-37.349953 15.704299 -35.985756
-36.601166 14.987944 -34.944080
-36.071308 14.058093 -33.862766
-23.209595 -56.691620 -14.471875
-24.641804 -53.948765 -15.583770
-25.920506 -50.959995 -16.890928
-26.989002 -47.835522 -18.401224
-27.834072 -44.657452 -20.099779
-28.490980 -41.488953 -21.929153
-29.024143 -38.366520 -23.811344
-29.486406 -35.311943 -25.678425
-29.912096 -32.339848 -27.475096
-30.306448 -29.463215 -29.156780
-30.650312 -26.677711 -30.711441
-30.912048 -23.976753 -32.140469
-31.060879 -21.353504 -33.453899
-31.074509 -18.804243 -34.665897
-30.948870 -16.329031 -35.793251
-30.710939 -13.924091 -36.855293
-30.392590 -11.586973 -37.859322
-30.029755 -9.309814 -38.801231
-29.656254 -7.078753 -39.654762
-29.299820 -4.870713 -40.378139
-28.980492 -2.669314 -40.919876
-28.720331 -0.470784 -41.228905
-28.550947 1.713433 -41.267319
-28.525583 3.852365 -41.012794
-28.690868 5.906919 -40.500500
-29.095814 7.824614 -39.762974
-29.772507 9.540458 -38.838741
-30.729382 10.967770 -37.763290
-31.909351 12.040119 -36.578514
-33.213791 12.737772 -35.321781
-34.527744 13.079255 -34.034554
-22.743959 -59.951180 -13.787695
-23.736217 -60.948868 -14.122498
-24.678341 -61.882774 -14.584383
-25.555002 -62.687489 -15.193269
-26.372776 -63.316498 -15.960111
-27.168221 -63.771198 -16.864338
-28.011810 -64.088127 -17.860077
-28.987528 -64.286705 -18.899109
-30.163567 -64.370842 -19.924129
-31.580433 -64.334236 -20.862270
-33.204422 -64.187195 -21.653191
-34.984634 -63.934685 -22.252068
-36.860706 -63.578438 -22.625435
-38.767467 -63.119576 -22.746367
-40.635296 -62.567169 -22.601757
-42.412170 -61.947281 -22.224447
-44.068512 -61.284992 -21.659651
-45.601902 -60.602020 -20.970833
-47.033039 -59.912655 -20.226562
-48.406387 -59.225746 -19.485916
-49.756340 -58.545845 -18.772915
-51.100574 -57.870022 -18.082829
-52.440929 -57.182049 -17.390289
-53.763252 -56.450584 -16.657166
-55.046249 -55.652287 -15.854923
-56.266399 -54.778214 -14.966129
-57.404285 -53.836113 -13.985960
-58.444031 -52.845577 -12.919364
-59.381004 -51.836437 -11.788288
-60.211926 -50.838646 -10.624693
-60.919827 -49.887348 -9.473579
-34.781231 14.021120 -35.395660
-35.303032 14.798763 -36.666725
-36.147339 15.222039 -37.853321
-37.353504 15.124819 -38.879818
-38.869507 14.454845 -39.616943
-40.570610 13.296920 -40.010284
-42.369148 11.754157 -40.077122
-44.212769 9.910828 -39.838455
-46.074520 7.833344 -39.296307
-47.913258 5.584498 -38.459534
-49.711288 3.216794 -37.349556
-51.448303 0.763770 -35.993443
-53.101589 -1.753191 -34.431187
-54.642326 -4.322412 -32.720367
-56.044621 -6.936243 -30.935989
-57.296700 -9.590823 -29.139404
-58.386837 -12.286210 -27.382290
-59.304516 -15.025799 -25.707226
-60.050026 -17.808434 -24.140844
-60.635052 -20.631485 -22.688986
-61.072056 -23.489586 -21.346472
-61.375198 -26.372475 -20.099791
-61.559109 -29.263302 -18.929127
-61.648369 -32.138527 -17.804031
-61.662964 -34.976334 -16.696903
-61.618862 -37.754536 -15.583819
-61.527878 -40.449242 -14.444057
-61.402740 -43.037300 -13.264940
-61.253777 -45.498302 -12.045422
-61.087658 -47.802303 -10.786442
-33.454235 13.543293 -36.851418
-34.054249 14.067019 -38.275616
-35.075500 14.131173 -39.549992
-36.497799 13.652529 -40.552528
-38.201160 12.674124 -41.193707
-40.065651 11.277900 -41.464722
-42.013775 9.555185 -41.396385
-44.003330 7.574329 -40.995407
-45.990772 5.403986 -40.276993
-47.936531 3.087901 -39.249409
-49.818069 0.668427 -37.947105
-51.610180 -1.830813 -36.411530
-53.283943 -4.397558 -34.701202
-54.812096 -7.024404 -32.892292
-56.173645 -9.705309 -31.053402
-57.361649 -12.435950 -29.242613
-58.364529 -15.217453 -27.507807
-59.185028 -18.045500 -25.878803
-59.830154 -20.913210 -24.369225
-60.314991 -23.814838 -22.976292
-60.655720 -26.741520 -21.687288
-60.867378 -29.678570 -20.482738
-60.976295 -32.604317 -19.330992
-61.001221 -35.495087 -18.202803
-60.959583 -38.329857 -17.069166
-60.863468 -41.084114 -15.903461
-60.726498 -43.736462 -14.685386
-60.563019 -46.266479 -13.406029
-60.385582 -48.648708 -12.058362
-32.219631 12.618723 -38.223671
-32.982323 12.823351 -39.737877
-34.223217 12.536898 -41.011654
-35.843620 11.765122 -41.936993
-37.714119 10.559921 -42.468117
-39.724602 8.995397 -42.615971
-41.810230 7.148194 -42.401051
-43.916050 5.086978 -41.840332
-46.001656 2.862201 -40.947910
-48.024937 0.504992 -39.740551
-49.958195 -1.952934 -38.266773
-51.769722 -4.498496 -36.586098
-53.431007 -7.124309 -34.777077
-54.918201 -9.824384 -32.911369
-56.214096 -12.590575 -31.056049
-57.311031 -15.419701 -29.266470
-58.210926 -18.303143 -27.578817
-58.923279 -21.231050 -26.009741
-59.459259 -24.191549 -24.563471
-59.837986 -27.174938 -23.228813
-60.076408 -30.168018 -21.986124
-60.203117 -33.149544 -20.802574
-60.238026 -36.098782 -19.646965
-60.198830 -38.991642 -18.488180
-60.098240 -41.805885 -17.293875
-59.950584 -44.519424 -16.039001
-59.770779 -47.114231 -14.709240
-59.574669 -49.565205 -13.295614
-31.187607 11.268291 -39.478043
-32.164574 11.153715 -41.002720
-33.610405 10.586220 -42.213631
-35.401196 9.592468 -43.036419
-37.411583 8.225044 -43.450909
-39.547760 6.544484 -43.461975
-41.737007 4.626311 -43.098858
-43.929649 2.520721 -42.375061
-46.083393 0.265289 -41.311691
-48.152523 -2.121908 -39.936943
-50.101757 -4.621087 -38.317558
-51.898743 -7.224943 -36.535301
-53.517117 -9.927212 -34.666111
-54.935802 -12.719610 -32.781593
-56.135998 -15.593915 -30.947397
-57.123699 -18.535774 -29.207647
-57.907970 -21.530312 -27.584625
-58.502182 -24.563221 -26.084995
-58.922451 -27.616964 -24.703154
-59.188679 -30.677345 -23.420033
-59.332924 -33.723213 -22.201302
-59.376999 -36.734932 -21.014420
-59.339676 -39.691288 -19.825773
-59.234737 -42.565872 -18.601177
-59.076958 -45.339134 -17.311417
-58.881702 -47.992771 -15.940370
-58.664215 -50.505211 -14.477697
-30.429874 9.560847 -40.563053
-31.614477 9.180288 -42.034054
-33.236252 8.391771 -43.144257
-35.162971 7.234779 -43.847454
-37.285625 5.753910 -44.125256
-39.510193 4.008106 -43.991924
-41.771862 2.053565 -43.469936
-44.020210 -0.073245 -42.577229
-46.209110 -2.348752 -41.344749
-48.285904 -4.769819 -39.819199
-50.213799 -7.323947 -38.092422
-51.961391 -10.004732 -36.245529
-53.504379 -12.803322 -34.355812
-54.819290 -15.710943 -32.494675
-55.901829 -18.706022 -30.716084
-56.765038 -21.767336 -29.048979
-57.421928 -24.875267 -27.504452
-57.890461 -28.010136 -26.078400
-58.188286 -31.148954 -24.755571
-58.351765 -34.268574 -23.501009
-58.405807 -37.349991 -22.281120
-58.371258 -40.372963 -21.061155
-58.262608 -43.313873 -19.804743
-58.096268 -46.148209 -18.482637
-57.887375 -48.860977 -17.077049
-57.650917 -51.431606 -15.578627
-29.953512 7.602207 -41.438938
-31.320980 7.003008 -42.808044
-33.081680 6.045392 -43.787399
-35.112324 4.770585 -44.340878
-37.308826 3.225498 -44.466778
-39.590946 1.448936 -44.170036
-41.894398 -0.517828 -43.473812
-44.165024 -2.653762 -42.403759
-46.348614 -4.952414 -41.009052
-48.392143 -7.422069 -39.366127
-50.258450 -10.051053 -37.568115
-51.918118 -12.829914 -35.698959
-53.343872 -15.748604 -33.836800
-54.527977 -18.783222 -32.040813
-55.474266 -21.903595 -30.346870
-56.199024 -25.083721 -28.771227
-56.719898 -28.298510 -27.312660
-57.056000 -31.523090 -25.956589
-57.243240 -34.724964 -24.669575
-57.310501 -37.883606 -23.418579
-57.281662 -40.979595 -22.168694
-57.173225 -43.990639 -20.883537
-57.001949 -46.895134 -19.533157
-56.783947 -49.672787 -18.101131
-56.533226 -52.307610 -16.578451
-29.733252 5.474965 -42.075661
-31.249571 4.701311 -43.301659
-33.117256 3.617435 -44.109783
-35.215633 2.274678 -44.492802
-37.459087 0.701405 -44.442101
-39.771915 -1.079500 -43.960285
-42.086449 -3.043725 -43.074516
-44.339851 -5.190135 -41.827679
-46.476711 -7.528064 -40.301468
-48.444088 -10.068873 -38.577606
-50.206593 -12.796854 -36.753494
-51.731327 -15.700346 -34.915108
-53.008850 -18.751749 -33.128014
-54.040604 -21.916958 -31.430967
-54.834984 -25.159893 -29.843693
-55.412003 -28.449459 -28.368904
-55.790359 -31.755573 -26.993845
-56.008347 -35.044750 -25.683990
-56.094528 -38.287670 -24.408310
-56.076500 -41.463852 -23.133896
-55.973656 -44.552670 -21.826052
-55.804276 -47.534431 -20.456079
-55.583607 -50.392223 -19.007723
-55.325790 -53.103424 -17.473122
-29.727806 3.245707 -42.439190
-31.366165 2.336720 -43.472031
-33.308212 1.178253 -44.085358
-35.453178 -0.193737 -44.271431
-37.722595 -1.765562 -44.019928
-40.039944 -3.532798 -43.334534
-42.329136 -5.494066 -42.256638
-44.526051 -7.669602 -40.863377
-46.573074 -10.074025 -39.242432
-48.420208 -12.715434 -37.484825
-50.027939 -15.574339 -35.691151
-51.384003 -18.618048 -33.935081
-52.489407 -21.806337 -32.259796
-53.351173 -25.098244 -30.685993
-53.983398 -28.452341 -29.216080
-54.406082 -31.833549 -27.840652
-54.658501 -35.204376 -26.524458
-54.770416 -38.536049 -25.237286
-54.769554 -41.800034 -23.948502
-54.678604 -44.975727 -22.627691
-54.518028 -48.045963 -21.248959
-54.303238 -50.995491 -19.797337
-54.046665 -53.805584 -18.266222
-29.896360 0.965041 -42.489494
-31.628204 -0.026826 -43.305626
-33.629284 -1.218908 -43.700630
-35.807018 -2.588341 -43.668446
-38.083076 -4.139052 -43.198898
-40.373787 -5.892559 -42.307430
-42.602222 -7.874232 -41.068825
-44.701416 -10.112829 -39.566471
-46.614769 -12.621840 -37.899399
-48.288372 -15.403993 -36.166832
-49.706261 -18.414209 -34.458103
-50.868713 -21.603817 -32.822880
-51.783527 -24.924643 -31.284637
-52.464924 -28.330130 -29.844952
-52.929016 -31.775988 -28.490931
-53.216881 -35.221786 -27.188454
-53.357998 -38.636452 -25.907822
-53.380993 -41.993713 -24.620813
-53.308804 -45.265949 -23.300493
-53.164181 -48.436390 -21.925861
-52.963303 -51.491531 -20.484625
-52.717964 -54.414062 -18.971661
-30.187225 -1.312515 -42.225430
-32.003105 -2.347229 -42.807465
-34.056458 -3.542110 -42.969921
-36.255547 -4.891160 -42.707794
-38.514309 -6.424179 -42.020203
-40.747852 -8.193616 -40.954636
-42.877209 -10.238043 -39.591614
-44.835506 -12.588188 -38.028198
-46.559750 -15.253551 -36.374680
-48.022476 -18.204285 -34.724464
-49.223454 -21.374699 -33.141701
-50.172394 -24.706348 -31.654364
-50.886288 -28.145428 -30.264811
-51.382938 -31.643885 -28.957676
-51.702110 -35.154678 -27.691504
-51.873138 -38.646271 -26.438858
-51.923962 -42.091576 -25.172770
-51.878265 -45.467201 -23.871227
-51.758266 -48.748703 -22.516516
-51.580902 -51.921509 -21.100842
-51.357864 -54.969315 -19.621624
-30.559555 -3.568146 -41.682060
-32.453217 -4.618322 -42.027462
-34.550411 -5.802888 -41.955772
-36.751411 -7.140637 -41.469471
-38.965908 -8.692352 -40.597805
-41.106911 -10.528108 -39.394371
-43.095535 -12.693089 -37.955021
-44.856575 -15.217051 -36.391132
-46.352650 -18.073587 -34.812527
-47.577320 -21.203625 -33.289192
-48.543148 -24.529644 -31.861019
-49.271709 -27.987280 -30.532705
-49.785278 -31.522514 -29.288408
-50.127792 -35.087292 -28.081577
-50.326420 -38.645966 -26.877062
-50.407715 -42.172562 -25.651176
-50.394569 -45.643745 -24.384754
-50.309658 -49.039143 -23.066376
-50.167465 -52.334198 -21.689947
-49.979500 -55.510460 -20.256931
-30.982977 -5.803808 -40.911201
-32.945347 -6.860908 -41.026897
-35.067879 -8.048299 -40.732399
-37.243965 -9.413879 -40.057896
-39.380043 -11.038505 -39.037769
-41.387184 -13.003937 -37.743744
-43.176991 -15.360092 -36.288467
-44.698502 -18.098736 -34.789085
-45.936848 -21.159679 -33.333973
-46.905163 -24.463661 -31.968525
-47.631496 -27.927017 -30.706249
-48.145271 -31.486261 -29.531639
-48.497330 -35.089817 -28.395658
-48.717655 -38.704063 -27.259029
-48.829742 -42.300129 -26.090214
-48.854687 -45.856388 -24.874893
-48.813278 -49.351231 -23.604933
-48.719524 -52.763401 -22.281399
-48.580795 -56.063164 -20.905712
-31.431372 -8.040592 -39.971470
-33.442078 -9.119185 -39.873711
-35.560272 -10.346647 -39.394066
-37.676620 -11.792745 -38.566895
-39.692547 -13.554253 -37.444794
-41.506477 -15.724611 -36.119633
-43.051651 -18.317711 -34.715816
-44.301052 -21.286673 -33.332573
-45.262100 -24.546335 -32.033859
-45.971642 -28.003489 -30.836948
-46.469093 -31.576962 -29.731771
-46.815289 -35.207577 -28.668161
-47.045414 -38.861530 -27.605165
-47.184956 -42.513607 -26.508333
-47.250587 -46.139259 -25.356180
-47.259598 -49.717812 -24.146093
-47.222328 -53.225761 -22.882349
-47.145775 -56.635952 -21.574060
-31.872786 -10.313540 -38.920757
-33.897820 -11.444881 -38.647537
-35.974918 -12.758551 -38.017799
-37.988792 -14.343046 -37.082981
-39.824802 -16.314856 -35.916046
-41.396976 -18.738308 -34.627029
-42.661743 -21.586639 -33.327232
-43.617188 -24.781204 -32.093204
-44.299149 -28.217075 -30.959497
-44.764603 -31.797771 -29.917110
-45.087986 -35.448292 -28.919760
-45.312851 -39.131073 -27.925680
-45.468506 -42.822529 -26.899864
-45.572208 -46.502239 -25.819563
-45.633251 -50.146248 -24.675922
-45.656841 -53.731358 -23.478552
-45.645660 -57.227715 -22.239315
-32.264896 -12.654449 -37.816795
-34.265057 -13.873781 -37.400364
-36.257084 -15.319728 -36.661747
-38.109364 -17.106195 -35.670986
-39.715973 -19.333714 -34.522022
-41.008301 -22.030231 -33.318928
-41.968128 -25.131367 -32.153763
-42.626530 -28.529640 -31.074226
-43.046333 -32.110542 -30.085669
-43.328613 -35.778938 -29.142227
-43.529297 -39.486488 -28.205263
-43.684074 -43.208370 -27.240009
-43.811646 -46.927032 -26.224213
-43.918358 -50.622593 -25.149591
-43.998646 -54.268227 -24.019928
-44.049549 -57.834263 -22.851706
-32.571396 -15.078902 -36.676025
-34.501667 -16.419685 -36.150166
-36.350773 -18.049042 -35.345505
-37.992100 -20.077070 -34.353260
-39.329781 -22.581118 -33.266201
-40.315159 -25.550554 -32.176342
-40.965073 -28.883173 -31.148630
-41.343655 -32.452328 -30.200609
-41.567066 -36.137913 -29.299061
-41.721661 -39.871967 -28.405064
-41.852974 -43.623100 -27.486753
-41.983189 -47.374668 -26.522568
-42.116077 -51.110340 -25.506107
-42.240353 -54.807236 -24.442324
-42.341850 -58.431351 -23.342131
-32.754715 -17.593948 -35.501835
-34.561852 -19.094877 -34.897903
-36.222149 -20.940697 -34.070206
-37.614826 -23.231798 -33.110771
-38.654640 -26.017748 -32.106400
-39.324024 -29.243706 -31.129562
-39.677368 -32.776749 -30.214966
-39.843575 -36.471233 -29.341743
-39.928604 -40.235725 -28.479029
-40.010448 -44.020119 -27.594755
-40.117123 -47.805328 -26.669601
-40.251511 -51.577328 -25.698502
-40.396542 -55.317108 -24.688211
-40.530590 -58.993927 -23.651196
-32.779854 -20.207207 -34.281208
-34.424538 -21.894768 -33.629768
-35.863644 -23.978544 -32.802776
-36.980827 -26.544247 -31.888506
-37.710529 -29.604322 -30.962503
-38.071411 -33.060902 -30.074051
-38.194485 -36.743492 -29.220463
-38.207142 -40.532223 -28.378168
-38.210144 -44.355900 -27.519789
-38.263260 -48.179497 -26.624853
-38.370056 -51.989414 -25.689617
-38.509033 -55.769371 -24.721554
-38.650551 -59.492210 -23.734854
-32.637455 -22.913635 -32.993103
-34.098167 -24.806587 -32.305717
-35.298195 -27.143530 -31.481106
-36.130505 -29.987114 -30.600630
-36.552639 -33.306824 -29.726807
-36.666451 -36.941528 -28.880360
-36.615532 -40.737179 -28.050037
-36.530041 -44.594582 -27.211508
-36.493214 -48.462879 -26.345005
-36.537884 -52.315498 -25.442369
-36.638508 -56.137394 -24.510956
-36.758347 -59.903618 -23.565599
-32.348145 -25.711798 -31.608015
-33.616428 -27.829082 -30.881245
-34.574318 -30.432384 -30.045347
-35.123798 -33.554276 -29.173864
-35.294380 -37.083981 -28.315004
-35.214794 -40.853924 -27.481401
-35.044186 -44.728874 -26.655546
-34.900276 -48.635597 -25.815968
-34.839226 -52.536930 -24.949980
-34.862812 -56.405281 -24.056643
-34.926338 -60.216095 -23.150560
-31.945869 -28.607262 -30.101685
-33.025806 -30.967886 -29.322191
-33.746967 -33.851788 -28.453054
-34.063396 -37.212395 -27.564516
-34.031368 -40.907345 -26.701603
-33.810516 -44.771156 -25.870430
-33.556969 -48.700607 -25.050575
-33.366341 -52.643692 -24.221258
-33.262150 -56.564903 -23.372778
-33.226753 -60.424644 -22.509836
-31.471703 -31.607336 -28.458107
-32.373695 -34.233627 -27.607769
-32.900391 -37.371479 -26.691187
-33.025284 -40.931374 -25.778093
-32.837791 -44.744953 -24.911577
-32.508789 -48.672134 -24.091238
-32.181156 -52.641647 -23.290043
-31.920883 -56.608566 -22.485447
-31.729376 -60.524193 -21.672581
-30.960575 -34.722603 -26.674417
-31.717411 -37.599552 -25.750292
-32.080791 -40.961857 -24.789673
-32.050312 -44.675114 -23.865202
-31.733593 -48.571518 -23.013733
-31.302971 -52.545406 -22.219847
-30.876968 -56.543148 -21.449099
-30.500013 -60.507332 -20.683149
-30.439934 -37.925667 -24.782654
-31.069777 -41.035206 -23.796598
-31.288721 -44.584755 -22.815248
-31.113094 -48.414673 -21.909721
-30.666178 -52.373543 -21.095987
-30.108105 -56.382328 -20.340895
-29.536720 -60.379662 -19.611969
-29.882128 -41.204620 -22.840654
-30.381199 -44.520473 -21.823698
-30.443235 -48.222549 -20.860371
-30.107550 -52.140278 -20.003128
-29.502293 -56.144718 -19.240734
-28.774082 -60.155201 -18.534632
-29.233738 -44.535591 -20.919592
-29.568842 -48.030922 -19.916290
-29.440544 -51.849533 -19.006948
-28.908955 -55.826897 -18.213585
-28.103266 -59.834419 -17.511494
-28.416388 -47.890789 -19.101406
-28.539646 -51.524113 -18.155478
-28.177528 -55.416256 -17.319796
-27.406946 -59.395832 -16.597813
-27.361368 -51.205582 -17.465155
-27.227390 -54.919556 -16.602293
-26.586952 -58.812256 -15.847631
-26.049217 -54.393410 -16.047207
-25.617765 -58.106186 -15.272058
-24.498974 -57.354290 -14.837145
-18.957355 -98.615570 18.306515
-17.835863 -99.311462 17.005196
-16.701992 -99.833801 15.463646
-15.604502 -100.170540 13.727457
-14.586877 -100.332611 11.845989
-13.692652 -100.339668 9.871378
-12.954004 -100.205772 7.846728
-12.396688 -99.926498 5.804522
-12.026648 -99.492645 3.781185
-11.823647 -98.889511 1.827778
-11.707951 -98.129730 -0.011085
-11.588900 -97.222656 -1.703655
-11.380950 -96.173271 -3.226027
-11.024831 -94.979866 -4.552695
-10.517990 -93.639595 -5.658090
-9.932892 -92.167816 -6.546852
-9.367724 -90.584259 -7.226802
-8.926579 -88.922089 -7.712875
-8.706820 -87.225594 -8.014758
-8.745917 -85.539368 -8.165575
-9.037701 -83.879791 -8.214161
-9.560575 -82.234123 -8.225995
-10.291224 -80.567162 -8.277351
-11.217770 -78.826881 -8.445777
-12.315582 -76.969299 -8.765882
-13.572234 -74.952293 -9.242266
-14.967439 -72.737328 -9.851764
-16.465813 -70.285492 -10.555898
-17.996500 -67.594528 -11.307537
-19.467400 -64.714264 -12.074968
-20.770821 -61.757275 -12.839859
-60.086849 -52.701412 -9.058975
-59.103672 -55.529453 -8.464255
-57.955452 -58.337708 -7.740737
-56.644424 -61.096176 -6.926735
-55.197628 -63.794003 -6.071796
-53.670914 -66.445305 -5.232185
-52.139057 -69.073959 -4.453164
-50.687420 -71.695763 -3.765616
-49.406425 -74.310669 -3.188948
-48.332832 -76.886215 -2.710548
-47.436672 -79.394684 -2.311188
-46.630661 -81.815811 -1.974441
-45.790726 -84.138275 -1.689530
-44.786606 -86.347397 -1.444415
-43.548805 -88.417877 -1.214284
-42.059929 -90.328896 -0.981222
-40.352139 -92.062691 -0.716662
-38.483440 -93.615791 -0.380006
-36.537987 -95.006165 0.074325
-34.586510 -96.263252 0.685667
-32.680717 -97.403610 1.486903
-30.854132 -98.427025 2.498821
-29.123116 -99.310661 3.733928
-27.491705 -100.032547 5.166267
-25.951164 -100.558914 6.773570
-24.499710 -100.856598 8.527340
-23.142282 -100.893837 10.399027
-21.889402 -100.662521 12.344984
-20.751915 -100.183899 14.323657
-19.754284 -99.492859 16.311401
-59.216125 -53.848717 -10.167928
-58.078217 -56.798744 -9.521986
-56.787621 -59.674206 -8.742781
-55.362888 -62.472481 -7.888477
-53.850246 -65.211708 -7.025234
-52.314701 -67.922989 -6.214119
-50.837788 -70.632431 -5.499231
-49.507896 -73.346985 -4.912087
-48.365410 -76.041000 -4.450758
-47.397228 -78.676697 -4.094844
-46.527134 -81.231277 -3.820689
-45.640224 -83.689056 -3.608893
-44.610237 -86.034241 -3.439261
-43.364101 -88.243011 -3.278132
-41.873272 -90.285156 -3.095939
-40.159267 -92.143852 -2.865853
-38.272877 -93.808075 -2.548949
-36.293488 -95.292007 -2.105284
-34.290516 -96.615326 -1.498957
-32.317661 -97.800125 -0.699260
-30.410620 -98.853447 0.316025
-28.588478 -99.759674 1.562340
-26.855301 -100.504112 3.017228
-25.218723 -101.058914 4.660334
-23.677725 -101.396019 6.465905
-22.240509 -101.482048 8.410969
-20.919222 -101.305756 10.463793
-19.728254 -100.873772 12.589847
-18.685642 -100.202385 14.768974
-58.241791 -54.958359 -11.259392
-56.959438 -57.984833 -10.543909
-55.545074 -60.911572 -9.708747
-54.038963 -63.761185 -8.830041
-52.497105 -66.570480 -7.981553
-50.994576 -69.373520 -7.226468
-49.617470 -72.188858 -6.609953
-48.412422 -74.993950 -6.141335
-47.372257 -77.756294 -5.807708
-46.438293 -80.440422 -5.580953
-45.502705 -83.029121 -5.433432
-44.443344 -85.504333 -5.336231
-43.184208 -87.844589 -5.248509
-41.690796 -90.021751 -5.132428
-39.974163 -92.008209 -4.950793
-38.078541 -93.792236 -4.667552
-36.080524 -95.382103 -4.245638
-34.047264 -96.796494 -3.653987
-32.031418 -98.049629 -2.862992
-30.068653 -99.153419 -1.851752
-28.177404 -100.098236 -0.603395
-26.358681 -100.872879 0.862311
-24.617044 -101.453865 2.528236
-22.968317 -101.815208 4.370759
-21.423851 -101.926521 6.370261
-20.004341 -101.775032 8.499925
-18.728645 -101.367073 10.734938
-17.618465 -100.713318 13.057850
-57.167263 -56.030254 -12.299707
-55.757545 -59.101959 -11.509889
-54.250946 -62.077816 -10.632934
-52.698177 -64.999168 -9.752793
-51.166988 -67.906990 -8.948806
-49.741158 -70.827164 -8.287475
-48.472725 -73.744415 -7.791207
-47.363518 -76.626450 -7.454917
-46.362152 -79.441345 -7.255402
-45.375919 -82.158104 -7.158340
-44.284580 -84.759155 -7.126344
-43.009113 -87.223862 -7.110788
-41.509800 -89.527168 -7.067317
-39.790543 -91.642647 -6.951436
-37.887615 -93.546272 -6.718155
-35.875755 -95.246559 -6.334930
-33.822514 -96.758682 -5.773233
-31.780289 -98.098160 -5.007304
-29.783798 -99.270958 -4.013632
-27.849394 -100.271530 -2.775259
-25.972214 -101.092026 -1.309650
-24.150917 -101.710236 0.367918
-22.394989 -102.101326 2.236302
-20.733583 -102.232964 4.277121
-19.194670 -102.094772 6.465078
-17.809546 -101.694023 8.777155
-16.604023 -101.044327 11.200832
-56.001347 -57.050205 -13.268784
-54.493149 -60.157543 -12.415927
-52.927124 -63.196449 -11.518156
-51.365814 -66.215179 -10.666922
-49.888191 -69.247589 -9.948061
-48.553791 -72.280159 -9.406345
-47.372833 -75.283440 -9.045732
-46.303791 -78.223343 -8.847699
-45.260654 -81.071457 -8.780934
-44.132977 -83.796852 -8.800589
-42.836929 -86.381996 -8.850410
-41.327099 -88.803635 -8.878904
-39.600712 -91.037811 -8.835733
-37.687393 -93.059502 -8.670255
-35.659126 -94.866249 -8.342763
-33.585438 -96.475357 -7.829844
-31.521538 -97.901314 -7.107345
-29.503925 -99.153595 -6.153929
-27.548210 -100.222603 -4.945291
-25.642630 -101.103157 -3.495987
-23.776531 -101.774292 -1.819967
-21.950006 -102.210213 0.062591
-20.183252 -102.376854 2.134634
-18.523165 -102.258316 4.368945
-17.012341 -101.864632 6.740798
-15.690829 -101.212433 9.235965
-54.762131 -58.009129 -14.161932
-53.186275 -61.162460 -13.265421
-51.597771 -64.289261 -12.377481
-50.070576 -67.433952 -11.598106
-48.667698 -70.587456 -10.994501
-47.412415 -73.714951 -10.589327
-46.271793 -76.782410 -10.369061
-45.168129 -79.758301 -10.304692
-43.994469 -82.614120 -10.353772
-42.669998 -85.320053 -10.453731
-41.141968 -87.856819 -10.546060
-39.400646 -90.201950 -10.573630
-37.468800 -92.330887 -10.480830
-35.415672 -94.239876 -10.224746
-33.313644 -95.938362 -9.776100
-31.222206 -97.445053 -9.115931
-29.183132 -98.770988 -8.222754
-27.216528 -99.912025 -7.071856
-25.306900 -100.860497 -5.663930
-23.432482 -101.596031 -4.010074
-21.579998 -102.092560 -2.130018
-19.756971 -102.313728 -0.041093
-17.998127 -102.238846 2.228512
-16.366375 -101.869209 4.648676
-14.916682 -101.224564 7.200610
-53.469521 -58.908840 -14.983538
-51.861885 -62.134945 -14.075600
-50.293030 -65.383453 -13.242805
-48.826851 -68.654861 -12.570441
-47.495461 -71.911926 -12.101158
-46.280712 -75.110497 -11.835848
-45.111225 -78.218636 -11.747316
-43.884705 -81.204613 -11.794434
-42.519215 -84.040787 -11.918440
-40.961933 -86.695541 -12.056085
-39.195129 -89.150299 -12.143211
-37.234169 -91.380264 -12.117421
-35.144955 -93.381607 -11.932796
-33.001289 -95.163757 -11.559588
-30.870340 -96.741760 -10.973560
-28.799723 -98.132782 -10.157705
-26.817862 -99.336418 -9.084955
-24.913757 -100.352409 -7.750417
-23.058332 -101.157021 -6.148042
-21.222509 -101.723480 -4.295288
-19.397350 -102.014664 -2.210603
-17.599302 -102.006012 0.075519
-15.877015 -101.691513 2.530070
-14.307838 -101.078804 5.127031
-52.148270 -59.760460 -15.751324
-50.548950 -63.099026 -14.878500
-49.029694 -66.477264 -14.141047
-47.628227 -69.860435 -13.597620
-46.338058 -73.196754 -13.265357
-45.100563 -76.442421 -13.127388
-43.815708 -79.565865 -13.142321
-42.401302 -82.535423 -13.254731
-40.801163 -85.321190 -13.406118
-38.996338 -87.890938 -13.529686
-36.993954 -90.222702 -13.554924
-34.856239 -92.312027 -13.430820
-32.657135 -94.169014 -13.126764
-30.468624 -95.810677 -12.621098
-28.350658 -97.255638 -11.891378
-26.339497 -98.511444 -10.913739
-24.432859 -99.584129 -9.674500
-22.606304 -100.455681 -8.160141
-20.818722 -101.095238 -6.368269
-19.041534 -101.464729 -4.316965
-17.267679 -101.538048 -2.040028
-15.522971 -101.303246 0.425402
-13.870197 -100.758774 3.049175
-50.825039 -60.590580 -16.497143
-49.264858 -64.059273 -15.704800
-47.803913 -67.556992 -15.088191
-46.444500 -71.028603 -14.677012
-45.139061 -74.420288 -14.465670
-43.795273 -77.688919 -14.420183
-42.328140 -80.802368 -14.486580
-40.679268 -83.725952 -14.611296
-38.824219 -86.427765 -14.733151
-36.768883 -88.870018 -14.780684
-34.570690 -91.050926 -14.695807
-32.303310 -92.980751 -14.444155
-30.041367 -94.678650 -14.005712
-27.853313 -96.168297 -13.363998
-25.792126 -97.464165 -12.488874
-23.864059 -98.582626 -11.363503
-22.052879 -99.510246 -9.961566
-20.322987 -100.220703 -8.271458
-18.629683 -100.671265 -6.291168
-16.937368 -100.834465 -4.056400
-15.241812 -100.695450 -1.609682
-13.580700 -100.244850 1.013423
-49.512691 -61.405899 -17.251427
-48.003143 -65.001961 -16.568420
-46.584568 -68.598740 -16.077295
-45.218533 -72.135902 -15.779393
-43.819622 -75.560822 -15.646832
-42.303661 -78.828995 -15.634502
-40.607273 -81.904785 -15.692042
-38.702202 -84.749832 -15.765836
-36.587078 -87.324722 -15.790277
-34.320320 -89.609924 -15.710247
-31.974094 -91.619164 -15.484374
-29.625423 -93.373344 -15.090859
-27.348068 -94.900818 -14.518200
-25.207258 -96.225288 -13.745581
-23.229866 -97.376022 -12.743659
-21.408096 -98.348824 -11.477114
-19.715313 -99.120209 -9.917199
-18.114460 -99.650726 -8.053163
-16.545494 -99.907417 -5.902236
-14.965458 -99.873428 -3.511002
-13.376526 -99.534599 -0.921700
-48.209522 -62.215973 -18.037151
-46.740345 -65.922379 -17.471172
-45.322418 -69.595604 -17.085655
-43.877529 -73.176926 -16.853542
-42.321758 -76.612610 -16.734865
-40.588589 -79.853760 -16.691086
-38.643536 -82.860023 -16.674232
-36.480106 -85.584152 -16.628073
-34.147976 -88.002357 -16.506042
-31.722162 -90.110115 -16.271559
-29.280525 -91.933090 -15.895334
-26.901320 -93.503120 -15.366119
-24.657244 -94.850800 -14.671940
-22.591951 -96.020401 -13.791789
-20.720512 -97.023224 -12.670451
-19.025784 -97.843880 -11.264880
-17.482796 -98.443825 -9.545596
-16.039726 -98.792320 -7.524229
-14.618064 -98.866516 -5.230605
-13.172608 -98.648865 -2.711257
-46.894573 -63.018074 -18.856533
-45.430969 -66.812996 -18.387808
-43.948772 -70.541382 -18.056522
-42.365967 -74.144463 -17.820869
-40.612621 -77.565247 -17.647863
-38.647102 -80.748177 -17.506191
-36.456249 -83.643700 -17.347210
-34.081543 -86.217308 -17.138634
-31.588135 -88.458939 -16.851433
-29.058094 -90.375427 -16.461172
-26.572964 -92.004944 -15.948968
-24.211723 -93.383064 -15.305645
-22.029621 -94.565155 -14.519236
-20.060284 -95.580742 -13.541152
-18.312778 -96.432602 -12.300065
-16.774355 -97.088867 -10.748814
-15.408584 -97.516861 -8.881686
-14.143715 -97.696503 -6.729352
-12.887787 -97.603951 -4.320997
-45.528347 -63.806686 -19.684883
-44.013859 -67.668076 -19.259644
-42.413841 -71.428177 -18.910271
-40.657990 -75.027786 -18.600466
-38.697342 -78.403114 -18.307190
-36.508194 -81.488289 -18.003277
-34.121258 -84.244034 -17.668962
-31.591999 -86.647583 -17.289673
-28.991869 -88.698830 -16.846945
-26.408518 -90.416763 -16.325125
-23.926590 -91.844879 -15.708122
-21.612490 -93.046982 -14.986174
-19.512228 -94.066071 -14.120148
-17.654825 -94.927193 -13.041849
-16.057636 -95.618607 -11.667522
-14.701832 -96.111214 -9.972819
-13.532970 -96.381172 -7.979242
-12.463102 -96.410255 -5.721760
-44.057426 -64.574310 -20.462288
-42.445732 -68.476616 -20.006584
-40.699432 -72.242996 -19.567190
-38.766930 -75.809242 -19.118591
-36.613758 -79.101799 -18.645496
-34.251778 -82.061539 -18.156168
-31.724134 -84.658531 -17.649120
-29.092033 -86.877739 -17.119457
-26.432404 -88.729523 -16.556080
-23.839081 -90.238594 -15.943330
-21.389839 -91.480370 -15.262652
-19.143333 -92.508865 -14.478156
-17.140961 -93.365685 -13.529979
-15.419806 -94.065392 -12.331491
-13.998297 -94.598976 -10.814017
-12.846128 -94.942551 -8.988647
-11.892455 -95.075043 -6.890701
-42.446762 -65.306389 -21.110682
-40.716965 -69.222939 -20.552937
-38.826920 -72.965996 -19.961313
-36.737949 -76.464058 -19.319687
-34.442543 -79.648422 -18.653103
-31.959723 -82.465103 -17.990602
-29.338095 -84.888832 -17.340347
-26.644655 -86.912239 -16.703512
-23.964106 -88.549942 -16.067577
-21.390404 -89.862251 -15.408555
-18.996101 -90.918358 -14.682570
-16.835443 -91.773720 -13.832817
-14.955439 -92.462639 -12.778174
-13.395426 -93.006134 -11.437129
-12.172981 -93.397606 -9.777403
-11.246624 -93.614403 -7.837413
-40.697544 -65.988342 -21.566212
-38.854897 -69.888802 -20.848324
-36.843224 -73.575478 -20.055704
-34.644188 -76.981697 -19.214848
-32.251923 -80.041328 -18.373920
-29.687572 -82.699677 -17.573143
-27.006420 -84.936089 -16.826759
-24.284824 -86.744690 -16.133570
-21.612684 -88.176903 -15.468466
-19.083752 -89.291824 -14.779325
-16.766743 -90.163071 -14.001949
-14.719281 -90.840988 -13.057878
-12.987861 -91.369759 -11.864810
-11.615194 -91.774216 -10.370096
-10.619430 -92.046249 -8.578121
-38.836704 -66.596634 -21.779501
-36.906559 -70.449707 -20.856422
-34.817142 -74.058624 -19.860855
-32.548717 -77.358665 -18.843233
-30.092796 -80.279221 -17.865297
-27.474712 -82.763870 -16.975039
-24.760754 -84.790161 -16.184597
-22.038261 -86.388496 -15.475790
-19.400881 -87.612305 -14.794158
-16.942215 -88.530373 -14.064614
-14.732661 -89.213058 -13.202415
-12.825848 -89.723206 -12.125392
-11.269887 -90.110756 -10.773728
-10.116356 -90.399513 -9.127508
-36.913311 -67.107315 -21.717987
-34.937588 -70.893867 -20.590235
-32.807648 -74.413071 -19.415434
-30.498224 -77.594528 -18.258865
-27.999807 -80.360512 -17.192951
-25.347338 -82.645981 -16.265680
-22.623781 -84.461922 -15.469747
-19.926043 -85.844460 -14.754776
-17.350969 -86.859985 -14.041255
-14.995419 -87.578377 -13.232803
-12.922268 -88.084221 -12.241592
-11.182657 -88.447098 -11.005128
-9.834732 -88.717232 -9.489663
-34.993355 -67.507462 -21.392315
-33.008835 -71.218590 -20.083271
-30.865097 -74.639122 -18.766130
-28.530989 -77.688866 -17.518976
-26.001139 -80.274033 -16.418215
-23.330599 -82.354980 -15.492846
-20.619499 -83.951126 -14.700310
-17.973507 -85.116051 -13.961250
-15.495057 -85.920952 -13.172889
-13.272718 -86.453148 -12.236745
-11.361375 -86.803429 -11.085744
-9.819230 -87.042259 -9.678984
-33.138760 -67.798325 -20.836391
-31.169153 -71.427567 -19.381817
-29.022474 -74.738251 -17.970287
-26.665201 -77.630104 -16.687389
-24.109798 -80.023308 -15.594223
-21.437181 -81.884827 -14.682514
-18.763268 -83.256012 -13.876260
-16.203121 -84.200424 -13.068832
-13.851918 -84.809967 -12.154003
-11.786810 -85.178383 -11.056896
-10.064590 -85.395683 -9.732005
-31.402569 -67.981598 -20.089525
-29.454845 -71.520760 -18.537319
-27.297791 -74.698303 -17.088741
-24.910246 -77.416817 -15.818478
-22.335615 -79.596550 -14.751827
-19.680927 -81.227638 -13.841987
-17.076185 -82.367683 -12.980771
-14.632431 -83.106812 -12.053263
-12.431207 -83.543335 -10.978011
-10.547701 -83.768921 -9.704786
-29.827721 -68.054848 -19.198854
-27.886637 -71.486183 -17.609138
-25.697626 -74.513885 -16.178295
-23.273037 -77.032585 -14.948981
-20.690922 -78.980026 -13.906673
-18.081894 -80.368591 -12.964697
-15.576268 -81.290672 -11.999039
-13.271080 -81.845963 -10.917915
-11.242125 -82.127991 -9.667500
-28.438526 -68.006912 -18.224108
-26.466909 -71.316139 -16.657526
-24.223642 -74.165680 -15.282051
-21.761625 -76.458160 -14.103479
-19.192947 -78.152832 -13.063010
-16.658463 -79.308083 -12.044155
-14.274280 -80.032234 -10.941729
-12.129156 -80.419907 -9.693507
-27.237370 -67.830276 -17.227676
-25.194607 -70.991814 -15.730344
-22.880608 -73.631584 -14.432952
-20.391855 -75.667351 -13.297901
-17.863317 -77.111900 -12.223163
-15.425852 -78.051445 -11.098377
-13.184404 -78.591049 -9.848555
-26.179317 -67.514740 -16.266916
-24.035875 -70.490646 -14.869200
-21.655107 -72.879303 -13.653642
-19.168648 -74.652817 -12.531633
-16.707773 -75.863014 -11.392626
-14.392705 -76.599625 -10.150053
-25.213682 -67.039581 -15.385015
-22.967449 -69.778763 -14.101664
-20.552101 -71.899796 -12.944695
-18.101711 -73.421417 -11.805917
-15.739017 -74.406609 -10.589878
-24.292923 -66.369064 -14.617876
-21.982323 -68.843925 -13.432571
-19.574852 -70.699570 -12.304248
-17.198706 -71.971054 -11.134130
-23.398518 -65.491982 -13.978365
-21.076195 -67.696320 -12.862186
-18.723848 -69.274048 -11.747642
-22.511063 -64.431206 -13.465998
-20.234945 -66.335167 -12.400558
-21.624493 -63.203465 -13.079480
-18.855843 -62.667610 -11.965770
-17.423470 -65.583145 -11.041227
-15.916176 -68.321243 -10.126666
-14.412698 -70.828262 -9.241556
-12.989177 -73.096588 -8.433836
-11.695466 -75.162216 -7.757203
-10.561647 -77.067841 -7.239219
-9.604481 -78.857475 -6.891263
-8.848167 -80.575531 -6.691495
-8.301946 -82.264984 -6.593357
-7.983702 -83.958694 -6.514837
-7.909745 -85.668900 -6.384219
-8.079984 -87.381012 -6.141911
-8.452710 -89.053429 -5.736537
-8.941103 -90.643723 -5.130944
-9.443446 -92.115433 -4.306235
-9.864573 -93.445274 -3.256620
-10.127410 -94.615623 -1.989861
-10.241711 -95.640854 -0.535985
-10.266104 -96.535072 1.078344
-10.286639 -97.304565 2.834558
-10.397792 -97.949318 4.710898
-10.683140 -98.464760 6.671360
-11.176467 -98.851974 8.676137
-11.866904 -99.115112 10.684190
-12.729374 -99.253914 12.663868
-13.735318 -99.258781 14.575111
-14.854283 -99.099243 16.364029
-16.055170 -98.749069 17.969028
-17.315865 -98.202637 19.329603
-17.003019 -63.235611 -11.000177
-15.535505 -66.074287 -9.902964
-14.056601 -68.679749 -8.827162
-12.634642 -71.039749 -7.809982
-11.322956 -73.184578 -6.909554
-10.163884 -75.159782 -6.170720
-9.183094 -77.017403 -5.609905
-8.409586 -78.805603 -5.222902
-7.850987 -80.565163 -4.978281
-7.519987 -82.316788 -4.824323
-7.424728 -84.070221 -4.680745
-7.556045 -85.810127 -4.476620
-7.864523 -87.496201 -4.141364
-8.264107 -89.087616 -3.615616
-8.667618 -90.549133 -2.858326
-8.982235 -91.854744 -1.865086
-9.134951 -92.985802 -0.649966
-9.135860 -93.962532 0.744160
-9.054617 -94.817032 2.291901
-8.975399 -95.566467 3.977808
-8.991879 -96.219719 5.786627
-9.190266 -96.778542 7.691049
-9.604775 -97.248192 9.653608
-10.235559 -97.618927 11.641373
-11.052979 -97.887825 13.621243
-12.031878 -98.043457 15.557018
-13.150473 -98.061440 17.398624
-14.394421 -97.899986 19.078676
-15.750824 -97.531464 20.520287
-15.291312 -63.565777 -9.905881
-13.874249 -66.297287 -8.643064
-12.492251 -68.781960 -7.422174
-11.197433 -71.040710 -6.295858
-10.037189 -73.115425 -5.316524
-9.048051 -75.061676 -4.522205
-8.268525 -76.938156 -3.916582
-7.706444 -78.784805 -3.489240
-7.369863 -80.619438 -3.203353
-7.258341 -82.437164 -3.002609
-7.353384 -84.221634 -2.799978
-7.598949 -85.932152 -2.504179
-7.909103 -87.527687 -2.036558
-8.198388 -88.971291 -1.341049
-8.390625 -90.240189 -0.400695
-8.414733 -91.315521 0.764198
-8.290378 -92.227798 2.104102
-8.087373 -93.018829 3.589017
-7.900112 -93.724648 5.211781
-7.818655 -94.361847 6.961943
-7.927259 -94.938019 8.818107
-8.260069 -95.459129 10.745134
-8.816628 -95.917694 12.711860
-9.577127 -96.297813 14.690283
-10.513431 -96.589447 16.646376
-11.609560 -96.769424 18.533052
-12.861687 -96.802361 20.285828
-14.269357 -96.640648 21.818817
-13.821621 -63.709343 -8.686687
-12.530237 -66.339195 -7.283497
-11.299982 -68.740616 -5.950436
-10.182556 -70.946510 -4.739481
-9.218653 -73.009636 -3.700361
-8.455364 -74.992371 -2.864260
-7.902471 -76.940895 -2.231247
-7.563819 -78.870270 -1.782456
-7.430782 -80.772537 -1.470412
-7.481246 -82.618393 -1.220230
-7.656019 -84.367035 -0.917829
-7.872486 -85.975586 -0.468229
-8.044375 -87.403320 0.196155
-8.097190 -88.624672 1.097268
-7.979218 -89.630936 2.217978
-7.715487 -90.463547 3.504610
-7.383630 -91.178238 4.930818
-7.075370 -91.820114 6.491915
-6.888770 -92.422379 8.188338
-6.903509 -92.997078 10.003007
-7.150218 -93.549232 11.901319
-7.628162 -94.069992 13.853151
-8.316260 -94.545555 15.832191
-9.196256 -94.955559 17.807848
-10.250194 -95.282333 19.735996
-11.480978 -95.492912 21.554359
-12.897362 -95.545135 23.181421
-12.708613 -63.741203 -7.370793
-11.605268 -66.308624 -5.866808
-10.590269 -68.674484 -4.458970
-9.708418 -70.884254 -3.202212
-9.004689 -72.997925 -2.144794
-8.483201 -75.060265 -1.310824
-8.146717 -77.091393 -0.685827
-7.983622 -79.081886 -0.231062
-7.968068 -81.002167 0.127728
-8.052862 -82.800705 0.495801
-8.160823 -84.431801 0.982225
-8.206757 -85.849030 1.662163
-8.115109 -87.022934 2.559021
-7.838577 -87.947891 3.651416
-7.426227 -88.690331 4.891766
-6.956246 -89.317703 6.262170
-6.523881 -89.887207 7.767514
-6.221845 -90.439453 9.412830
-6.135868 -90.999077 11.190678
-6.291407 -91.568207 13.066496
-6.684921 -92.135025 15.009949
-7.294950 -92.683472 16.995050
-8.101315 -93.197388 18.994427
-9.095991 -93.652016 20.964710
-10.280655 -94.022774 22.847685
-11.671120 -94.269341 24.565306
-12.063631 -63.781082 -6.006929
-11.221614 -66.336792 -4.457855
-10.486353 -68.721916 -3.043210
-9.897506 -70.990303 -1.819784
-9.442228 -73.181168 -0.813577
-9.119390 -75.314445 -0.022018
-8.923042 -77.389427 0.593455
-8.832420 -79.379402 1.099994
-8.802919 -81.233490 1.601463
-8.781304 -82.893921 2.187074
-8.684650 -84.305809 2.937774
-8.439393 -85.435661 3.874610
-8.001087 -86.281853 4.971935
-7.427564 -86.926544 6.184206
-6.814929 -87.462471 7.511116
-6.253549 -87.954369 8.969475
-5.836534 -88.452271 10.573202
-5.642699 -88.986649 12.318743
-5.701646 -89.563126 14.176656
-6.005969 -90.164566 16.116829
-6.531798 -90.771072 18.113182
-7.257887 -91.365402 20.139925
-8.172879 -91.930038 22.157644
-9.289323 -92.436699 24.107250
-10.623059 -92.854546 25.917524
-11.972953 -63.955372 -4.688052
-11.441379 -66.544525 -3.186595
-11.012733 -68.986755 -1.866143
-10.665385 -71.318596 -0.742077
-10.388783 -73.559631 0.191585
-10.180003 -75.713905 0.962042
-10.026741 -77.765442 1.632459
-9.891570 -79.667587 2.297005
-9.724876 -81.360619 3.040045
-9.470539 -82.773499 3.913684
-9.059637 -83.865715 4.936055
-8.455116 -84.641014 6.076893
-7.721053 -85.196304 7.295998
-6.956731 -85.638138 8.603236
-6.264516 -86.052101 10.032143
-5.730702 -86.493469 11.606785
-5.433247 -87.000183 13.330471
-5.392367 -87.576431 15.174614
-5.604743 -88.204117 17.114094
-6.043212 -88.856987 19.123945
-6.683467 -89.514633 21.180201
-7.510978 -90.160065 23.245632
-8.534134 -90.776489 25.267532
-9.782856 -91.332359 27.172447
-12.425694 -64.335037 -3.555675
-12.196616 -66.969498 -2.198118
-11.997436 -69.454193 -1.009840
-11.815623 -71.812889 0.019929
-11.640842 -74.051971 0.919003
-11.464067 -76.161919 1.737363
-11.254677 -78.106430 2.563369
-10.969301 -79.829483 3.471929
-10.553033 -81.250282 4.508314
-9.970142 -82.315201 5.653849
-9.195562 -83.031410 6.874310
-8.302379 -83.510300 8.136763
-7.390145 -83.869202 9.460622
-6.561280 -84.205490 10.887468
-5.911382 -84.592072 12.452787
-5.511987 -85.071281 14.168148
-5.379126 -85.645981 16.007109
-5.500439 -86.295105 17.948147
-5.851499 -86.986610 19.971432
-6.404139 -87.693909 22.056332
-7.138263 -88.397675 24.168787
-8.057961 -89.085587 26.259993
-9.188534 -89.741478 28.266773
-13.281604 -64.867210 -2.693161
-13.273307 -67.522034 -1.484424
-13.235509 -70.013321 -0.402853
-13.155673 -72.352814 0.579142
-13.016233 -74.533318 1.509462
-12.787553 -76.525299 2.464155
-12.430277 -78.281952 3.515813
-11.894712 -79.721832 4.699882
-11.150170 -80.778870 5.986378
-10.212437 -81.457619 7.309508
-9.165904 -81.879669 8.644511
-8.112807 -82.172333 10.017821
-7.154087 -82.442841 11.475982
-6.385441 -82.776649 13.058702
-5.886993 -83.231026 14.783481
-5.666152 -83.805611 16.628006
-5.706214 -84.475311 18.574520
-5.973123 -85.202141 20.609104
-6.439146 -85.950134 22.718100
-7.077881 -86.694176 24.872627
-7.886544 -87.423401 27.028896
-8.885526 -88.129593 29.130337
-14.318959 -65.401962 -2.024407
-14.476554 -68.047241 -0.928454
-14.550039 -70.508530 0.094850
-14.519364 -72.783737 1.089312
-14.345183 -74.845802 2.126659
-13.984732 -76.654282 3.272254
-13.392216 -78.135818 4.559707
-12.546020 -79.221672 5.951006
-11.476217 -79.906685 7.374816
-10.299755 -80.308426 8.793774
-9.123298 -80.562721 10.237331
-8.049104 -80.788033 11.751820
-7.172388 -81.082031 13.377261
-6.574849 -81.515755 15.131465
-6.269588 -82.094284 16.992954
-6.231946 -82.786880 18.949253
-6.422706 -83.547806 20.992100
-6.803210 -84.332069 23.116634
-7.344591 -85.103218 25.303404
-8.036363 -85.848167 27.515642
-8.891003 -86.563477 29.704292
-15.347351 -65.764153 -1.415078
-15.631344 -68.372894 -0.383965
-15.773722 -70.771095 0.637613
-15.733331 -72.937180 1.712011
-15.454142 -74.834724 2.900162
-14.886749 -76.398735 4.232660
-14.018470 -77.567200 5.676092
-12.894501 -78.325813 7.161021
-11.637856 -78.771622 8.654462
-10.373143 -79.033630 10.170671
-9.208251 -79.245705 11.750627
-8.240849 -79.520409 13.430310
-7.553848 -79.943390 15.225100
-7.160868 -80.527290 17.112404
-7.043702 -81.242073 19.081182
-7.155996 -82.034927 21.129671
-7.452994 -82.850746 23.260555
-7.892857 -83.641968 25.465471
-8.462751 -84.387390 27.718393
-9.166887 -85.084473 29.978170
-16.177034 -65.810867 -0.735409
-16.551344 -68.352303 0.281092
-16.712603 -70.653732 1.356851
-16.602694 -72.685158 2.540163
-16.163549 -74.390854 3.859967
-15.377167 -75.709152 5.297911
-14.300488 -76.620186 6.798453
-13.055653 -77.191116 8.331784
-11.769067 -77.536652 9.906059
-10.557766 -77.786621 11.544978
-9.528942 -78.075523 13.276547
-8.769412 -78.505806 15.110739
-8.294451 -79.099518 17.024733
-8.089648 -79.833092 19.007118
-8.116191 -80.651451 21.059452
-8.321632 -81.491562 23.191236
-8.657751 -82.295708 25.402975
-9.097705 -83.033081 27.679768
-9.644659 -83.697411 29.990837
-16.600056 -65.496849 0.114832
-17.014164 -67.934555 1.156529
-17.145874 -70.123611 2.297611
-16.942434 -72.015022 3.559348
-16.372038 -73.549713 4.941156
-15.470488 -74.684059 6.414963
-14.354526 -75.460709 7.954026
-13.146642 -75.970543 9.556919
-11.967933 -76.337555 11.236567
-10.927377 -76.691467 13.006330
-10.125523 -77.158760 14.869274
-9.583837 -77.774475 16.802864
-9.294763 -78.525032 18.795553
-9.224325 -79.360031 20.849792
-9.328145 -80.213509 22.979738
-9.550130 -81.020729 25.192493
-9.857909 -81.744331 27.480289
-10.238259 -82.369186 29.822355
-16.458866 -64.943588 1.150780
-16.864195 -67.253395 2.219674
-16.961067 -69.311211 3.400712
-16.716377 -71.061447 4.700686
-16.133221 -72.451134 6.116420
-15.279370 -73.481956 7.633296
-14.273318 -74.222809 9.239757
-13.231536 -74.776489 10.936240
-12.266103 -75.268066 12.725106
-11.474691 -75.815727 14.601311
-10.897714 -76.476677 16.542885
-10.540516 -77.251297 18.538811
-10.377643 -78.098137 20.591835
-10.368455 -78.954010 22.717522
-10.466353 -79.753624 24.927694
-10.631802 -80.455772 27.218439
-10.846602 -81.041756 29.573668
-15.785141 -64.312645 2.312141
-16.163280 -66.467407 3.403811
-16.251104 -68.366051 4.620295
-16.042982 -69.957245 5.968163
-15.562198 -71.230659 7.444657
-14.871969 -72.215706 9.037374
-14.081328 -72.994186 10.734475
-13.291657 -73.669342 12.527479
-12.600619 -74.352692 14.404282
-12.044010 -75.092377 16.343830
-11.653072 -75.909500 18.335936
-11.417096 -76.774849 20.383503
-11.303198 -77.632149 22.501778
-11.268115 -78.418869 24.703354
-11.285217 -79.097221 26.987175
-11.330547 -79.647484 29.338657
-14.732635 -63.618607 3.569135
-15.086681 -65.608208 4.696381
-15.198725 -67.334938 5.972155
-15.082611 -68.786339 7.397632
-14.763483 -69.980133 8.963205
-14.295585 -70.966743 10.651224
-13.767723 -71.832314 12.442332
-13.261981 -72.669098 14.317425
-12.811399 -73.524132 16.252653
-12.442873 -74.409645 18.238575
-12.171368 -75.311760 20.277658
-11.978356 -76.183640 22.383722
-11.828918 -76.968834 24.567966
-11.701670 -77.632690 26.830116
-11.589336 -78.160904 29.159225
-13.422684 -62.845547 4.933712
-13.768175 -64.675743 6.118803
-13.931286 -66.262222 7.475444
-13.929861 -67.615517 8.994789
-13.788216 -68.772911 10.658741
-13.547797 -69.798706 12.440797
-13.274990 -70.774292 14.313226
-12.991114 -71.742554 16.247635
-12.718513 -72.716110 18.230024
-12.466051 -73.674942 20.260376
-12.237468 -74.581490 22.349846
-12.013207 -75.386307 24.508303
-11.781050 -76.058372 26.736368
-11.539602 -76.585320 29.025436
-11.971070 -61.991371 6.421522
-12.323817 -63.702114 7.674460
-12.546021 -65.196983 9.114007
-12.654841 -66.502357 10.721784
-12.668840 -67.667389 12.470917
-12.616590 -68.759071 14.327235
-12.514681 -69.824257 16.254913
-12.373777 -70.876999 18.233576
-12.198981 -71.901779 20.255779
-11.989488 -72.858070 22.327728
-11.744473 -73.701340 24.457952
-11.463395 -74.402328 26.649158
-11.152424 -74.949371 28.895329
-10.485076 -61.086140 8.034359
-10.845331 -62.725166 9.344624
-11.113890 -64.179253 10.848478
-11.303628 -65.485092 12.518756
-11.426346 -66.695396 14.321731
-11.479457 -67.852470 16.217659
-11.469254 -68.979248 18.176306
-11.394093 -70.065948 20.183023
-11.252223 -71.078026 22.235943
-11.039513 -71.968391 24.341818
-10.766294 -72.708420 26.503391
-10.445530 -73.285286 28.716908
-9.052466 -60.155548 9.755909
-9.409336 -61.763451 11.102058
-9.701371 -63.218369 12.641618
-9.936890 -64.561852 14.340040
-10.110071 -65.827271 16.161509
-10.212479 -67.037231 18.071175
-10.239094 -68.192162 20.043587
-10.183721 -69.263130 22.070236
-10.043075 -70.207001 24.152216
-9.820171 -70.990532 26.291855
-9.533916 -71.600227 28.483948
-7.730106 -59.216560 11.573734
-8.067111 -60.822117 12.932768
-8.358316 -62.305027 14.478752
-8.604136 -63.692959 16.177345
-8.794119 -65.003708 17.996439
-8.912482 -66.239021 19.907009
-8.949153 -67.378998 21.889318
-8.896698 -68.383339 23.939444
-8.756594 -69.219002 26.054577
-8.537401 -69.866653 28.228821
-6.560581 -58.275997 13.483891
-6.862931 -59.893379 14.836990
-7.136537 -61.403809 16.372784
-7.377076 -62.823132 18.058525
-7.569311 -64.151924 19.868176
-7.693342 -65.371513 21.779182
-7.736675 -66.447235 23.777327
-7.693418 -67.344902 25.855312
-7.569465 -68.042679 28.002142
-5.580451 -57.329849 15.487719
-5.848175 -58.952034 16.831371
-6.104798 -60.473202 18.353167
-6.342914 -61.895672 20.025393
-6.543980 -63.202148 21.827877
-6.683511 -64.357704 23.745358
-6.747128 -65.329117 25.761580
-6.730947 -66.090462 27.861650
-4.832925 -56.362091 17.590868
-5.081652 -57.971611 18.930500
-5.340840 -59.477039 20.443663
-5.600533 -60.865616 22.106827
-5.834647 -62.105049 23.906910
-6.011273 -63.158302 25.829716
-6.115545 -63.996788 27.853390
-4.311187 -55.355083 19.769663
-4.570783 -56.934334 21.112501
-4.867479 -58.396416 22.621731
-5.181644 -59.714565 24.279644
-5.473936 -60.852692 26.075785
-5.706739 -61.776085 27.993587
-4.002717 -54.285728 21.994415
-4.312276 -55.816769 23.343588
-4.682071 -57.207436 24.851301
-5.075145 -58.424232 26.503471
-5.441554 -59.432655 28.288149
-3.883455 -53.130196 24.224752
-4.277221 -54.593864 25.580387
-4.740501 -55.884258 27.087782
-5.222415 -56.967041 28.731663
-3.917281 -51.869198 26.412258
-4.410445 -53.240406 27.775690
-4.969495 -54.390503 29.286207
-4.050383 -50.502144 28.509329
-4.636949 -51.733833 29.886971
-4.232934 -49.034405 30.481190
-33.301044 11.876068 -33.633961
-31.967318 11.290751 -34.821110
-30.719437 10.400426 -35.944305
-29.640196 9.196212 -36.979439
-28.799284 7.710053 -37.903332
-28.221956 5.998833 -38.687977
-27.888878 4.130716 -39.295326
-27.757444 2.155035 -39.690498
-27.770912 0.114953 -39.843578
-27.887453 -1.979882 -39.742638
-28.069050 -4.105971 -39.413055
-28.296780 -6.256135 -38.893944
-28.556990 -8.432416 -38.231770
-28.834543 -10.644669 -37.465599
-29.110104 -12.908216 -36.609787
-29.344669 -15.225499 -35.679752
-29.504364 -17.598951 -34.670834
-29.559090 -20.024292 -33.573761
-29.496410 -22.511017 -32.367748
-29.323513 -25.061638 -31.046192
-29.061357 -27.679884 -29.605381
-28.735241 -30.371214 -28.045828
-28.365152 -33.133450 -26.379604
-27.952774 -35.983810 -24.622196
-27.482563 -38.902657 -22.822628
-26.918188 -41.878590 -21.034760
-26.213163 -44.886509 -19.325211
-25.325113 -47.907730 -17.748405
-24.238552 -50.898632 -16.335861
-22.972660 -53.807350 -15.085315
-32.240372 10.596765 -32.961941
-30.977573 9.777588 -34.053307
-29.855289 8.701920 -35.060493
-28.932980 7.379828 -35.970764
-28.240547 5.846089 -36.770649
-27.782534 4.143675 -37.429756
-27.524326 2.323535 -37.915016
-27.413536 0.424489 -38.191666
-27.392067 -1.535915 -38.251305
-27.432953 -3.554444 -38.090775
-27.516918 -5.615314 -37.741402
-27.637657 -7.713485 -37.241730
-27.789104 -9.849304 -36.629688
-27.966049 -12.031583 -35.923115
-28.142752 -14.265792 -35.126495
-28.279089 -16.547518 -34.244934
-28.338253 -18.871490 -33.273098
-28.302744 -21.237999 -32.201683
-28.167461 -23.658777 -31.015779
-27.940083 -26.136616 -29.714674
-27.637749 -28.675034 -28.301275
-27.275471 -31.272690 -26.785835
-26.865696 -33.937851 -25.177607
-26.404690 -36.675812 -23.496916
-25.870415 -39.469784 -21.795294
-25.228661 -42.307510 -20.128319
-24.451063 -45.185223 -18.542974
-23.513668 -48.105030 -17.069357
-22.407085 -51.047432 -15.719896
-31.327211 9.319249 -32.094608
-30.224300 8.263968 -33.091434
-29.297825 7.011522 -33.998215
-28.573410 5.583549 -34.808220
-28.060848 4.005216 -35.501778
-27.740023 2.307903 -36.049240
-27.567770 0.527696 -36.416542
-27.479164 -1.317942 -36.588081
-27.431725 -3.219655 -36.559845
-27.409834 -5.178355 -36.338612
-27.411797 -7.183463 -35.960133
-27.441193 -9.232208 -35.459843
-27.500351 -11.328714 -34.862663
-27.576435 -13.474085 -34.178017
-27.642801 -15.668268 -33.404778
-27.654625 -17.898167 -32.544090
-27.587091 -20.160610 -31.592617
-27.427742 -22.456295 -30.548393
-27.178001 -24.798416 -29.401962
-26.845663 -27.192419 -28.154055
-26.437513 -29.638014 -26.813107
-25.973463 -32.146801 -25.378611
-25.457794 -34.716896 -23.862356
-24.887476 -37.349289 -22.286118
-24.235086 -40.024750 -20.708134
-23.485283 -42.749134 -19.170065
-22.627447 -45.536819 -17.700129
-21.646833 -48.403343 -16.312439
-30.550648 8.112822 -31.083626
-29.677149 6.823150 -31.991001
-28.987259 5.406154 -32.813164
-28.494564 3.874803 -33.535778
-28.184050 2.249036 -34.135883
-28.023058 0.547198 -34.579521
-27.944628 -1.213496 -34.849380
-27.898432 -3.027343 -34.933922
-27.855555 -4.891129 -34.835457
-27.810122 -6.808105 -34.564663
-27.774246 -8.773303 -34.157478
-27.755665 -10.789620 -33.641476
-27.750338 -12.856197 -33.032249
-27.740126 -14.970018 -32.335327
-27.690853 -17.122643 -31.549614
-27.569618 -19.301273 -30.679642
-27.355989 -21.499685 -29.728739
-27.039614 -23.716043 -28.701324
-26.625252 -25.963181 -27.596127
-26.114759 -28.246187 -26.417572
-25.531971 -30.584698 -25.162907
-24.889421 -32.987846 -23.830629
-24.195402 -35.454807 -22.427687
-23.448412 -37.978580 -20.979349
-22.637291 -40.549393 -19.534689
-21.765522 -43.185837 -18.122814
-20.830040 -45.908981 -16.761856
-29.857635 7.072442 -29.982876
-29.243553 5.559085 -30.801481
-28.818748 3.976663 -31.539881
-28.576735 2.336920 -32.177521
-28.492340 0.650767 -32.684387
-28.494772 -1.074010 -33.040108
-28.529902 -2.837907 -33.231964
-28.557512 -4.643538 -33.254639
-28.560928 -6.492985 -33.113884
-28.541634 -8.393367 -32.819202
-28.515001 -10.346220 -32.398537
-28.486328 -12.352272 -31.869677
-28.445957 -14.408559 -31.243111
-28.366871 -16.506546 -30.522541
-28.218271 -18.635246 -29.711309
-27.973511 -20.778549 -28.819292
-27.614229 -22.925739 -27.854340
-27.130779 -25.070478 -26.825277
-26.518663 -27.214722 -25.738249
-25.798460 -29.377354 -24.598396
-24.983974 -31.578047 -23.407204
-24.093212 -33.838478 -22.164005
-23.138884 -36.165794 -20.877590
-22.157269 -38.569839 -19.559990
-21.159081 -41.041828 -18.246655
-20.155235 -43.598171 -16.959805
-29.133820 6.301717 -28.861050
-28.788717 4.568283 -29.570354
-28.633011 2.816639 -30.209249
-28.654175 1.052728 -30.744892
-28.784132 -0.711080 -31.158401
-28.958124 -2.484407 -31.432606
-29.129414 -4.280420 -31.561142
-29.267460 -6.109068 -31.543459
-29.363434 -7.978477 -31.386585
-29.411449 -9.897183 -31.091209
-29.429909 -11.868383 -30.673725
-29.419313 -13.892116 -30.144632
-29.363613 -15.963293 -29.511187
-29.234053 -18.070671 -28.777336
-29.002495 -20.198679 -27.949245
-28.647842 -22.329178 -27.040783
-28.153639 -24.447081 -26.062214
-27.504545 -26.536819 -25.024328
-26.710501 -28.600050 -23.934902
-25.781057 -30.646641 -22.803474
-24.728159 -32.696941 -21.637192
-23.560984 -34.773045 -20.445728
-22.317354 -36.914074 -19.242153
-21.074776 -39.165710 -18.034565
-19.868866 -41.516811 -16.843702
-28.290808 5.829322 -27.780642
-28.194614 3.890107 -28.348005
-28.299004 1.962073 -28.853043
-28.547295 0.066994 -29.272354
-28.875624 -1.796487 -29.585501
-29.221365 -3.647473 -29.779377
-29.546341 -5.510093 -29.851158
-29.827312 -7.400774 -29.803520
-30.047094 -9.327658 -29.639870
-30.196922 -11.298854 -29.352005
-30.290112 -13.319457 -28.946238
-30.323116 -15.390368 -28.428133
-30.272436 -17.502691 -27.801392
-30.110941 -19.642881 -27.069481
-29.812611 -21.792248 -26.238674
-29.362644 -23.931248 -25.324898
-28.741909 -26.038218 -24.339100
-27.949219 -28.095062 -23.291485
-26.984852 -30.091459 -22.191837
-25.858635 -32.031982 -21.053896
-24.574781 -33.927288 -19.891508
-23.156387 -35.810707 -18.722807
-21.656698 -37.745323 -17.568413
-20.169521 -39.806564 -16.444393
-27.269361 5.643779 -26.793903
-27.386925 3.513883 -27.175957
-27.691500 1.423617 -27.526587
-28.124708 -0.611988 -27.815941
-28.622742 -2.597658 -28.023914
-29.128399 -4.558533 -28.137383
-29.609219 -6.525842 -28.153975
-30.035122 -8.511456 -28.075367
-30.394707 -10.528042 -27.896929
-30.669846 -12.581611 -27.607622
-30.868507 -14.681787 -27.207592
-30.972099 -16.823689 -26.698530
-30.956207 -18.998329 -26.083216
-30.792625 -21.191666 -25.363605
-30.454523 -23.382301 -24.542517
-29.931690 -25.548237 -23.634388
-29.213364 -27.661356 -22.646675
-28.295776 -29.697546 -21.590300
-27.177778 -31.636967 -20.477127
-25.866961 -33.474316 -19.326031
-24.381184 -35.222141 -18.158199
-22.756592 -36.923634 -16.999302
-21.051546 -38.649593 -15.877749
-26.066925 5.681065 -25.909412
-26.325308 3.396990 -26.097200
-26.767700 1.156102 -26.283209
-27.331299 -1.025631 -26.439728
-27.955036 -3.154125 -26.546143
-28.585678 -5.254689 -26.587475
-29.185776 -7.348870 -26.557522
-29.734161 -9.453794 -26.446135
-30.217720 -11.581564 -26.242191
-30.619581 -13.741028 -25.930691
-30.928713 -15.935148 -25.511541
-31.123674 -18.160397 -24.987551
-31.178343 -20.409458 -24.363667
-31.059418 -22.668325 -23.643982
-30.732908 -24.914154 -22.829321
-30.186430 -27.117643 -21.926441
-29.408850 -29.246929 -20.939375
-28.397682 -31.270859 -19.876465
-27.148661 -33.157166 -18.750475
-25.684063 -34.898125 -17.586224
-24.037043 -36.511822 -16.412590
-22.252989 -38.043850 -15.262477
-24.688019 5.895960 -25.140438
-25.021708 3.480599 -25.140343
-25.534037 1.099388 -25.169342
-26.162029 -1.233263 -25.205433
-26.847803 -3.520741 -25.231304
-27.538940 -5.770552 -25.227966
-28.204611 -8.006906 -25.173193
-28.825319 -10.244076 -25.046009
-29.390575 -12.497451 -24.825529
-29.875456 -14.765835 -24.489012
-30.265295 -17.054426 -24.034405
-30.538845 -19.361536 -23.464336
-30.670671 -21.680080 -22.785236
-30.630699 -23.996452 -22.003548
-30.372391 -26.285927 -21.136513
-29.877020 -28.522423 -20.194622
-29.119108 -30.670977 -19.183504
-28.083994 -32.691219 -18.106796
-26.763098 -34.538067 -16.970871
-25.198917 -36.201553 -15.799139
-23.442533 -37.700542 -14.625879
-23.191463 6.220120 -24.444714
-23.548786 3.680329 -24.281517
-24.071962 1.158165 -24.180710
-24.699337 -1.332354 -24.130547
-25.381533 -3.775784 -24.116243
-26.076727 -6.178290 -24.103287
-26.756075 -8.558456 -24.057064
-27.403488 -10.932693 -23.945364
-28.005146 -13.304932 -23.733561
-28.536371 -15.675069 -23.387432
-28.977028 -18.049963 -22.902365
-29.303694 -20.427063 -22.278475
-29.492273 -22.797123 -21.517460
-29.507273 -25.142406 -20.635618
-29.309969 -27.443398 -19.655937
-28.880541 -29.677736 -18.599873
-28.191271 -31.813627 -17.482296
-27.214561 -33.816830 -16.324484
-25.913090 -35.639938 -15.147726
-24.327839 -37.253510 -13.960972
-21.616817 6.616468 -23.803299
-21.952581 3.945507 -23.513786
-22.431965 1.272907 -23.327116
-23.004807 -1.370119 -23.239258
-23.633801 -3.966963 -23.224857
-24.287178 -6.516378 -23.238388
-24.938623 -9.037638 -23.234467
-25.576679 -11.534492 -23.161682
-26.185957 -14.012665 -22.972292
-26.740419 -16.473078 -22.622271
-27.212776 -18.920965 -22.103498
-27.577282 -21.350788 -21.410370
-27.803173 -23.748007 -20.554279
-27.857504 -26.097742 -19.554972
-27.702543 -28.381432 -18.441616
-27.321894 -30.575804 -17.236912
-26.689152 -32.655739 -15.970087
-25.778959 -34.599251 -14.674547
-24.553139 -36.375755 -13.389614
-19.995815 7.052627 -23.215593
-20.267557 4.235260 -22.850739
-20.663588 1.414443 -22.632689
-21.144333 -1.378249 -22.550711
-21.685139 -4.119498 -22.572428
-22.261461 -6.808458 -22.643578
-22.857109 -9.451215 -22.697695
-23.460804 -12.053857 -22.667992
-24.054449 -14.623752 -22.496214
-24.610699 -17.159702 -22.129173
-25.095554 -19.662926 -21.551882
-25.477896 -22.120876 -20.768282
-25.727249 -24.521955 -19.796213
-25.810558 -26.852636 -18.664003
-25.691420 -29.093466 -17.403063
-25.351162 -31.224915 -16.048891
-24.764576 -33.227936 -14.637463
-23.913141 -35.083771 -13.200775
-18.353741 7.497828 -22.702406
-18.533817 4.532331 -22.320673
-18.820848 1.564230 -22.117844
-19.187235 -1.369293 -22.078302
-19.615089 -4.246143 -22.164259
-20.096420 -7.053055 -22.301928
-20.616568 -9.798967 -22.409718
-21.163063 -12.492435 -22.409258
-21.715954 -15.139364 -22.231710
-22.246428 -17.733662 -21.812851
-22.717707 -20.266846 -21.146217
-23.097071 -22.728291 -20.243914
-23.354359 -25.107821 -19.134470
-23.458355 -27.392735 -17.851309
-23.370935 -29.570129 -16.441410
-23.070440 -31.626522 -14.947468
-22.533905 -33.543037 -13.403207
-16.722206 7.937998 -22.291292
-16.795324 4.823597 -21.940630
-16.962757 1.716470 -21.788826
-17.201841 -1.349103 -21.816341
-17.511208 -4.340095 -21.969339
-17.887096 -7.247077 -22.162125
-18.314539 -10.082243 -22.302242
-18.780828 -12.853755 -22.299944
-19.263546 -15.563295 -22.073252
-19.740957 -18.191998 -21.563711
-20.173119 -20.730635 -20.773220
-20.528786 -23.168676 -19.726000
-20.779961 -25.497112 -18.457733
-20.896181 -27.712717 -17.020815
-20.836525 -29.812250 -15.471024
-20.577532 -31.783005 -13.848516
-15.119049 8.349245 -21.993225
-15.081560 5.095431 -21.703865
-15.124804 1.858817 -21.620852
-15.240553 -1.317224 -21.710882
-15.430952 -4.404991 -21.913147
-15.693986 -7.399492 -22.133980
-16.015240 -10.313486 -22.269674
-16.379742 -13.152331 -22.216351
-16.774683 -15.903537 -21.896221
-17.179482 -18.543909 -21.257549
-17.556240 -21.061634 -20.314571
-17.876040 -23.446150 -19.099894
-18.113941 -25.698694 -17.671076
-18.237307 -27.829060 -16.091270
-18.203672 -29.838060 -14.414101
-13.560516 8.723326 -21.807411
-13.411960 5.342972 -21.586678
-13.338500 2.000937 -21.557417
-13.335037 -1.266548 -21.684286
-13.405030 -4.437804 -21.902838
-13.548700 -7.510034 -22.110474
-13.749825 -10.494697 -22.188583
-14.006191 -13.382428 -22.037285
-14.303291 -16.155310 -21.583139
-14.626887 -18.782518 -20.785896
-14.941491 -21.249817 -19.668224
-15.223618 -23.555725 -18.286818
-15.446378 -25.716309 -16.711454
-15.574796 -27.747984 -15.003950
-12.053770 9.053603 -21.704565
-11.801914 5.576246 -21.523346
-11.617239 2.152108 -21.511852
-11.496511 -1.190079 -21.634977
-11.445371 -4.433076 -21.823315
-11.463588 -7.575077 -21.960917
-11.549053 -10.612979 -21.933317
-11.697402 -13.531175 -21.642906
-11.898896 -16.302244 -21.025801
-12.143191 -18.887846 -20.049612
-12.402046 -21.279652 -18.761595
-12.650924 -23.491293 -17.231602
-12.859840 -25.547117 -15.528587
-10.608814 9.353981 -21.606348
-10.259998 5.811714 -21.414270
-9.968874 2.329955 -21.369053
-9.735476 -1.069364 -21.434601
-9.565800 -4.373156 -21.531593
-9.473397 -7.566818 -21.550707
-9.453895 -10.639690 -21.376659
-9.506607 -13.565140 -20.919901
-9.624107 -16.306097 -20.122509
-9.803743 -18.824322 -18.975878
-10.017751 -21.124788 -17.540297
-10.238957 -23.230207 -15.885193
-9.218266 9.642693 -21.405693
-8.780394 6.068693 -21.143486
-8.393311 2.553292 -21.007305
-8.059135 -0.888827 -20.954453
-7.795657 -4.235367 -20.916634
-7.613116 -7.462411 -20.781025
-7.510064 -10.546028 -20.437437
-7.486492 -13.448309 -19.800535
-7.540750 -16.129181 -18.834539
-7.671536 -18.560652 -17.543304
-7.850482 -20.756664 -15.986921
-7.889043 9.954535 -20.990082
-7.380081 6.376842 -20.602610
-6.918424 2.842779 -20.321356
-6.515266 -0.627455 -20.118500
-6.185125 -4.000643 -19.919167
-5.938801 -7.237493 -19.612776
-5.775372 -10.300145 -19.090277
-5.697903 -13.144572 -18.286045
-5.705918 -15.739280 -17.176414
-5.798626 -18.065781 -15.766931
-6.661102 10.327283 -20.267181
-6.110794 6.757113 -19.714357
-5.608540 3.211553 -19.274145
-5.165187 -0.275127 -18.908270
-4.795122 -3.653431 -18.541086
-4.508255 -6.868010 -18.059626
-4.305471 -9.871476 -17.371016
-4.190379 -12.626144 -16.421209
-4.163268 -15.109417 -15.190092
-5.601339 10.776624 -19.197725
-5.038601 7.210387 -18.486366
-4.519790 3.659148 -17.888939
-4.057591 0.174800 -17.363878
-3.666340 -3.176226 -16.829466
-3.355904 -6.327583 -16.184689
-3.127882 -9.235617 -15.347593
-2.986356 -11.870281 -14.269247
-4.763768 11.295512 -17.826984
-4.201650 7.733400 -16.972145
-3.678314 4.192671 -16.229586
-3.208684 0.743297 -15.549524
-2.807209 -2.537022 -14.857756
-2.483812 -5.585141 -14.062836
-2.240912 -8.363412 -13.088908
-4.128798 11.873048 -16.233576
-3.567747 8.327278 -15.251056
-3.042868 4.827222 -14.369144
-2.570247 1.456182 -13.541553
-2.164323 -1.711216 -12.700993
-1.835034 -4.618891 -11.763024
-3.656839 12.514850 -14.477239
-3.094173 9.012008 -13.376143
-2.568206 5.594396 -12.362195
-2.095230 2.345726 -11.392823
-1.689468 -0.667024 -10.406484
-3.297359 13.232127 -12.604463
-2.731162 9.809746 -11.394915
-2.204980 6.519674 -10.254032
-1.734660 3.441447 -9.143308
-3.002772 14.031046 -10.660836
-2.433664 10.732669 -9.352015
-1.910023 7.627622 -8.084782
-2.731169 14.898554 -8.692207
-2.163881 11.791046 -7.287268
-2.462042 15.830370 -6.740889
-9.325663 26.480293 60.518898
-9.901395 29.051327 59.422752
-10.535286 31.719023 58.142658
-11.201561 34.402344 56.691559
-11.881786 37.041897 55.066616
-12.561409 39.586128 53.271606
-13.233505 42.002609 51.330009
-13.899502 44.270554 49.270164
-14.568753 46.382187 47.128719
-15.259454 48.331299 44.944046
-15.989841 50.131733 42.755238
-16.773941 51.787903 40.588089
-17.619308 53.297417 38.460102
-18.526674 54.650181 36.382740
-19.488834 55.831985 34.362118
-20.490677 56.844734 32.395832
-21.521135 57.688244 30.483177
-22.573160 58.369366 28.624649
-23.646877 58.896172 26.825592
-24.747784 59.296402 25.087494
-25.884882 59.597733 23.409973
-27.067301 59.825035 21.789356
-28.300997 60.000153 20.216108
-29.586880 60.137608 18.673717
-30.913586 60.242161 17.138554
-32.268707 60.300571 15.592057
-33.637901 60.285130 14.021517
-35.004341 60.151524 12.422516
-36.347492 59.858372 10.805477
-37.644459 59.385807 9.196617
-38.862137 58.739563 7.644506
-37.577492 59.977112 6.785820
-36.194500 61.041733 5.714655
-34.695854 61.951508 4.511335
-33.088100 62.725784 3.226495
-31.381989 63.400700 1.912061
-29.581806 64.012733 0.618288
-27.692978 64.575195 -0.621063
-25.720757 65.074135 -1.787487
-23.682213 65.468842 -2.870158
-21.582748 65.681198 -3.870792
-19.463049 65.651306 -4.787232
-17.369259 65.327560 -5.610444
-15.359794 64.672287 -6.326103
-13.510847 63.664940 -6.922653
-11.899552 62.329464 -7.411144
-10.598478 60.735340 -7.812825
-9.648541 58.960133 -8.165396
-9.047853 57.076717 -8.513047
-8.709296 55.113445 -8.878574
-8.516129 53.064522 -9.252069
-8.359734 50.908272 -9.595083
-8.148064 48.625084 -9.847653
-7.812122 46.209949 -9.938875
-7.336416 43.663704 -9.809259
-6.738478 41.005890 -9.438280
-6.050755 38.240372 -8.821370
-5.309782 35.363079 -7.976537
-4.557522 32.360600 -6.945975
-3.827725 29.231094 -5.806554
-3.146069 25.974569 -4.658477
-36.163563 60.596458 8.300185
-34.614532 61.601410 7.190963
-32.991753 62.440041 5.948414
-31.307116 63.165474 4.639083
-29.568495 63.830803 3.325190
-27.773724 64.466240 2.057003
-25.924250 65.073013 0.864697
-24.024250 65.618851 -0.233619
-22.069124 66.035805 -1.237713
-20.058348 66.233376 -2.148065
-18.031107 66.149017 -2.960166
-16.040329 65.730270 -3.664810
-14.161116 64.944458 -4.256111
-12.476195 63.802380 -4.749899
-11.080174 62.351616 -5.168509
-10.034101 60.684986 -5.547503
-9.358335 58.889832 -5.929191
-8.981388 57.022453 -6.339906
-8.790356 55.081200 -6.773385
-8.661130 53.043140 -7.197076
-8.485422 50.882214 -7.555941
-8.178192 48.584496 -7.780406
-7.713233 46.150772 -7.812967
-7.104600 43.583817 -7.609526
-6.390153 40.894436 -7.164553
-5.610773 38.074162 -6.484445
-4.809694 35.104012 -5.603363
-4.023043 31.960592 -4.573141
-3.277896 28.619164 -3.480347
-34.725792 60.997280 9.847219
-33.059425 61.938992 8.690342
-31.362160 62.744812 7.418828
-29.646883 63.481285 6.108596
-27.915800 64.194550 4.822507
-26.162180 64.899147 3.606953
-24.383724 65.576996 2.490238
-22.559868 66.162216 1.476311
-20.677519 66.574570 0.565337
-18.737814 66.718857 -0.241805
-16.787645 66.532799 -0.940304
-14.897289 65.969025 -1.529133
-13.151589 65.028038 -2.027031
-11.651529 63.743309 -2.458909
-10.488408 62.191696 -2.858763
-9.705667 60.479897 -3.267225
-9.255322 58.686852 -3.711082
-9.034110 56.836170 -4.191104
-8.915533 54.903522 -4.680474
-8.771949 52.856407 -5.128956
-8.499858 50.672188 -5.469074
-8.057901 48.345871 -5.639647
-7.451990 45.880463 -5.596859
-6.720800 43.271595 -5.312016
-5.911505 40.515366 -4.790966
-5.071493 37.588890 -4.058719
-4.236685 34.465008 -3.160575
-3.436318 31.107964 -2.158803
-33.283989 61.219975 11.397232
-31.552465 62.132515 10.203863
-29.829563 62.959373 8.928996
-28.125181 63.759079 7.647227
-26.437502 64.560059 6.417691
-24.754354 65.354149 5.283729
-23.045605 66.084991 4.256602
-21.280775 66.673721 3.338406
-19.446747 67.034424 2.529429
-17.556791 67.071205 1.830758
-15.675802 66.727219 1.239533
-13.887877 65.990044 0.735155
-12.295511 64.881348 0.291599
-11.001453 63.464684 -0.125206
-10.088467 61.838753 -0.553897
-9.533512 60.111225 -1.021920
-9.250868 58.328560 -1.533908
-9.118612 56.486923 -2.072677
-8.999945 54.546303 -2.594429
-8.768891 52.473351 -3.033921
-8.363915 50.255577 -3.326571
-7.778675 47.891918 -3.423159
-7.047112 45.379108 -3.294329
-6.220243 42.698605 -2.924068
-5.352099 39.833309 -2.338670
-4.481428 36.755276 -1.575872
-3.636501 33.431946 -0.689304
-31.863203 61.318913 12.943007
-30.112841 62.252113 11.738488
-28.405031 63.146828 10.489281
-26.746391 64.043396 9.265420
-25.128908 64.945892 8.122639
-23.510269 65.803146 7.084096
-21.848612 66.544624 6.156715
-20.113008 67.084610 5.341165
-18.301300 67.335121 4.636895
-16.449282 67.205063 4.038204
-14.639212 66.673401 3.523507
-12.972721 65.747528 3.066854
-11.557577 64.478409 2.635119
-10.496414 62.954674 2.190732
-9.813389 61.290932 1.706098
-9.441848 59.565056 1.172803
-9.271098 57.792942 0.601722
-9.164322 55.949394 0.025029
-8.978880 53.986614 -0.497379
-8.625778 51.879726 -0.897365
-8.081184 49.622551 -1.119710
-7.370304 47.209866 -1.128720
-6.543292 44.625378 -0.907734
-5.659846 41.838844 -0.463570
-4.764504 38.830318 0.163860
-3.887097 35.569775 0.929679
-30.478975 61.346909 14.487792
-28.746189 62.342796 13.300589
-27.085037 63.333546 12.106590
-25.495811 64.335411 10.972202
-23.939096 65.307404 9.930939
-22.358974 66.181534 8.997683
-20.711712 66.878983 8.175859
-18.977003 67.310783 7.464318
-17.174530 67.392189 6.855726
-15.363544 67.066818 6.328316
-13.643734 66.331970 5.857146
-12.125278 65.223015 5.410766
-10.922400 63.816151 4.953325
-10.090424 62.227924 4.457172
-9.607895 60.553596 3.910919
-9.376205 58.838646 3.319804
-9.263745 57.072659 2.707809
-9.123211 55.215755 2.121865
-8.837064 53.222527 1.629523
-8.354895 51.076561 1.293607
-7.687971 48.770573 1.157419
-6.882141 46.288216 1.243934
-5.999798 43.603230 1.546116
-5.091545 40.683418 2.041610
-4.191756 37.508446 2.684480
-29.140144 61.339825 16.038734
-27.452255 62.423630 14.899432
-25.858360 63.516441 13.793518
-24.327578 64.589607 12.764687
-22.804634 65.583664 11.834597
-21.229868 66.419891 11.011315
-19.568686 67.015091 10.295428
-17.822201 67.282043 9.679216
-16.034328 67.168571 9.140718
-14.285093 66.633545 8.656125
-12.684869 65.700500 8.196150
-11.355358 64.428513 7.727063
-10.375044 62.930389 7.222031
-9.757154 61.313984 6.668176
-9.441977 59.647339 6.065995
-9.303940 57.945137 5.432570
-9.196022 56.176071 4.804714
-8.985448 54.295139 4.238844
-8.587719 52.264381 3.801708
-7.990044 50.069950 3.547267
-7.229126 47.696171 3.506669
-6.367494 45.118408 3.678558
-5.460741 42.309361 4.039628
-4.548820 39.236237 4.560380
-27.853849 61.309994 17.610064
-26.229328 62.487175 16.552681
-24.691992 63.649235 15.552756
-23.193558 64.747673 14.639473
-21.671915 65.710915 13.824675
-20.074320 66.453545 13.111339
-18.386002 66.892921 12.493671
-16.633987 66.971489 11.950253
-14.880601 66.649597 11.457962
-13.222210 65.908157 10.988476
-11.784052 64.792038 10.510627
-10.663826 63.402905 9.998559
-9.903165 61.854694 9.439454
-9.477397 60.236237 8.831779
-9.291208 58.585526 8.186567
-9.199375 56.890038 7.531888
-9.056718 55.104851 6.914723
-8.760822 53.189754 6.392382
-8.259604 51.110970 6.028124
-7.570481 48.850067 5.865708
-6.752255 46.385197 5.912073
-5.864526 43.691006 6.148081
-4.953117 40.740490 6.543109
-26.625923 61.253212 19.223146
-25.055902 62.494289 18.267679
-23.551531 63.682446 17.384462
-22.054985 64.756218 16.590736
-20.507246 65.636177 15.891239
-18.872877 66.235001 15.281501
-17.163441 66.496513 14.742513
-15.424173 66.373604 14.252028
-13.732449 65.844315 13.782612
-12.206093 64.905762 13.302471
-10.957039 63.648540 12.787174
-10.053227 62.184929 12.224455
-9.500442 60.618332 11.612998
-9.236447 59.012817 10.961501
-9.137619 57.375900 10.290353
-9.049114 55.672630 9.637580
-8.851900 53.858315 9.051800
-8.471684 51.896435 8.589734
-7.884956 49.752106 8.309572
-7.137107 47.403606 8.232686
-6.289622 44.828861 8.346568
-5.394351 42.002796 8.623361
-25.444565 61.133469 20.888454
-23.909763 62.399246 20.046524
-22.411566 63.567513 19.284716
-20.891310 64.568260 18.611410
-19.302691 65.318466 18.022955
-17.635725 65.752853 17.500761
-15.919967 65.823883 17.025082
-14.216078 65.498405 16.568491
-12.622069 64.764183 16.099340
-11.256320 63.662548 15.589073
-10.210423 62.303200 15.026798
-9.520785 60.798302 14.412300
-9.154842 59.233643 13.755080
-9.018081 57.644043 13.072588
-8.962605 56.007027 12.394720
-8.855315 54.281376 11.760460
-8.599065 52.423683 11.219950
-8.145443 50.397839 10.828732
-7.500522 48.169312 10.628426
-6.719595 45.717327 10.620264
-5.859910 43.019928 10.780901
-24.300484 60.928131 22.614847
-22.778358 62.177166 21.892574
-21.262915 63.280720 21.254044
-19.703638 64.164467 20.698565
-18.076324 64.764000 20.207226
-16.389225 65.019928 19.759777
-14.687218 64.896233 19.330605
-13.050525 64.364540 18.886694
-11.583530 63.450687 18.396608
-10.399054 62.220463 17.843071
-9.562767 60.793610 17.228731
-9.073535 59.273178 16.565353
-8.864502 57.719402 15.871396
-8.806957 56.133934 15.173980
-8.766143 54.480900 14.503248
-8.626704 52.716721 13.899885
-8.313461 50.798161 13.415224
-7.806255 48.691723 13.093778
-7.125511 46.365211 12.960327
-6.327299 43.798203 13.003110
-23.184008 60.612110 24.406689
-21.654238 61.803555 23.808069
-20.106445 62.801346 23.292459
-18.508135 63.547230 22.842834
-16.851620 63.981052 22.438278
-15.161066 64.051735 22.050770
-13.498974 63.724792 21.648279
-11.956770 63.003906 21.193876
-10.639944 61.936970 20.665888
-9.650261 60.610268 20.059807
-9.018013 59.144634 19.392418
-8.706273 57.623360 18.685457
-8.604965 56.073059 17.968632
-8.594315 54.476585 17.267723
-8.548649 52.790764 16.614723
-8.372096 50.970619 16.051765
-8.014187 48.976086 15.624191
-7.471642 46.777374 15.363521
-6.769326 44.342876 15.282730
-22.087461 60.160725 26.266251
-20.536327 61.257004 25.793943
-18.954414 62.128685 25.391457
-17.324034 62.721302 25.039608
-15.651686 62.980923 24.709110
-13.978372 62.854538 24.363426
-12.379951 62.334160 23.962872
-10.955127 61.442596 23.477528
-9.807067 60.248779 22.897543
-9.015074 58.855026 22.233646
-8.572386 57.370296 21.514734
-8.390353 55.846821 20.776485
-8.362949 54.287239 20.046452
-8.374910 52.663376 19.351084
-8.313704 50.927662 18.723980
-8.105072 49.037590 18.204245
-7.716184 46.957138 17.828312
-7.150402 44.657642 17.618168
-21.007408 59.549397 28.193518
-19.432302 60.531570 27.840759
-17.821571 61.262459 27.545870
-16.169746 61.692894 27.281519
-14.497423 61.764668 27.009439
-12.860597 61.445660 26.680368
-11.346087 60.742725 26.258495
-10.058702 59.699089 25.723696
-9.090335 58.405029 25.081228
-8.491254 56.967308 24.356844
-8.194834 55.469353 23.597260
-8.109369 53.934555 22.835989
-8.129039 52.350903 22.100546
-8.148188 50.683308 21.417574
-8.069942 48.884624 20.820057
-7.838171 46.916218 20.340996
-7.428096 44.742901 20.009869
-19.946882 58.767197 30.177664
-18.352501 59.622257 29.942047
-16.721773 60.204079 29.747280
-15.060695 60.458607 29.557962
-13.403168 60.343803 29.319815
-11.819052 59.836975 28.982372
-10.407253 58.962063 28.516708
-9.273180 57.786991 27.916571
-8.490762 56.417171 27.203796
-8.048993 54.949310 26.427944
-7.868357 53.433826 25.634741
-7.851711 51.875557 24.857504
-7.899707 50.252659 24.122660
-7.918303 48.528896 23.456480
-7.827008 46.660080 22.888409
-7.579368 44.607933 22.446341
-18.911318 57.810661 32.216351
-17.304426 58.530567 32.092205
-15.663105 58.949890 31.987183
-14.004349 59.027729 31.848824
-12.374768 58.726875 31.618036
-10.861398 58.036613 31.245838
-9.572598 57.005035 30.715006
-8.608695 55.722946 30.036047
-7.987198 54.300385 29.260300
-7.675970 52.805035 28.439959
-7.582581 51.263874 27.620749
-7.612777 49.668602 26.833933
-7.675086 47.994255 26.105629
-7.691124 46.207165 25.458996
-7.590482 44.263107 24.920271
-17.909746 56.677872 34.305126
-16.297333 57.250530 34.284496
-14.653349 57.505623 34.246262
-13.005968 57.404892 34.132328
-11.418161 56.917023 33.880375
-9.995224 56.051552 33.447208
-8.852690 54.882713 32.831032
-8.045350 53.522808 32.077747
-7.564914 52.057068 31.244991
-7.357729 50.530952 30.388046
-7.329057 48.953209 29.549461
-7.387936 47.309544 28.760334
-7.457830 45.576694 28.043474
-7.471816 43.721848 27.418921
-16.952705 55.365467 36.441841
-15.338593 55.788376 36.502270
-13.696842 55.875687 36.504459
-12.069636 55.591728 36.385410
-10.539598 54.918068 36.081940
-9.232574 53.889256 35.560463
-8.234199 52.615589 34.858955
-7.571649 51.193348 34.035622
-7.210186 49.687382 33.153946
-7.085442 48.123196 32.267670
-7.100293 46.498898 31.418747
-7.177012 44.799984 30.634418
-7.251855 43.004581 29.933811
-16.050085 53.879700 38.612728
-14.434513 54.148613 38.728188
-12.797866 54.061317 38.741402
-11.199785 53.589546 38.584568
-9.749381 52.732330 38.195229
-8.564546 51.570515 37.578548
-7.707221 50.210617 36.792229
-7.174109 48.734589 35.905952
-6.913535 47.186012 34.983231
-6.849120 45.576050 34.078625
-6.893812 43.898960 33.228737
-6.983228 42.141319 32.456131
-15.204038 52.231087 40.805992
-13.584413 52.336586 40.945332
-11.956035 52.065617 40.934288
-10.403628 51.400005 40.699039
-9.045350 50.385109 40.208282
-7.989100 49.111649 39.492290
-7.265357 47.680515 38.627602
-6.848164 46.154152 37.687599
-6.666121 44.558899 36.738110
-6.645254 42.897861 35.827774
-6.711647 41.164612 34.986652
-14.410987 50.424229 43.005386
-12.784513 50.353859 43.131271
-11.173676 49.886856 43.050941
-9.680806 49.046856 42.713333
-8.428417 47.894444 42.110287
-7.502012 46.528809 41.299252
-6.904903 45.035599 40.366066
-6.583097 43.459370 39.390007
-6.461194 41.813667 38.429996
-6.473414 40.098419 37.526527
-13.662912 48.458202 45.187450
-12.031147 48.195229 45.252151
-10.449792 47.545425 45.071815
-9.033096 46.547085 44.613205
-7.896341 45.278275 43.897461
-7.100955 43.834328 43.000542
-6.614271 42.284645 42.019859
-6.369538 40.657036 41.027817
-6.296013 38.958378 40.073086
-12.948956 46.324051 47.315941
-11.320316 45.876713 47.283958
-9.784457 45.055862 46.978123
-8.459414 43.919086 46.391407
-7.448633 42.550934 45.569420
-6.774827 41.039623 44.610580
-6.382223 39.435043 43.606686
-6.202859 37.754677 42.617863
-12.260503 44.032757 49.362862
-10.647731 43.409935 49.203354
-9.174294 42.435509 48.757874
-7.958732 41.177872 48.044033
-7.073907 39.726070 47.141129
-6.510139 38.152504 46.148888
-6.202172 36.493195 45.145012
-11.587456 41.593067 51.294571
-10.010117 40.811958 50.988708
-8.623557 39.702621 50.399750
-7.528308 38.344448 49.585194
-6.764537 36.818871 48.635780
-6.303371 35.185642 47.638866
-10.927814 39.023174 53.086388
-9.412510 38.103153 52.625153
-8.132331 36.880913 51.917141
-7.161167 35.434761 51.040329
-6.516275 33.839828 50.078930
-10.288051 36.348545 54.718388
-8.860377 35.313290 54.122437
-7.698993 33.991318 53.336002
-6.857069 32.461502 52.437637
-9.676594 33.609039 56.194931
-8.355762 32.472263 55.503437
-7.326657 31.050566 54.684898
-9.104724 30.848324 57.530121
-7.912669 29.604061 56.794258
-8.595054 28.104298 58.740932
-39.092110 57.931381 9.717787
-37.919632 58.482845 11.456220
-36.686325 58.865833 13.180952
-35.406052 59.077560 14.876070
-34.089035 59.135540 16.521690
-32.750832 59.076370 18.113152
-31.412907 58.936272 19.661713
-30.093378 58.741562 21.185093
-28.809891 58.502956 22.703825
-27.577175 58.230705 24.248257
-26.397972 57.911682 25.833954
-25.267090 57.524704 27.468330
-24.174780 57.042522 29.151241
-23.110931 56.434761 30.879627
-22.069157 55.678261 32.661396
-21.052292 54.762466 34.492565
-20.070789 53.683342 36.379585
-19.141846 52.443188 38.326801
-18.280462 51.048653 40.351532
-17.491758 49.514336 42.447639
-16.771482 47.848957 44.600849
-16.106197 46.052299 46.790211
-15.475567 44.116508 48.984383
-14.845531 42.018295 51.139206
-14.198559 39.762394 53.209957
-13.524146 37.356972 55.156734
-12.821217 34.827564 56.947990
-12.097992 32.209171 58.558865
-11.371542 29.553917 59.982040
-10.653266 26.917023 61.208046
-39.414371 56.898872 11.752447
-38.293293 57.367767 13.627821
-37.118813 57.670357 15.452311
-35.890450 57.807629 17.213640
-34.610046 57.796928 18.897833
-33.295723 57.667244 20.507786
-31.972179 57.452271 22.061167
-30.662365 57.174519 23.579536
-29.385464 56.854874 25.089426
-28.157711 56.501259 26.617510
-26.982027 56.101513 28.176674
-25.851959 55.632187 29.769390
-24.755962 55.063087 31.390179
-23.684723 54.369572 33.043304
-22.637188 53.528099 34.738789
-21.620094 52.531563 36.481735
-20.650162 51.377708 38.284138
-19.747519 50.078220 40.168537
-18.928848 48.641930 42.155106
-18.196098 47.082458 44.234314
-17.539154 45.406120 46.387550
-16.938475 43.609085 48.587387
-16.356661 41.674789 50.796345
-15.757243 39.577873 52.962852
-15.120033 37.320915 55.038822
-14.433772 34.914429 56.981190
-13.697122 32.384701 58.758728
-12.918787 29.766459 60.346458
-12.109247 27.107763 61.729389
-39.791611 55.687317 13.773714
-38.734180 56.072010 15.739521
-37.619743 56.295067 17.633423
-36.437374 56.362022 19.441927
-35.190037 56.285381 21.156572
-33.898060 56.091064 22.784697
-32.591507 55.808434 24.349373
-31.294027 55.465591 25.876781
-30.026535 55.079914 27.391911
-28.803925 54.656109 28.914736
-27.627071 54.179749 30.452536
-26.486717 53.623940 32.000645
-25.372377 52.964348 33.557426
-24.279308 52.176247 35.128006
-23.212923 51.242054 36.731434
-22.185444 50.156349 38.380505
-21.219730 48.928123 40.109020
-20.338390 47.570316 41.945496
-19.559313 46.092472 43.909477
-18.879557 44.506374 45.986526
-18.282990 42.814552 48.150429
-17.733023 41.006485 50.366089
-17.188780 39.061344 52.587837
-16.608166 36.952526 54.759705
-15.969049 34.682751 56.829967
-15.258635 32.264740 58.755951
-14.476849 29.725960 60.507812
-13.628596 27.101540 62.056465
-40.223091 54.312332 15.779523
-39.235641 54.611576 17.798031
-38.177929 54.758652 19.733871
-37.039001 54.757317 21.574175
-35.822868 54.619465 23.313232
-34.554806 54.366852 24.962654
-33.265686 54.031792 26.549522
-31.981766 53.637119 28.099089
-30.723032 53.195900 29.631371
-29.501255 52.706760 31.156769
-28.313473 52.151142 32.674355
-27.150753 51.506824 34.178696
-26.006311 50.749496 35.668018
-24.881210 49.860313 37.153324
-23.787165 48.825203 38.660469
-22.744131 47.651928 40.226849
-21.778389 46.351471 41.896065
-20.914230 44.936474 43.699211
-20.169821 43.416603 45.654144
-19.537401 41.799847 47.738216
-18.985460 40.084145 49.916233
-18.472467 38.253300 52.143669
-17.951616 36.284668 54.369637
-17.376879 34.152935 56.533665
-16.723450 31.863880 58.584194
-15.979756 29.433350 60.480793
-15.144841 26.891298 62.191208
-40.713657 52.781635 17.762865
-39.793293 52.999275 19.806456
-38.788898 53.072815 21.764606
-37.689472 53.007828 23.625219
-36.503586 52.814278 25.386330
-35.257160 52.516518 27.063354
-33.984989 52.140480 28.682825
-32.713120 51.703568 30.265585
-31.458984 51.212162 31.824083
-30.229506 50.657238 33.356945
-29.020645 50.022369 34.857990
-27.826147 49.284878 36.319996
-26.644268 48.425346 37.744095
-25.481453 47.427780 39.144325
-24.358555 46.294018 40.568413
-23.298643 45.035603 42.066994
-22.329838 43.664089 43.690052
-21.477388 42.191990 45.470684
-20.759508 40.626781 47.422104
-20.157345 38.973671 49.513138
-19.633503 37.223625 51.697395
-19.140512 35.358196 53.924129
-18.627993 33.355495 56.136948
-18.046522 31.196329 58.275856
-17.371769 28.890966 60.291946
-16.591747 26.458738 62.143436
-41.259621 51.106689 19.721815
-40.401352 51.245995 21.771984
-39.443394 51.251453 23.738838
-38.378983 51.128452 25.612806
-37.217636 50.891357 27.397280
-35.990448 50.558346 29.108019
-34.732914 50.149689 30.768116
-33.469242 49.675865 32.392136
-32.212471 49.135334 33.982761
-30.966570 48.516273 35.527573
-29.728945 47.800465 37.016792
-28.497404 46.968216 38.442913
-27.275019 46.001347 39.807423
-26.077639 44.898972 41.139462
-24.929493 43.669472 42.498077
-23.854237 42.326862 43.943192
-22.880245 40.884109 45.529919
-22.032495 39.352039 47.290035
-21.325039 37.738579 49.234123
-20.734823 36.040833 51.319500
-20.219378 34.246372 53.492676
-19.728157 32.336502 55.696270
-19.209158 30.296263 57.874107
-18.613625 28.114216 59.970139
-17.916283 25.804615 61.934555
-41.849960 49.298397 21.654346
-41.044521 49.365826 23.699594
-40.125652 49.309834 25.666975
-39.087879 49.141548 27.553568
-37.947266 48.870556 29.364611
-36.736656 48.510044 31.114439
-35.490536 48.073895 32.821224
-34.229321 47.564896 34.491516
-32.962654 46.977135 36.117256
-31.693737 46.293365 37.678413
-30.422895 45.496376 39.162384
-29.152042 44.566006 40.560310
-27.893995 43.496559 41.882286
-26.668781 42.293423 43.165249
-25.501205 40.969826 44.475082
-24.413637 39.543007 45.878738
-23.432184 38.025894 47.431450
-22.578318 36.432899 49.166801
-21.865114 34.764969 51.088387
-21.267361 33.014565 53.147594
-20.740316 31.167135 55.283295
-20.234161 29.210629 57.438358
-19.699568 27.138224 59.560566
-19.087591 24.945427 61.594604
-42.461788 47.365341 23.556755
-41.700607 47.368053 25.588829
-40.811211 47.264301 27.556004
-39.796051 47.061150 29.457167
-38.674198 46.764690 31.298647
-37.478382 46.382774 33.092518
-36.240204 45.922466 34.850800
-34.976105 45.380497 36.569279
-33.694664 44.745911 38.234085
-32.399185 43.997948 39.817757
-31.093227 43.117672 41.305241
-29.787821 42.093822 42.689983
-28.501225 40.926323 43.987366
-27.255384 39.624790 45.238464
-26.074060 38.207489 46.513275
-24.975784 36.692951 47.879738
-23.981709 35.101841 49.396484
-23.109930 33.442368 51.091743
-22.373751 31.712908 52.968323
-21.748224 29.901720 54.971535
-21.192329 27.999514 57.041550
-20.661123 26.001972 59.125286
-20.107075 23.909332 61.170403
-43.066669 45.316082 25.421303
-42.339695 45.268505 27.440762
-41.476410 45.128269 29.409744
-40.483360 44.899822 31.329115
-39.380730 44.585453 33.205711
-38.199028 44.187298 35.048634
-36.965759 43.705585 36.860081
-35.695911 43.131660 38.629986
-34.397549 42.450748 40.338554
-33.074348 41.636890 41.952835
-31.737501 40.676456 43.455029
-30.404106 39.562840 44.840935
-29.095743 38.299736 46.128628
-27.835201 36.901062 47.361095
-26.643349 35.387264 48.606937
-25.532814 33.787388 49.937016
-24.518961 32.117783 51.405163
-23.616987 30.385529 53.038990
-22.840151 28.586212 54.839077
-22.171022 26.712036 56.756737
-21.576679 24.760178 58.737232
-21.015888 22.732954 60.726711
-43.624012 43.163445 27.243887
-42.929352 43.077240 29.252829
-42.094105 42.910999 31.227045
-41.126896 42.666363 33.169250
-40.046650 42.341366 35.086445
-38.879364 41.931034 36.980572
-37.651299 41.430161 38.848122
-36.376167 40.825397 40.673283
-35.061661 40.096561 42.432377
-33.715244 39.218105 44.084854
-32.353821 38.179840 45.612366
-30.998524 36.978325 47.011311
-29.673304 35.621017 48.300236
-28.400503 34.123425 49.519699
-27.197216 32.517834 50.738327
-26.069761 30.830214 52.022415
-25.028200 29.077282 53.423298
-24.083405 27.263996 54.964870
-23.253746 25.391273 56.658424
-22.533226 23.457117 58.465530
-21.896030 21.464890 60.331814
-44.107624 40.929325 29.017019
-43.448288 40.815224 31.020939
-42.647091 40.632702 33.006989
-41.712097 40.380295 34.979599
-40.657036 40.049191 36.941803
-39.506451 39.628658 38.890663
-38.285408 39.108303 40.817112
-37.006977 38.469238 42.702110
-35.680511 37.689774 44.514118
-34.316349 36.744976 46.208752
-32.935757 35.627533 47.766735
-31.562849 34.337372 49.183502
-30.222401 32.883495 50.474602
-28.935894 31.293064 51.678951
-27.716274 29.596243 52.859924
-26.564901 27.819778 54.080524
-25.486040 25.978310 55.385700
-24.490747 24.081821 56.807800
-23.605139 22.137934 58.373211
-22.832680 20.151520 60.048050
-44.498203 38.635464 30.734070
-43.881210 38.502956 32.740784
-43.122719 38.312836 34.747658
-42.224682 38.057163 36.757484
-41.199310 37.721760 38.769630
-40.068909 37.289944 40.776497
-38.858658 36.745747 42.766037
-37.581039 36.066628 44.710789
-36.247620 35.231194 46.575611
-34.870609 34.215469 48.312828
-33.474724 33.015358 49.901047
-32.085434 31.632206 51.331818
-30.728598 30.086676 52.617580
-29.423605 28.404490 53.792774
-28.180727 26.617203 54.916069
-26.996454 24.749342 56.043041
-25.873657 22.819958 57.224598
-24.826855 20.843567 58.507515
-23.887808 18.835354 59.926334
-44.784698 36.305653 32.388760
-44.219223 36.162910 34.408234
-43.508751 35.969109 36.444675
-42.653698 35.711414 38.498104
-41.663078 35.369843 40.564621
-40.558582 34.921551 42.634155
-39.363308 34.345295 44.686005
-38.091087 33.617943 46.688423
-36.755062 32.718815 48.603138
-35.368675 31.625685 50.378536
-33.958614 30.335674 51.988571
-32.552429 28.861816 53.420166
-31.175385 27.224308 54.681801
-29.845997 25.450964 55.803074
-28.571653 23.571836 56.834164
-27.348164 21.615385 57.835613
-26.180182 19.603437 58.872562
-25.085176 17.554981 60.000221
-44.962605 33.965164 33.974632
-44.452614 33.815514 36.016834
-43.796345 33.618450 38.090183
-42.990154 33.355938 40.192764
-42.041649 33.002052 42.319180
-40.967369 32.527187 44.451046
-39.791447 31.908560 46.562523
-38.528664 31.122944 48.618103
-37.192997 30.150658 50.575268
-35.798382 28.969612 52.376328
-34.374119 27.588566 53.989548
-32.948608 26.020981 55.397938
-31.547331 24.290031 56.604904
-30.187386 22.423388 57.631138
-28.876699 20.456093 58.531994
-27.612856 18.418234 59.382984
-26.402521 16.333424 60.259060
-45.032784 31.637684 35.483948
-44.581585 31.481588 37.556973
-43.983608 31.277916 39.673435
-43.233261 31.003624 41.831371
-42.330185 30.626009 44.018196
-41.289715 30.112732 46.209805
-40.136559 29.439850 48.375744
-38.885574 28.584166 50.475407
-37.551033 27.524977 52.459091
-36.148109 26.251175 54.262249
-34.708576 24.772543 55.848976
-33.261944 23.106478 57.197037
-31.833336 21.277493 58.300377
-30.441168 19.320976 59.185699
-29.095013 17.274353 59.926208
-27.794415 15.167139 60.609234
-45.024368 29.341122 36.916416
-44.631271 29.176949 39.027699
-44.094269 28.960770 41.194275
-43.398544 28.663496 43.408806
-42.540657 28.249647 45.653690
-41.534309 27.684889 47.899593
-40.403664 26.944319 50.109947
-39.163452 26.002590 52.235653
-37.828396 24.848581 54.218765
-36.416077 23.472549 55.989952
-34.960545 21.888926 57.507793
-33.492039 20.117699 58.739872
-32.037704 18.194260 59.687340
-30.617420 16.158861 60.397968
-29.241699 14.047521 60.961441
-44.969780 27.085213 38.271378
-44.631802 26.910240 40.428329
-44.148651 26.672947 42.646595
-43.501892 26.341759 44.915169
-42.685345 25.879284 47.212013
-41.709846 25.249552 49.501232
-40.598698 24.424620 51.736439
-39.365528 23.387413 53.858879
-38.028343 22.127388 55.804150
-36.606388 20.640093 57.497005
-35.135838 18.943544 58.884892
-33.649799 17.071857 59.943970
-32.177242 15.068269 60.699898
-30.738602 12.972574 61.221481
-44.910801 24.873787 39.551708
-44.614346 24.683264 41.756187
-44.172813 24.417309 44.023384
-43.565025 24.042612 46.339100
-42.781609 23.519896 48.675686
-41.830635 22.809601 50.987209
-40.732517 21.890884 53.216328
-39.503704 20.746920 55.296467
-38.163918 19.371687 57.155128
-36.734356 17.765364 58.705280
-35.255074 15.962928 59.903809
-33.761810 14.009500 60.754902
-32.284515 11.949202 61.309513
-44.891357 22.705252 40.752365
-44.616207 22.495899 43.001160
-44.198372 22.196327 45.309502
-43.614353 21.770956 47.658829
-42.852432 21.176359 50.012600
-41.916309 20.378372 52.314255
-40.827156 19.356617 54.497276
-39.601936 18.098436 56.485664
-38.262306 16.602303 58.192699
-36.832962 14.887402 59.541164
-35.357838 13.002942 60.518490
-33.874573 10.996596 61.158813
-44.957146 20.573780 41.875458
-44.679745 20.342731 44.160583
-44.264645 20.005650 46.496490
-43.687325 19.522497 48.856850
-42.933884 18.852238 51.196354
-42.006283 17.960506 53.449219
-40.923943 16.831219 55.538601
-39.704491 15.456224 57.373241
-38.372566 13.853359 58.874660
-36.956387 12.058226 59.996998
-35.503250 10.124758 60.760773
-45.142914 18.475010 42.921280
-44.839680 18.218256 45.229088
-44.407150 17.838856 47.570915
-43.822960 17.295830 49.913265
-43.070541 16.546581 52.202579
-42.148354 15.559074 54.362907
-41.074009 14.322063 56.301929
-39.866329 12.846070 57.935463
-38.553188 11.166672 59.214817
-37.166267 9.326284 60.127663
-45.476509 16.407373 43.888538
-45.126709 16.118952 46.198246
-44.665985 15.693823 48.519920
-44.068024 15.088185 50.812614
-43.313362 14.258742 53.013542
-42.396523 13.175983 55.031586
-41.333694 11.846016 56.780399
-40.145138 10.297797 58.203064
-38.862251 8.576385 59.283653
-45.977821 14.371814 44.777023
-45.577049 14.044713 47.065544
-45.083965 13.568946 49.340103
-44.470127 12.897313 51.551476
-43.711857 11.985612 53.622734
-42.800575 10.817632 55.466553
-41.751228 9.418463 57.020756
-40.586235 7.829083 58.258858
-46.673138 12.374067 45.594700
-46.222786 11.999477 47.840237
-45.698036 11.465155 50.043144
-45.066147 10.719077 52.141239
-44.300190 9.725339 54.059166
-43.388889 8.485918 55.728157
-42.347301 7.040872 57.113216
-47.530739 10.409698 46.357647
-47.038048 9.976364 48.541920
-46.481449 9.368013 50.648560
-45.825577 8.535657 52.614677
-45.040695 7.459963 54.377483
-44.115356 6.161611 55.889545
-48.504440 8.464647 47.072845
-47.970909 7.955460 49.178055
-47.375652 7.253590 51.173534
-46.680740 6.323084 53.003342
-45.855808 5.165878 54.619144
-49.516052 6.508977 47.733685
-48.934601 5.903525 49.747929
-48.283871 5.089095 51.624378
-47.524502 4.050311 53.314701
-50.459091 4.508396 48.320583
-49.812378 3.787861 50.233044
-49.078873 2.842969 51.975449
-51.209816 2.446539 48.797642
-50.473633 1.592368 50.581287
-51.667793 0.345152 49.116226
-37.761120 14.610945 -33.101913
-39.505383 14.834947 -32.004986
-41.236389 14.722128 -30.626577
-42.887970 14.265868 -29.008600
-44.392578 13.479729 -27.211189
-45.700386 12.411406 -25.314823
-46.796036 11.114600 -23.382988
-47.671436 9.634836 -21.472605
-48.334789 8.004990 -19.625946
-48.791451 6.273277 -17.891350
-49.082054 4.474883 -16.273165
-49.239094 2.636869 -14.764757
-49.290348 0.779236 -13.348707
-49.253521 -1.079955 -12.002218
-49.136257 -2.911050 -10.696980
-48.944824 -4.709020 -9.404470
-48.673145 -6.462275 -8.103738
-48.306969 -8.165924 -6.780347
-47.836384 -9.796259 -5.414030
-47.260067 -11.349934 -3.993595
-46.581242 -12.828160 -2.512344
-45.811028 -14.234050 -0.964684
-44.966778 -15.577379 0.650683
-44.094482 -16.855211 2.340701
-43.227737 -18.084099 4.087584
-42.406147 -19.264429 5.874099
-41.667789 -20.390137 7.673826
-41.070812 -21.428202 9.460424
-40.673340 -22.339294 11.200713
-40.533264 -23.073689 12.858317
-38.520603 15.536221 -34.006355
-40.448956 15.700015 -32.708260
-42.319206 15.485231 -31.107128
-44.066528 14.909248 -29.264090
-45.632751 14.004741 -27.261063
-46.983391 12.817300 -25.177589
-48.111832 11.401858 -23.080374
-49.018105 9.796607 -21.021929
-49.714428 8.044952 -19.057489
-50.210712 6.184604 -17.229872
-50.545830 4.252571 -15.536354
-50.749157 2.275959 -13.965673
-50.843227 0.276840 -12.498509
-50.836792 -1.717017 -11.115026
-50.732460 -3.683957 -9.788340
-50.533546 -5.615063 -8.489278
-50.230404 -7.502707 -7.199020
-49.811604 -9.333588 -5.901801
-49.266174 -11.088406 -4.576380
-48.596779 -12.765524 -3.207673
-47.812256 -14.368752 -1.785957
-46.926239 -15.909726 -0.307703
-45.970364 -17.389137 1.238850
-44.984570 -18.806458 2.860443
-44.006699 -20.177399 4.536785
-43.073704 -21.501303 6.246680
-42.230644 -22.753334 7.973489
-41.543930 -23.878138 9.708174
-41.084240 -24.812906 11.433279
-39.455212 16.186945 -34.841320
-41.527676 16.264061 -33.320377
-43.492588 15.954757 -31.491264
-45.294182 15.293949 -29.435350
-46.891418 14.311754 -27.230234
-48.260628 13.049962 -24.959347
-49.402405 11.559231 -22.684187
-50.324066 9.880049 -20.474869
-51.042202 8.049923 -18.379496
-51.569283 6.103263 -16.440636
-51.942253 4.080527 -14.649469
-52.187027 2.011568 -12.991348
-52.318390 -0.074770 -11.451355
-52.341934 -2.155740 -10.008354
-52.254986 -4.211232 -8.638847
-52.058556 -6.232579 -7.313240
-51.742023 -8.208336 -6.016603
-51.296131 -10.129930 -4.733452
-50.709126 -11.985323 -3.444334
-49.986496 -13.775321 -2.131886
-49.139729 -15.511230 -0.789026
-48.189392 -17.196302 0.599386
-47.162350 -18.836710 2.042974
-46.095745 -20.426273 3.553681
-45.028954 -21.978563 5.108130
-44.003910 -23.472004 6.699519
-43.072098 -24.862457 8.328044
-42.307522 -26.076027 9.999805
-40.612106 16.387417 -35.581200
-42.760986 16.369516 -33.844177
-44.759903 15.990950 -31.818121
-46.570461 15.283325 -29.577370
-48.164474 14.270985 -27.197287
-49.525566 12.987289 -24.752584
-50.663727 11.476379 -22.320690
-51.589725 9.770444 -19.963957
-52.321453 7.904430 -17.729616
-52.872299 5.910858 -15.660539
-53.277000 3.837502 -13.746612
-53.555695 1.719184 -11.980838
-53.720074 -0.415560 -10.344737
-53.771542 -2.544042 -8.820361
-53.704144 -4.648144 -7.385787
-53.516064 -6.717507 -6.017732
-53.197803 -8.745282 -4.702495
-52.741703 -10.727856 -3.425616
-52.136547 -12.660574 -2.170484
-51.390526 -14.551512 -0.922718
-50.517456 -16.407684 0.334423
-49.535431 -18.237143 1.614721
-48.468357 -20.043514 2.931206
-47.347923 -21.819763 4.295671
-46.216263 -23.556713 5.702583
-45.119904 -25.214184 7.163194
-44.116264 -26.736496 8.688235
-41.973312 16.009148 -36.155754
-44.122124 15.910490 -34.238792
-46.095276 15.488003 -32.056316
-47.867603 14.768366 -29.679256
-49.418961 13.770428 -27.171722
-50.748486 12.513888 -24.611870
-51.868237 11.032347 -22.065125
-52.790264 9.350659 -19.587626
-53.532127 7.499681 -17.222317
-54.105984 5.508649 -15.011845
-54.540833 3.428421 -12.961710
-54.853294 1.298438 -11.064788
-55.051529 -0.849704 -9.308237
-55.134857 -2.991487 -7.676084
-55.092068 -5.110468 -6.160170
-54.921288 -7.198849 -4.737608
-54.613750 -9.253918 -3.395726
-54.162945 -11.277231 -2.122102
-53.558727 -13.273315 -0.905962
-52.809364 -15.249969 0.274290
-51.928196 -17.217232 1.436054
-50.930935 -19.181835 2.596511
-49.837803 -21.147821 3.767901
-48.677635 -23.092159 4.979803
-47.495884 -24.987921 6.245450
-46.343880 -26.785877 7.585515
-43.468102 15.073017 -36.482712
-45.553734 14.910810 -34.422405
-47.449635 14.463208 -32.128532
-49.135254 13.751697 -29.664227
-50.611244 12.784782 -27.094656
-51.882278 11.573556 -24.482288
-52.963318 10.145958 -21.883492
-53.869320 8.523950 -19.343401
-54.619900 6.736106 -16.893969
-55.222786 4.797364 -14.573155
-55.697823 2.758769 -12.391481
-56.055382 0.659997 -10.353300
-56.301147 -1.463148 -8.452705
-56.427578 -3.587759 -6.696803
-56.421097 -5.697880 -5.086318
-56.280720 -7.785823 -3.599107
-55.997879 -9.852670 -2.224987
-55.567131 -11.905702 -0.955442
-54.975105 -13.953538 0.222151
-54.231121 -16.005615 1.332487
-53.347256 -18.070709 2.397408
-52.337116 -20.155609 3.434701
-51.219200 -22.252295 4.472963
-50.023933 -24.327702 5.556942
-48.801506 -26.345879 6.709834
-45.021008 13.699463 -36.539268
-46.999626 13.492597 -34.373161
-48.773010 13.035170 -32.005733
-50.343170 12.338931 -29.500811
-51.714756 11.403078 -26.911554
-52.899254 10.234694 -24.292274
-53.915287 8.860692 -21.692303
-54.784595 7.304766 -19.147327
-55.533123 5.589639 -16.677174
-56.166840 3.730899 -14.300936
-56.694370 1.771047 -12.029170
-57.119896 -0.251844 -9.869437
-57.435905 -2.313329 -7.836997
-57.626427 -4.393192 -5.956326
-57.674477 -6.474411 -4.244236
-57.580456 -8.547352 -2.685635
-57.336636 -10.615313 -1.274353
-56.932896 -12.689588 -0.003504
-56.357056 -14.780067 1.141301
-55.618889 -16.894758 2.190238
-54.730175 -19.040899 3.168750
-53.704124 -21.216722 4.108860
-52.562168 -23.406473 5.052510
-51.338108 -25.574266 6.049643
-46.590397 11.988477 -36.339363
-48.422607 11.754960 -34.100517
-50.053360 11.299633 -31.698399
-51.484886 10.622055 -29.185011
-52.726700 9.714870 -26.607048
-53.795933 8.583076 -24.013529
-54.717659 7.254485 -21.448671
-55.528797 5.750559 -18.935049
-56.254837 4.100182 -16.486103
-56.907261 2.322176 -14.107896
-57.489609 0.458687 -11.804961
-57.994766 -1.468242 -9.584051
-58.402382 -3.442568 -7.465383
-58.683884 -5.451100 -5.483312
-58.811378 -7.481925 -3.674931
-58.785896 -9.522207 -2.039847
-58.590652 -11.581135 -0.583198
-58.219593 -13.665567 0.704605
-57.661125 -15.785009 1.836745
-56.927818 -17.943880 2.849270
-56.032806 -20.143145 3.779319
-54.993130 -22.375347 4.669659
-53.834595 -24.621193 5.568165
-48.144276 10.021826 -35.896976
-49.819645 9.778816 -33.621620
-51.293129 9.334031 -31.214088
-52.568596 8.678271 -28.719774
-53.657623 7.798958 -26.180861
-54.584923 6.699337 -23.641449
-55.395473 5.404669 -21.132179
-56.126125 3.942379 -18.671436
-56.807892 2.345108 -16.267473
-57.458511 0.640350 -13.923523
-58.080173 -1.137918 -11.637976
-58.657867 -2.972206 -9.415160
-59.162815 -4.851710 -7.271362
-59.554230 -6.771996 -5.237531
-59.790012 -8.729079 -3.356584
-59.848885 -10.723448 -1.651048
-59.715828 -12.758265 -0.134125
-59.385258 -14.837544 1.197031
-58.848888 -16.966982 2.352894
-58.123146 -19.145569 3.374428
-57.227009 -21.368759 4.306946
-56.183018 -23.624762 5.199722
-49.690926 7.858021 -35.209465
-51.203827 7.616323 -32.924381
-52.511868 7.188293 -30.537340
-53.616962 6.557354 -28.089504
-54.533413 5.705652 -25.619320
-55.308514 4.631608 -23.155313
-55.987411 3.365118 -20.723108
-56.615673 1.937251 -18.334219
-57.228554 0.387417 -15.996470
-57.856075 -1.258691 -13.705993
-58.494091 -2.968001 -11.465261
-59.123169 -4.723486 -9.279986
-59.710533 -6.516592 -7.162398
-60.212505 -8.344193 -5.133038
-60.560387 -10.222835 -3.222551
-60.721191 -12.154388 -1.459651
-60.668495 -14.145792 0.131003
-60.394638 -16.198317 1.541620
-59.890560 -18.315483 2.768512
-59.182041 -20.488762 3.850510
-58.296585 -22.707085 4.837924
-51.217709 5.560573 -34.286148
-52.569725 5.328265 -32.014580
-53.709408 4.921562 -29.672264
-54.636307 4.316643 -27.298283
-55.382652 3.487373 -24.916975
-55.995483 2.435253 -22.550955
-56.529911 1.193354 -20.216551
-57.035915 -0.201084 -17.922256
-57.566483 -1.710381 -15.663732
-58.155167 -3.307362 -13.438754
-58.791817 -4.958941 -11.257218
-59.453415 -6.648380 -9.127597
-60.106239 -8.364642 -7.061615
-60.694901 -10.116310 -5.063741
-61.146664 -11.918044 -3.151314
-61.412395 -13.779339 -1.346883
-61.454456 -15.710110 0.324983
-61.250446 -17.717566 1.840955
-60.789780 -19.803436 3.174296
-60.110126 -21.949223 4.356123
-52.714611 3.169388 -33.137100
-53.909958 2.952124 -30.900295
-54.882397 2.568731 -28.625931
-55.643944 1.984489 -26.341127
-56.220196 1.173070 -24.068359
-56.666611 0.138514 -21.820999
-57.041420 -1.079960 -19.611057
-57.418240 -2.444921 -17.426188
-57.855091 -3.918604 -15.258585
-58.390205 -5.472974 -13.109367
-59.009243 -7.075713 -10.996112
-59.686226 -8.707461 -8.932776
-60.381187 -10.365225 -6.920715
-61.036438 -12.052236 -4.961762
-61.576160 -13.783520 -3.059236
-61.943726 -15.569584 -1.222551
-62.083702 -17.429871 0.529364
-61.958866 -19.377611 2.159911
-61.554359 -21.412838 3.621723
-54.165352 0.712762 -31.785336
-55.210796 0.513964 -29.602991
-56.034966 0.149192 -27.406973
-56.639515 -0.419329 -25.224401
-57.051277 -1.218751 -23.074966
-57.324554 -2.239332 -20.971273
-57.541649 -3.439065 -18.900160
-57.783886 -4.778208 -16.837690
-58.114990 -6.219540 -14.772558
-58.581474 -7.736228 -12.707019
-59.165501 -9.295011 -10.668736
-59.840538 -10.882773 -8.665702
-60.559204 -12.491740 -6.703625
-61.261551 -14.123735 -4.779892
-61.873142 -15.789162 -2.889051
-62.328926 -17.503223 -1.027331
-62.562485 -19.289921 0.792333
-62.525616 -21.164455 2.531459
-55.548630 -1.791235 -30.267908
-56.465164 -1.974352 -28.147860
-57.153931 -2.324641 -26.037598
-57.613796 -2.883242 -23.964001
-57.863884 -3.675829 -21.953999
-57.976513 -4.689326 -20.001596
-58.040131 -5.875494 -18.079475
-58.141685 -7.192066 -16.152237
-58.354370 -8.603434 -14.199782
-58.733509 -10.083694 -12.225482
-59.270027 -11.607109 -10.254309
-59.926846 -13.156306 -8.305269
-60.652260 -14.722328 -6.384638
-61.384785 -16.303108 -4.489050
-62.048378 -17.910734 -2.606477
-62.573799 -19.561012 -0.729055
-62.892952 -21.274666 1.137123
-56.847107 -4.336403 -28.632183
-57.647873 -4.505780 -26.579983
-58.215584 -4.846266 -24.557362
-58.538666 -5.399560 -22.599779
-58.646481 -6.192253 -20.726006
-58.612854 -7.204612 -18.924496
-58.528427 -8.382135 -17.157261
-58.485672 -9.679544 -15.374341
-58.564983 -11.060518 -13.544884
-58.849663 -12.508762 -11.654428
-59.324638 -13.997625 -9.744980
-59.949272 -15.509143 -7.841760
-60.667130 -17.031151 -5.954943
-61.413910 -18.564457 -4.079263
-62.110832 -20.121918 -2.203573
-62.687511 -21.715771 -0.320916
-58.033970 -6.915375 -26.946415
-58.730576 -7.073630 -24.965178
-59.183998 -7.407861 -23.035255
-59.388184 -7.962020 -21.187189
-59.369621 -8.759202 -19.442141
-59.201015 -9.773519 -17.787170
-58.975334 -10.944868 -16.173079
-58.784985 -12.222818 -14.538742
-58.736752 -13.576884 -12.821057
-58.921352 -14.991659 -11.008751
-59.328342 -16.443451 -9.153162
-59.912514 -17.912128 -7.288984
-60.614365 -19.389164 -5.428113
-61.364033 -20.878014 -3.568262
-62.080704 -22.389090 -1.701700
-59.091301 -9.529193 -25.264118
-59.689507 -9.677916 -23.359058
-60.043678 -10.011515 -21.515869
-60.142593 -10.570374 -19.768663
-60.008629 -11.373336 -18.143818
-59.714661 -12.389500 -16.626505
-59.351658 -13.552678 -15.161239
-59.030865 -14.813862 -13.655047
-58.859928 -16.140556 -12.040351
-58.945190 -17.519096 -10.298071
-59.280735 -18.927040 -8.490143
-59.821980 -20.349560 -6.657698
-60.501831 -21.782095 -4.818739
-61.244572 -23.227411 -2.975750
-60.002846 -12.179091 -23.634068
-60.515518 -12.322883 -21.800842
-60.781403 -12.659238 -20.037098
-60.783768 -13.223395 -18.382479
-60.542923 -14.029818 -16.867140
-60.129749 -15.042439 -15.477324
-59.651386 -16.196724 -14.132339
-59.214622 -17.440672 -12.736797
-58.933228 -18.739733 -11.211858
-58.923004 -20.076931 -9.532958
-59.191414 -21.437590 -7.765060
-59.689018 -22.813347 -5.960159
-60.340240 -24.200624 -4.143695
-60.762825 -14.874294 -22.086979
-61.199989 -15.015067 -20.319344
-61.385315 -15.353664 -18.627287
-61.298748 -15.919546 -17.054615
-60.957542 -16.721268 -15.636805
-60.447777 -17.725712 -14.343210
-59.873566 -18.867851 -13.092664
-59.342567 -20.094919 -11.784516
-58.966957 -21.366135 -10.336499
-58.874588 -22.662727 -8.712290
-59.080212 -23.976755 -6.980888
-59.529545 -25.304220 -5.204480
-61.374115 -17.614132 -20.639599
-61.742775 -17.750404 -18.931145
-61.853886 -18.086781 -17.302212
-61.684109 -18.644798 -15.801688
-61.263523 -19.435043 -14.454258
-60.676579 -20.425076 -13.230835
-60.029991 -21.552769 -12.046360
-59.428291 -22.763153 -10.802462
-58.984238 -24.011879 -9.413227
-58.824738 -25.273607 -7.837564
-58.968693 -26.542334 -6.144244
-61.843727 -20.393147 -19.293909
-62.150497 -20.519964 -17.636545
-62.193352 -20.843557 -16.061884
-61.959660 -21.386343 -14.611297
-61.478764 -22.157528 -13.311573
-60.837982 -23.129284 -12.131201
-60.144127 -24.241346 -10.986463
-59.501034 -25.440020 -9.781732
-59.012913 -26.674774 -8.436275
-58.796631 -27.908258 -6.908031
-62.182125 -23.201220 -18.041498
-62.433964 -23.307621 -16.426332
-62.426224 -23.611502 -14.887361
-62.146996 -24.131102 -13.467916
-61.628929 -24.878700 -12.192303
-60.960159 -25.829979 -11.029278
-60.248508 -26.930578 -9.898014
-59.589977 -28.124561 -8.712666
-59.076149 -29.352699 -7.401382
-62.403408 -26.019884 -16.867014
-62.616241 -26.100309 -15.278075
-62.574867 -26.376926 -13.759544
-62.271938 -26.869207 -12.352248
-61.742378 -27.591145 -11.078451
-61.074398 -28.526421 -9.908657
-60.369926 -29.621559 -8.771351
-59.715458 -30.815342 -7.591850
-62.528694 -28.835783 -15.745363
-62.717514 -28.883144 -14.170700
-62.661697 -29.129417 -12.658375
-62.358727 -29.594217 -11.246251
-61.844639 -30.297680 -9.954803
-61.201050 -31.224516 -8.761621
-60.522713 -32.317577 -7.604957
-62.582291 -31.625401 -14.652098
-62.761822 -31.637960 -13.082301
-62.710232 -31.856030 -11.565091
-62.428837 -32.305462 -10.135007
-61.949135 -33.003979 -8.814930
-61.345146 -33.929790 -7.589810
-62.582165 -34.371155 -13.567115
-62.766644 -34.351406 -11.996138
-62.735126 -34.557266 -10.466265
-62.488297 -35.012260 -9.012184
-62.053665 -35.721439 -7.659482
-62.542976 -37.055103 -12.475611
-62.742718 -37.020275 -10.900760
-62.737766 -37.241390 -9.356210
-62.529140 -37.728466 -7.878654
-62.471447 -39.665966 -11.368048
-62.686745 -39.646790 -9.791713
-62.703209 -39.922691 -8.237104
-62.367241 -42.194519 -10.244947
-62.585293 -42.242180 -8.674507
-62.220093 -44.641403 -9.120192
