4.539866 -45.309387 32.842941
19.002472 -41.430862 75.306007
53.940964 -0.846568 47.375664
9.894423 24.031469 61.737068
25.986719 -94.965286 20.890558
55.698917 -45.986111 47.636345
41.255177 57.755859 6.317735
1.539591 18.755375 -3.678447
23.384281 -55.663704 -14.478921
64.064003 -40.667427 -9.673961
42.269062 -19.549526 15.486614
34.485096 14.196248 -33.183788
4.081602 -43.780491 32.146534
3.697642 -42.069096 31.349537
3.447571 -40.283371 30.530382
3.318211 -38.454769 29.732647
3.246528 -36.587543 28.976797
3.135908 -34.680046 28.259094
2.913153 -32.740845 27.567875
2.552253 -30.780897 26.899582
2.077015 -28.802807 26.251184
1.544197 -26.793161 25.607668
1.022707 -24.739899 24.940765
0.560904 -22.640331 24.222237
0.189278 -20.502455 23.428492
-0.079319 -18.341213 22.541239
-0.253297 -16.173832 21.547985
-0.363224 -14.012854 20.450785
-0.437726 -11.865149 19.252110
-0.500408 -9.733965 17.960533
-0.564199 -7.619709 16.587994
-0.627688 -5.516868 15.157206
-0.679566 -3.417462 13.687241
-0.705319 -1.313501 12.191772
-0.691605 0.801062 10.679435
-0.628006 2.928179 9.153519
-0.515597 5.063484 7.613337
-0.355836 7.198358 6.054590
-0.150221 9.320179 4.471475
0.103388 11.410027 2.857426
0.406469 13.444066 1.210485
0.757192 15.392380 -0.461302
1.146408 17.203260 -2.127558
4.375585 -46.435089 31.246052
4.228427 -47.659874 29.367758
4.137238 -48.876968 27.318340
4.136682 -50.040318 25.153233
4.268732 -51.127441 22.921230
4.579591 -52.136772 20.676949
5.100684 -53.081635 18.467934
5.854639 -53.972664 16.329048
6.841890 -54.815350 14.280753
8.049517 -55.606476 12.331620
9.423201 -56.343452 10.468163
10.913246 -57.019005 8.682207
12.464961 -57.623352 6.975219
14.009108 -58.146168 5.359283
15.447830 -58.584435 3.850437
16.681206 -58.959351 2.449077
17.606787 -59.308525 1.155960
18.121454 -59.675129 -0.017454
18.098248 -60.029549 -1.020930
17.557713 -60.188122 -1.832716
16.681469 -60.049507 -2.530294
15.676659 -59.677547 -3.238521
14.735078 -59.207542 -4.083601
14.074008 -58.788628 -5.174702
13.870871 -58.507416 -6.497781
14.221764 -58.347443 -7.946135
15.099294 -58.216267 -9.393860
16.419804 -58.008266 -10.748234
18.054316 -57.652954 -11.950662
19.867895 -57.127037 -12.974155
21.716722 -56.439709 -13.814753
1.364458 15.545197 -3.997642
1.225196 11.848879 -4.579593
1.131938 7.930726 -5.441956
1.094260 3.929919 -6.566492
1.138839 -0.041791 -7.899596
1.315265 -3.887218 -9.343556
1.685136 -7.547770 -10.788639
2.328403 -10.987685 -12.135977
3.330057 -14.186098 -13.292800
4.785620 -17.110912 -14.153952
6.684746 -19.767916 -14.671808
8.969152 -22.185791 -14.843346
11.544064 -24.419548 -14.711242
14.286288 -26.522835 -14.348251
17.028263 -28.516214 -13.850642
19.590340 -30.385124 -13.325225
21.806376 -32.091137 -12.870138
23.533207 -33.600914 -12.591109
24.615009 -34.886387 -12.637539
24.907730 -35.864372 -13.125417
24.409767 -36.399811 -13.854532
23.421131 -36.700333 -14.583460
22.238955 -37.113907 -15.285885
21.158726 -37.968788 -15.958851
20.474049 -39.388145 -16.535305
20.340202 -41.283642 -16.896042
20.681299 -43.475777 -16.958630
21.300442 -45.850044 -16.718468
21.992609 -48.339500 -16.253069
22.621727 -50.883125 -15.661354
23.102608 -53.391949 -15.036639
3.931261 -44.888134 30.287214
3.629422 -43.212250 29.399452
3.459850 -41.467602 28.565403
3.367333 -39.667858 27.795900
3.255487 -37.807426 27.088530
3.036156 -35.892334 26.423443
2.669602 -33.944992 25.788027
2.174348 -31.982056 25.170418
1.610348 -30.003716 24.551577
1.060709 -27.991348 23.899429
0.583633 -25.935631 23.192501
0.215723 -23.838451 22.413101
-0.027407 -21.712345 21.548002
-0.156367 -19.575150 20.586311
-0.216778 -17.439619 19.521221
-0.246847 -15.320312 18.350538
-0.280326 -13.225900 17.077259
-0.338270 -11.166588 15.710954
-0.422040 -9.135117 14.274636
-0.512865 -7.122452 12.793592
-0.588376 -5.119047 11.286955
-0.627280 -3.115267 9.768613
-0.613219 -1.107597 8.248919
-0.538535 0.924482 6.732198
-0.409124 2.973812 5.218464
-0.229983 5.038864 3.705087
-0.004599 7.114156 2.191077
0.266607 9.200476 0.666753
0.584601 11.288260 -0.877311
0.949972 13.379052 -2.437907
3.855177 -46.096279 28.316399
3.626565 -44.430080 27.387251
3.497995 -42.692642 26.562366
3.379647 -40.882236 25.834454
3.175438 -38.997047 25.181225
2.824069 -37.059185 24.575230
2.329984 -35.101082 23.992310
1.749881 -33.138008 23.404484
1.172551 -31.160643 22.777910
0.672224 -29.147894 22.089949
0.296353 -27.094429 21.330917
0.067199 -25.007332 20.493755
-0.023156 -22.903122 19.571539
-0.025913 -20.795610 18.553394
0.002313 -18.699259 17.423872
0.016545 -16.630539 16.180248
-0.015962 -14.605618 14.825865
-0.104310 -12.628269 13.382781
-0.228621 -10.687114 11.880103
-0.356114 -8.770602 10.344132
-0.455908 -6.866735 8.793701
-0.502687 -4.967863 7.242775
-0.482083 -3.052395 5.704498
-0.392227 -1.102827 4.186872
-0.243779 0.881743 2.691037
-0.044122 2.909264 1.219337
0.201066 4.997296 -0.230015
0.491756 7.163709 -1.671536
0.831378 9.426214 -3.119933
3.844007 -47.296230 26.235846
3.666794 -45.623631 25.304995
3.531297 -43.867199 24.512352
3.343576 -42.024113 23.835155
3.026578 -40.106457 23.241264
2.557618 -38.151855 22.688925
1.981266 -36.194412 22.137770
1.386149 -34.236900 21.545961
0.855286 -32.262821 20.890610
0.454872 -30.252853 20.161316
0.219215 -28.207844 19.359762
0.148059 -26.140505 18.484760
0.191907 -24.064583 17.525238
0.286561 -21.994370 16.458498
0.364504 -19.945959 15.263932
0.379883 -17.943562 13.938993
0.311521 -15.998583 12.500948
0.172903 -14.110716 10.980007
0.000909 -12.265188 9.408510
-0.160995 -10.446981 7.812655
-0.277089 -8.645222 6.209851
-0.323300 -6.835238 4.618713
-0.292154 -4.998191 3.053717
-0.186602 -3.109074 1.528655
-0.020653 -1.156487 0.049022
0.196055 0.889929 -1.379028
0.458442 3.062391 -2.759011
0.768717 5.395504 -4.106367
3.908396 -48.436150 24.071226
3.744942 -46.739033 23.164688
3.564921 -44.948078 22.415400
3.288241 -43.068462 21.792850
2.867710 -41.128590 21.251400
2.318730 -39.173382 20.733419
1.722249 -37.224716 20.183981
1.165210 -35.273853 19.571732
0.724383 -33.303219 18.886917
0.456936 -31.299400 18.130028
0.376394 -29.270819 17.309217
0.441876 -27.229679 16.416309
0.589431 -25.189438 15.427036
0.741105 -23.164623 14.309224
0.824497 -21.178865 13.038798
0.803713 -19.253428 11.628025
0.681121 -17.396397 10.105692
0.488285 -15.603386 8.506535
0.274817 -13.855129 6.864078
0.090089 -12.136459 5.202290
-0.030981 -10.420319 3.544058
-0.072168 -8.684903 1.908067
-0.031283 -6.904478 0.313723
0.085758 -5.044199 -1.217128
0.262597 -3.072073 -2.672540
0.490577 -0.946354 -4.044781
0.766569 1.373861 -5.336360
4.071237 -49.491405 21.855949
3.886191 -47.759533 20.981503
3.640640 -45.931324 20.276493
3.276561 -44.024380 19.699905
2.778296 -42.078293 19.193081
2.200958 -40.131203 18.682657
1.629234 -38.190617 18.121805
1.146474 -36.243237 17.491184
0.822205 -34.275276 16.792753
0.698665 -32.282440 16.033106
0.751185 -30.275881 15.212671
0.923196 -28.267679 14.309486
1.135029 -26.270071 13.286699
1.300682 -24.303669 12.104161
1.353117 -22.390965 10.749807
1.279899 -20.551300 9.251342
1.102573 -18.788471 7.645063
0.866494 -17.092287 5.967907
0.627795 -15.441899 4.251433
0.435012 -13.806147 2.525053
0.314478 -12.161127 0.810510
0.276858 -10.478872 -0.869037
0.320958 -8.725057 -2.487201
0.440203 -6.846707 -4.011352
0.619773 -4.803141 -5.425925
0.853190 -2.548045 -6.720438
4.374546 -50.466644 19.628052
4.141107 -48.698708 18.781187
3.820765 -46.839439 18.108778
3.379374 -44.916977 17.560492
2.840483 -42.972046 17.063417
2.269618 -41.030228 16.548389
1.750868 -39.091026 15.978139
1.362545 -37.141918 15.344284
1.162558 -35.177048 14.656178
1.162173 -33.198872 13.912199
1.319968 -31.219898 13.099566
1.562139 -29.250330 12.181355
1.798789 -27.306314 11.108840
1.944427 -25.407799 9.848342
1.952159 -23.577831 8.405000
1.829727 -21.831629 6.818306
1.613530 -20.165995 5.129455
1.356178 -18.567083 3.374180
1.111529 -16.997398 1.589285
0.918813 -15.429546 -0.198471
0.798341 -13.834418 -1.963907
0.757068 -12.176511 -3.677977
0.793807 -10.405779 -5.303569
0.905939 -8.462666 -6.801149
1.081213 -6.304096 -8.151306
4.854594 -51.380249 17.425964
4.552375 -49.581257 16.592611
4.151451 -47.698380 15.934736
3.654076 -45.766258 15.391033
3.098417 -43.818733 14.890475
2.555120 -41.873291 14.370221
2.104466 -39.926701 13.802445
1.816376 -37.972038 13.186472
1.723112 -36.011623 12.524995
1.822533 -34.052727 11.803752
2.054083 -32.106316 10.993627
2.332203 -30.184586 10.042743
2.563123 -28.302586 8.902046
2.677387 -26.482265 7.553576
2.646188 -24.744368 6.018322
2.493975 -23.095951 4.344786
2.265699 -21.527788 2.575268
2.010747 -20.007755 0.750789
1.771728 -18.502325 -1.096080
1.581089 -16.980469 -2.936689
1.454976 -15.406751 -4.741385
1.400360 -13.732096 -6.471300
1.420972 -11.901262 -8.082665
1.519045 -9.852719 -9.528799
5.541037 -52.247375 15.277986
5.152522 -50.422867 14.439414
4.679069 -48.521233 13.774234
4.138606 -46.575951 13.220940
3.578989 -44.616566 12.712935
3.072373 -42.656689 12.195124
2.692353 -40.695377 11.647150
2.489692 -38.734287 11.063147
2.484423 -36.781380 10.436058
2.658061 -34.846252 9.734016
2.936217 -32.940418 8.910574
3.225111 -31.073982 7.905792
3.442389 -29.264181 6.682672
3.533910 -27.532873 5.239974
3.486282 -25.893106 3.613274
3.335520 -24.343105 1.856116
3.122358 -22.852608 0.017564
2.885364 -21.392424 -1.866927
2.657350 -19.927382 -3.764979
2.466002 -18.422184 -5.645267
2.326677 -16.830544 -7.470058
2.251549 -15.099197 -9.194354
2.249628 -13.171155 -10.767259
6.439391 -53.073166 13.203785
5.965356 -51.227692 12.342766
5.424904 -49.304977 11.657363
4.847523 -47.338806 11.088396
4.287305 -45.356899 10.575853
3.816219 -43.373474 10.072805
3.494354 -41.395016 9.555859
3.361709 -39.429035 9.011563
3.425028 -37.487652 8.417857
3.653464 -35.583702 7.723269
3.959810 -33.725426 6.865241
4.256030 -31.924049 5.789894
4.471569 -30.198051 4.475179
4.565903 -28.563885 2.937342
4.537142 -27.024052 1.223474
4.417807 -25.551666 -0.602734
4.238773 -24.117237 -2.498395
4.028699 -22.689871 -4.429599
3.812793 -21.233421 -6.363819
3.616196 -19.706022 -8.264216
3.459111 -18.059189 -10.088093
3.359022 -16.237564 -11.783542
7.561184 -53.850750 11.221824
7.005668 -51.982414 10.331707
6.400827 -50.032394 9.621791
5.785114 -48.036304 9.037345
5.218743 -46.023087 8.526990
4.770599 -44.013130 8.045774
4.491703 -42.017452 7.566038
4.413002 -40.049427 7.062580
4.532641 -38.126301 6.496583
4.805647 -36.260353 5.792586
5.143631 -34.458565 4.885201
5.464943 -32.733616 3.729987
5.709065 -31.101149 2.321961
5.846529 -29.568420 0.694333
5.870284 -28.108339 -1.088734
5.805936 -26.690443 -2.968564
5.674197 -25.282141 -4.904713
5.496522 -23.852240 -6.864570
5.291759 -22.364079 -8.813600
5.088807 -20.778198 -10.712236
4.912842 -19.045254 -12.511963
8.858522 -54.566166 9.333514
8.228742 -52.666603 8.419968
7.561729 -50.680717 7.690257
6.904690 -48.647369 7.096397
6.324704 -46.601257 6.593162
5.888083 -44.565281 6.138119
5.640390 -42.555908 5.696651
5.608440 -40.593033 5.231469
5.780578 -38.696701 4.680078
6.105790 -36.878395 3.953412
6.495759 -35.144863 2.987381
6.874105 -33.507469 1.750069
7.189344 -31.975819 0.254814
7.404028 -30.526567 -1.441471
7.504949 -29.123394 -3.275045
7.509536 -27.729549 -5.189245
7.431696 -26.311102 -7.145551
7.285394 -24.838636 -9.111066
7.090140 -23.283695 -11.051710
6.880250 -21.609230 -12.923452
10.283088 -55.202869 7.540449
9.584163 -53.258041 6.616599
8.854412 -51.226463 5.876651
8.154350 -49.154179 5.278831
7.553199 -47.075706 4.785761
7.119888 -45.017300 4.357383
6.899378 -43.001114 3.953186
6.915415 -41.053574 3.516217
7.151546 -39.195164 2.968923
7.551822 -37.437214 2.211828
8.027338 -35.784313 1.185088
8.507197 -34.244526 -0.128486
8.926725 -32.799355 -1.688809
9.244353 -31.413094 -3.432506
9.437284 -30.037636 -5.295087
9.518658 -28.632626 -7.221391
9.492984 -27.166210 -9.173965
9.374972 -25.619423 -11.121428
9.187538 -23.970081 -13.027466
11.775187 -55.743790 5.847633
11.007309 -53.736454 4.927726
10.217420 -51.654305 4.184270
9.471183 -49.541355 3.585384
8.845365 -47.432770 3.102320
8.414484 -45.357327 2.699283
8.227581 -43.344818 2.324079
8.306330 -41.424942 1.905950
8.631330 -39.618992 1.355794
9.141205 -37.935951 0.566121
9.748113 -36.376755 -0.516462
10.360395 -34.924583 -1.886037
10.909871 -33.548798 -3.489535
11.345674 -32.198788 -5.257542
11.639681 -30.818014 -7.125429
11.795774 -29.366915 -9.039587
11.818162 -27.825045 -10.965195
11.726037 -26.180984 -12.868716
13.258348 -56.174679 4.262476
12.425137 -54.093754 3.352385
11.575212 -51.953880 2.607864
10.784327 -49.798077 2.006957
10.137686 -47.660500 1.531146
9.721612 -45.576019 1.145375
9.586889 -43.578438 0.789182
9.755395 -41.701252 0.381397
10.204769 -39.965187 -0.176276
10.871053 -38.374588 -0.995957
11.637841 -36.904366 -2.118639
12.407686 -35.526905 -3.523680
13.101991 -34.196812 -5.147073
13.665715 -32.852413 -6.914643
14.058750 -31.433643 -8.763183
14.285213 -29.912394 -10.642458
14.353907 -28.276672 -12.516090
14.638224 -56.503632 2.784343
13.742134 -54.334305 1.883481
12.838596 -52.126854 1.134924
12.013170 -49.920605 0.527226
11.365950 -47.754597 0.049853
10.989006 -45.666504 -0.330753
10.937020 -43.694721 -0.681119
11.232813 -41.876678 -1.090173
11.854371 -40.232529 -1.661407
12.703382 -38.736961 -2.504043
13.654030 -37.349197 -3.650199
14.595142 -36.026760 -5.068682
15.443385 -34.713524 -6.686633
16.131218 -33.342064 -8.428416
16.617653 -31.861996 -10.234893
16.913054 -30.254620 -12.054901
15.817203 -56.753819 1.405174
14.869556 -54.482487 0.505362
13.929197 -52.191036 -0.255305
13.097778 -49.925236 -0.879491
12.481938 -47.726486 -1.371083
12.180533 -45.637466 -1.762794
12.252822 -43.701550 -2.126429
12.726324 -41.962013 -2.555746
13.545222 -40.416508 -3.150055
14.598219 -39.017025 -4.010186
15.742798 -37.698231 -5.162776
16.860756 -36.404369 -6.569644
17.853836 -35.073090 -8.155537
18.654724 -33.647739 -9.848342
19.228909 -32.088200 -11.588897
16.706905 -56.965591 0.121150
15.733284 -54.567703 -0.790507
14.792374 -52.172577 -1.577121
13.993257 -49.829498 -2.233050
13.450345 -47.586838 -2.757933
13.270078 -45.494637 -3.184804
13.520809 -43.602196 -3.591120
14.198743 -41.942909 -4.064735
15.235765 -40.497990 -4.695358
16.501022 -39.188972 -5.568768
17.843752 -37.921600 -6.706797
19.126049 -36.623581 -8.073380
20.248116 -35.244267 -9.601392
21.151548 -33.742687 -11.219937
17.229414 -57.173775 -1.060622
16.280119 -54.624924 -2.005640
15.386625 -52.096817 -2.840145
14.668194 -49.650101 -3.552008
14.248734 -47.345821 -4.138149
14.247615 -45.241592 -4.635646
14.705708 -43.384754 -5.115277
15.608680 -41.796940 -5.659351
16.868649 -40.440548 -6.342855
18.346632 -39.210827 -7.229014
19.872147 -37.972916 -8.332120
21.301191 -36.645973 -9.631667
22.539162 -35.195213 -11.073166
17.292910 -57.376896 -2.106308
16.441467 -54.661705 -3.122109
15.662885 -51.972031 -4.043238
15.088600 -49.393677 -4.849479
14.858990 -47.005089 -5.538018
15.069770 -44.872910 -6.136497
15.756624 -43.029137 -6.717146
16.885872 -41.483040 -7.353385
18.358742 -40.181496 -8.108219
20.019733 -38.998016 -9.020096
21.702536 -37.775223 -10.092124
23.268076 -36.415421 -11.309359
16.908150 -57.432632 -3.007018
16.231535 -54.584881 -4.143465
15.646111 -51.749947 -5.200769
15.297279 -49.043224 -6.149590
15.298594 -46.574486 -6.966586
15.747087 -44.401596 -7.685332
16.663752 -42.544544 -8.376375
18.003054 -40.997108 -9.109610
19.643169 -39.688999 -9.937768
21.434761 -38.494278 -10.891242
23.231754 -37.254898 -11.962702
16.226860 -57.239655 -3.835229
15.778943 -54.314449 -5.132212
15.460818 -51.386971 -6.366307
15.376936 -48.603706 -7.471465
15.637812 -46.075062 -8.425673
16.326450 -43.857628 -9.263191
17.455414 -41.958401 -10.057324
18.954334 -40.356789 -10.872725
20.702011 -38.978676 -11.763974
22.564260 -37.708687 -12.762018
15.449001 -56.841850 -4.706617
15.282748 -53.883942 -6.189121
15.253814 -50.927990 -7.589067
15.455954 -48.117264 -8.837717
15.975111 -45.553177 -9.912075
16.883247 -43.283882 -10.851143
18.168095 -41.307693 -11.726457
19.761440 -39.602203 -12.606554
21.553978 -38.098969 -13.549116
14.787876 -56.363449 -5.735814
14.919778 -53.407757 -7.376728
15.193888 -50.464287 -8.905400
15.672788 -47.656422 -10.256330
16.423582 -45.063885 -11.417469
17.487797 -42.724426 -12.429844
18.855240 -40.637394 -13.367858
20.472174 -38.784801 -14.301520
14.431108 -55.947479 -6.969242
14.875115 -53.009315 -8.709660
15.437538 -50.087795 -10.301844
16.161282 -47.279106 -11.701845
17.078430 -44.643665 -12.912332
18.224394 -42.216373 -13.978809
19.598614 -39.995220 -14.973119
14.537140 -55.660583 -8.355710
15.266724 -52.725281 -10.116227
16.076843 -49.799576 -11.710100
16.980190 -46.962151 -13.119485
17.998234 -44.268509 -14.360378
19.162754 -41.745834 -15.477879
15.153034 -55.464756 -9.782127
16.116802 -52.495552 -11.497635
17.108776 -49.531914 -13.054869
18.133802 -46.648232 -14.454868
19.205328 -43.892937 -15.720686
16.235062 -55.261124 -11.145041
17.366720 -52.230003 -12.779730
18.486317 -49.215126 -14.283117
19.592442 -46.284107 -15.665688
17.691332 -54.964169 -12.378338
18.937254 -51.868599 -13.915010
20.146338 -48.811447 -15.354435
19.402395 -54.533073 -13.444808
20.724636 -51.399414 -14.876776
21.245569 -53.977310 -14.330069
4.397003 -43.202766 33.936684
4.209207 -40.808094 35.094193
3.996761 -38.306782 36.249092
3.795523 -35.785835 37.387577
3.656229 -33.294872 38.499180
3.632478 -30.854279 39.564754
3.753257 -28.461391 40.562260
4.025262 -26.106453 41.471043
4.427073 -23.775532 42.282333
4.914657 -21.450052 43.007256
5.423850 -19.111954 43.695839
5.905994 -16.754414 44.405785
6.326286 -14.385468 45.187702
6.661081 -12.025780 46.071938
6.897808 -9.698718 47.056263
7.044586 -7.411392 48.104805
7.114655 -5.159883 49.180763
7.126662 -2.937392 50.253315
7.098272 -0.744323 51.302711
7.045827 1.411635 52.325420
6.978271 3.518945 53.327049
6.901498 5.567654 54.314499
6.822679 7.553729 55.291828
6.755825 9.480616 56.256344
6.721795 11.367165 57.200836
6.749111 13.231602 58.114056
6.872884 15.091075 58.982418
7.138540 16.956635 59.785515
7.582179 18.825846 60.497337
8.214988 20.676319 61.085972
9.017374 22.455393 61.511475
9.146624 25.203857 60.191410
8.425659 26.476896 58.307732
7.806640 27.772652 56.206955
7.316035 29.071754 53.949795
6.965544 30.367210 51.577343
6.753553 31.652225 49.127075
6.666324 32.918697 46.631153
6.691951 34.156986 44.111404
6.814240 35.355713 41.584583
7.013287 36.496353 39.062931
7.251043 37.559822 36.554146
7.486382 38.520271 34.062366
7.673903 39.347481 31.592087
7.767316 40.009411 29.151012
7.730401 40.481369 26.750460
7.563788 40.768089 24.395508
7.283964 40.870979 22.086981
6.917343 40.787453 19.823153
6.486155 40.496044 17.608673
6.006745 39.984589 15.453472
5.483978 39.242531 13.372697
4.920610 38.262955 11.381806
4.326025 37.046425 9.491618
3.723428 35.594925 7.708566
3.146558 33.939270 6.020400
2.628745 32.097652 4.419546
2.197994 30.089228 2.898988
1.876232 27.930906 1.455001
1.665513 25.653519 0.077771
1.552339 23.299833 -1.244589
1.518314 20.940063 -2.513471
3.880834 -41.214813 33.259022
3.685575 -38.613670 34.389015
3.492738 -35.994686 35.511246
3.327860 -33.397003 36.619324
3.228295 -30.849375 37.705269
3.231531 -28.357769 38.753860
3.357423 -25.910070 39.747639
3.607194 -23.492437 40.673862
3.957313 -21.087523 41.534924
4.381466 -18.687019 42.338524
4.830942 -16.280903 43.121910
5.270435 -13.869555 43.924541
5.676599 -11.463234 44.777504
6.038064 -9.078792 45.691540
6.342406 -6.730724 46.660225
6.591409 -4.422157 47.658489
6.786268 -2.151133 48.660252
6.933945 0.083734 49.638874
7.020299 2.278221 50.589439
7.049630 4.425528 51.510910
7.028336 6.516989 52.407761
6.964146 8.546913 53.286896
6.869988 10.515447 54.150238
6.774110 12.434237 55.013191
6.708280 14.320621 55.866695
6.708712 16.190359 56.705231
6.815893 18.054468 57.518757
7.081287 19.915121 58.296242
7.544256 21.760120 59.013084
8.226073 23.552732 59.643490
3.507110 -39.287479 32.472439
3.327438 -36.523975 33.591381
3.157948 -33.789688 34.695766
3.016844 -31.107399 35.784138
2.932241 -28.490664 36.853359
2.935176 -25.932709 37.893051
3.039097 -23.414961 38.892841
3.240613 -20.918648 39.849392
3.528013 -18.433821 40.765572
3.886907 -15.956724 41.645550
4.282109 -13.483098 42.512791
4.689964 -11.016920 43.389771
5.098700 -8.568475 44.287628
5.500161 -6.150423 45.204628
5.880573 -3.772315 46.136204
6.232884 -1.435071 47.065769
6.550226 0.860970 47.972210
6.811126 3.113685 48.847134
6.985928 5.316338 49.692921
7.070860 7.462911 50.508858
7.070962 9.547588 51.299576
6.998266 11.567652 52.070217
6.879574 13.531084 52.840031
6.755413 15.450055 53.621296
6.667016 17.342258 54.410698
6.657816 19.219820 55.206558
6.776208 21.088043 56.007954
7.078449 22.942120 56.804043
7.613947 24.758913 57.573032
3.284158 -37.367474 31.660002
3.123889 -34.482250 32.769047
2.968169 -31.648884 33.856659
2.832679 -28.883863 34.927299
2.742880 -26.189716 35.982208
2.724944 -23.553970 37.017429
2.786902 -20.951685 38.029583
2.932448 -18.370754 39.018440
3.157229 -15.802757 39.984715
3.456786 -13.248255 40.928150
3.807746 -10.705978 41.858955
4.198076 -8.181937 42.782288
4.622113 -5.686356 43.694469
5.071066 -3.227581 44.590664
5.528548 -0.812754 45.466187
5.981055 1.558730 46.306995
6.399290 3.884186 47.109650
6.746599 6.160301 47.876560
6.982488 8.378214 48.614719
7.096447 10.532271 49.325417
7.094715 12.617836 50.012047
7.001378 14.637918 50.695602
6.856667 16.602577 51.392441
6.711585 18.526203 52.118935
6.615803 20.425112 52.876099
6.620731 22.307285 53.670105
6.778984 24.172525 54.499329
7.154308 26.007427 55.351429
3.177121 -35.441460 30.862741
3.027185 -32.462879 31.957541
2.873465 -29.544991 33.026356
2.732089 -26.697895 34.078640
2.625758 -23.920494 35.120819
2.575763 -21.194878 36.154457
2.593721 -18.502901 37.179939
2.687043 -15.833140 38.195793
2.857579 -13.179772 39.199291
3.108840 -10.546293 40.185234
3.429091 -7.933542 41.150261
3.815039 -5.350418 42.086586
4.261428 -2.803396 42.985405
4.759265 -0.299035 43.838066
5.290891 2.157663 44.635876
5.825341 4.566859 45.378464
6.320002 6.925972 46.073723
6.727422 9.231080 46.731216
6.997680 11.471073 47.363567
7.116258 13.638890 47.972786
7.097929 15.732012 48.577057
6.980139 17.755980 49.194019
6.814248 19.724014 49.843784
6.660591 21.651079 50.546043
6.576792 23.551449 51.308491
6.617565 25.428801 52.135448
6.840596 27.276493 53.021702
3.114575 -33.502449 30.096073
2.967579 -30.451609 31.171562
2.812884 -27.457922 32.219910
2.665195 -24.529379 33.255299
2.543189 -21.660278 34.287544
2.467570 -18.840908 35.321743
2.451453 -16.054411 36.356640
2.505445 -13.292162 37.388134
2.636070 -10.550463 38.409233
2.854354 -7.835992 39.408318
3.158530 -5.153937 40.373466
3.547714 -2.509784 41.291828
4.018525 0.091341 42.150314
4.563128 2.645252 42.933922
5.154633 5.146357 43.641392
5.750510 7.596437 44.281033
6.298449 9.993498 44.867893
6.741467 12.332824 45.418983
7.022156 14.599819 45.950645
7.128817 16.784830 46.480228
7.087815 18.886608 47.022064
6.947686 20.913708 47.596951
6.769508 22.881189 48.227875
6.622353 24.804735 48.939690
6.566543 26.696135 49.737473
6.660380 28.554201 50.620945
3.007272 -31.545591 29.356915
2.866897 -28.437183 30.409647
2.720344 -25.374298 31.439249
2.579262 -22.360332 32.462158
2.457447 -19.397640 33.489765
2.373428 -16.479914 34.524334
2.342066 -13.594334 35.561378
2.376201 -10.735042 36.592667
2.486479 -7.901731 37.605415
2.689832 -5.108175 38.586266
2.988971 -2.356143 39.519840
3.386816 0.349974 40.390575
3.882849 3.007796 41.179405
4.465670 5.612309 41.876987
5.102297 8.159664 42.486454
5.741519 10.653419 43.020958
6.322419 13.091852 43.502449
6.779784 15.468357 43.952934
7.053778 17.762407 44.405762
7.140342 19.962555 44.874683
7.075890 22.068928 45.376675
6.918796 24.092136 45.935017
6.739426 26.050194 46.577091
6.610539 27.959417 47.324398
6.594747 29.828140 48.177086
2.794516 -29.572369 28.638010
2.674086 -26.414806 29.668133
2.554734 -23.281706 30.682480
2.439831 -20.182190 31.698456
2.338815 -17.122646 32.723125
2.268062 -14.102569 33.754177
2.244150 -11.113101 34.781868
2.281492 -8.152625 35.791786
2.392506 -5.229419 36.770363
2.596056 -2.356180 37.704479
2.900400 0.466241 38.578114
3.312611 3.236434 39.371155
3.832308 5.950816 40.071339
4.445814 8.606647 40.672459
5.115910 11.201681 41.179489
5.783719 13.740806 41.610527
6.380597 16.221689 41.991943
6.836499 18.632645 42.363201
7.094215 20.948673 42.755287
7.157260 23.156509 43.184460
7.071458 25.257156 43.669853
6.905446 27.265560 44.238625
6.733855 29.203276 44.914665
6.632575 31.085487 45.714729
2.457422 -27.584316 27.941437
2.375961 -24.377052 28.950489
2.300150 -21.174171 29.952751
2.229382 -17.988592 30.961330
2.169670 -14.831016 31.978445
2.135584 -11.705558 32.995350
2.144212 -8.608593 33.994644
2.206695 -5.549019 34.961239
2.337103 -2.534558 35.880657
2.555235 0.419542 36.742279
2.875272 3.315490 37.527061
3.306073 6.149639 38.224182
3.848084 8.921137 38.824608
4.486715 11.629089 39.323273
5.180940 14.272409 39.727928
5.865354 16.856695 40.059383
6.465360 19.375771 40.360786
6.910635 21.814474 40.669827
7.146938 24.142653 41.020626
7.185507 26.344788 41.431396
7.083350 28.426262 41.924828
6.915089 30.408276 42.524723
6.758171 32.313377 43.250313
2.020898 -25.572803 27.267954
1.986387 -22.313339 28.259647
1.962763 -19.041851 29.248314
1.947754 -15.773340 30.242958
1.946380 -12.519872 31.240152
1.970790 -9.289202 32.223419
2.030648 -6.089215 33.173717
2.137417 -2.929886 34.074081
2.304124 0.177447 34.911518
2.551930 3.217145 35.673954
2.896488 6.187189 36.354046
3.349924 9.086406 36.945152
3.914403 11.916030 37.439629
4.574645 14.676250 37.834656
5.286321 17.366796 38.139198
5.978286 19.990973 38.389256
6.574043 22.540791 38.626202
7.003127 24.996147 38.891041
7.214617 27.320803 39.220196
7.230626 29.501211 39.635288
7.116534 31.550745 40.155853
6.950858 33.493938 40.801449
1.526554 -23.521486 26.607553
1.535965 -20.209864 27.584356
1.562775 -16.875835 28.555847
1.606909 -13.532826 29.525778
1.674068 -10.191192 30.483974
1.766902 -6.865675 31.413214
1.893379 -3.566093 32.291981
2.060692 -0.307146 33.104263
2.281345 2.898306 33.834648
2.570997 6.025235 34.484280
2.948982 9.071912 35.050926
3.430663 12.038541 35.530170
4.019786 14.927136 35.916943
4.700863 17.738449 36.208992
5.425463 20.470341 36.429348
6.120863 23.126713 36.611343
6.708484 25.696112 36.799755
7.117197 28.151733 37.037960
7.302805 30.454762 37.366203
7.297754 32.598843 37.802940
7.173539 34.602859 38.363964
1.034183 -21.422794 25.929346
1.076717 -18.061794 26.892885
1.145636 -14.672237 27.843176
1.245301 -11.263873 28.776577
1.377038 -7.846849 29.681236
1.541858 -4.434095 30.537659
1.741500 -1.039484 31.325659
1.981190 2.321036 32.026726
2.264056 5.623726 32.638592
2.603967 8.839058 33.168739
3.023157 11.964317 33.617588
3.539017 14.999171 33.983799
4.156881 17.945486 34.262821
4.858453 20.801504 34.466316
5.594874 23.566992 34.613998
6.291490 26.244631 34.742020
6.866995 28.817467 34.897739
7.252035 31.254208 35.128731
7.410558 33.519245 35.472759
7.384056 35.612328 35.944370
0.586016 -19.279642 25.201021
0.647131 -15.874673 26.150070
0.746906 -12.436886 27.073318
0.890559 -8.972674 27.962927
1.081184 -5.487345 28.802460
1.315415 -1.993230 29.572346
1.591945 1.495719 30.250454
1.904661 4.953820 30.831299
2.253374 8.352094 31.319340
2.649860 11.656029 31.726307
3.116867 14.859645 32.056404
3.673701 17.960930 32.309032
4.322408 20.957592 32.493885
5.046348 23.850306 32.618561
5.794648 26.638668 32.705715
6.490204 29.322063 32.793484
7.049521 31.879345 32.934502
7.407238 34.279716 33.174202
7.535466 36.490433 33.547005
0.209490 -17.103617 24.394447
0.273391 -13.660670 25.324520
0.390349 -10.180093 26.216455
0.568004 -6.663212 27.056213
0.809013 -3.112418 27.823341
1.109024 0.462981 28.493805
1.455798 4.041985 29.057009
1.838683 7.593932 29.514662
2.254686 11.085170 29.876217
2.712168 14.475193 30.159115
3.234133 17.753826 30.369305
3.834263 20.912170 30.521410
4.517627 23.950228 30.620550
5.266286 26.868515 30.676674
6.026612 29.664494 30.714630
6.717563 32.335182 30.778269
7.255694 34.859138 30.919651
7.580109 37.205242 31.180941
-0.082618 -14.910252 23.487783
-0.029074 -11.432553 24.394243
0.094215 -7.909197 25.250587
0.295704 -4.338161 26.036676
0.579282 -0.718051 26.723976
0.934116 2.937708 27.293854
1.342920 6.603849 27.742195
1.792079 10.245916 28.075907
2.275217 13.825095 28.310757
2.798710 17.295462 28.467859
3.376248 20.636858 28.570660
4.024097 23.841490 28.629593
4.746058 26.908506 28.651743
5.522241 29.836462 28.648081
6.292705 32.621685 28.650526
6.974097 35.261906 28.703646
7.483664 37.733875 28.857740
-0.290240 -12.713322 22.469925
-0.255257 -9.199197 23.348522
-0.133285 -5.628519 24.166105
0.084916 -1.995306 24.893190
0.400533 1.698494 25.500620
0.799961 5.435570 25.971504
1.263150 9.187142 26.305897
1.774102 12.914437 26.516367
2.325356 16.574015 26.622623
2.912147 20.109325 26.666086
3.548440 23.499916 26.667934
4.248085 26.735992 26.641087
5.013342 29.814220 26.592751
5.817130 32.732262 26.540487
6.593987 35.488461 26.519073
7.258718 38.079048 26.572819
-0.435092 -10.519993 21.346195
-0.418604 -6.962755 22.194782
-0.298604 -3.333703 22.968912
-0.067435 0.370385 23.634787
0.274151 4.143505 24.161282
0.712137 7.964297 24.532070
1.224849 11.799490 24.751827
1.796635 15.605718 24.836170
2.410455 19.329359 24.825241
3.061001 22.913677 24.761209
3.758028 26.335720 24.669300
4.513702 29.582699 24.562395
5.322384 32.650177 24.453686
6.150321 35.538647 24.363457
6.926403 38.245834 24.329082
-0.537195 -8.332320 20.123247
-0.532696 -4.719206 20.940937
-0.410624 -1.020379 21.669708
-0.166640 2.763317 22.271614
0.198551 6.621433 22.713575
0.672008 10.527190 22.980930
1.233477 14.442223 23.080494
1.860553 18.312130 23.047482
2.535967 22.083136 22.924034
3.250708 25.696606 22.758846
4.012124 29.126715 22.577871
4.823845 32.359795 22.400068
5.672915 35.394787 22.240595
6.519075 38.232315 22.122135
-0.612887 -6.146874 18.812689
-0.608216 -2.464120 19.600285
-0.477742 1.315675 20.281048
-0.218226 5.187346 20.813826
0.171089 9.134542 21.164852
0.681036 13.124348 21.319582
1.287728 17.105515 21.303400
1.969285 21.022821 21.154955
2.706027 24.820232 20.923487
3.487814 28.436859 20.660583
4.313181 31.847338 20.399004
5.177860 35.042366 20.159321
6.062422 38.021553 19.957926
-0.669565 -3.962384 17.427258
-0.651963 -0.196478 18.184975
-0.505339 3.675142 18.813601
-0.225882 7.641622 19.269627
0.191179 11.679944 19.517113
0.736624 15.741617 19.558485
1.388666 19.773464 19.424234
2.124705 23.716743 19.161316
2.925306 27.512251 18.822615
3.773349 31.101097 18.469112
4.659595 34.464611 18.135052
5.573582 37.595406 17.841103
-0.709002 -1.773928 15.986046
-0.667287 2.087957 16.710516
-0.497221 6.060323 17.278440
-0.191760 10.125927 17.642206
0.254990 14.244163 17.779934
0.838481 18.362671 17.700710
1.537880 22.423391 17.445055
2.332068 26.362835 17.065012
3.196338 30.122869 16.624710
4.107499 33.654228 16.188879
5.050882 36.942387 15.790272
-0.724960 0.424901 14.503510
-0.651609 4.392861 15.186270
-0.451973 8.471949 15.676738
-0.117942 12.625845 15.937445
0.362472 16.809099 15.953417
0.987872 20.961946 15.745710
1.740044 25.020176 15.361715
2.593916 28.919609 14.867954
3.519669 32.611977 14.333810
4.490605 36.055481 13.823822
-0.708796 2.638676 12.988205
-0.599447 6.719676 13.612804
-0.369370 10.894568 14.011305
-0.003047 15.122013 14.153057
0.515849 19.347118 14.034609
1.190147 23.501518 13.686484
1.998694 27.518230 13.174241
2.911671 31.342823 12.573389
3.896518 34.934658 11.953424
-0.652006 4.870115 11.441534
-0.509233 9.052773 11.990662
-0.246744 13.308640 12.278466
0.156301 17.586048 12.284287
0.721710 21.819008 12.013948
1.450613 25.933161 11.521136
2.316943 29.870440 10.885255
3.287940 33.584557 10.184505
-0.552411 7.101847 9.863459
-0.377283 11.370918 10.317490
-0.079718 15.683867 10.474514
0.367993 19.976585 10.321421
0.987442 24.173120 9.889002
1.774577 28.205526 9.252232
2.699350 32.023949 8.497300
-0.408557 9.325549 8.249350
-0.200707 13.656200 8.585063
0.139025 17.990927 8.584040
0.640070 22.252451 8.256520
1.319360 26.367399 7.659357
2.167220 30.275005 6.881961
-0.219215 11.522776 6.592320
0.026942 15.879195 6.779861
0.417859 20.187885 6.599712
0.979722 24.369745 6.089586
1.723117 28.354986 5.326767
0.019738 13.669127 4.880590
0.312891 18.002243 4.894459
0.763713 22.233568 4.520717
1.392432 26.281591 3.820410
0.313609 15.730145 3.112421
0.662766 19.985506 2.932826
1.181195 24.077927 2.347814
0.664161 17.673923 1.292639
1.078163 21.781555 0.891763
1.069133 19.450415 -0.578378
4.998533 -45.565472 34.202213
5.543447 -45.880608 35.702850
6.093817 -46.245338 37.252930
6.588259 -46.654297 38.822395
6.980301 -47.095757 40.395134
7.250154 -47.545471 41.960472
7.411967 -47.975487 43.515991
7.493208 -48.362572 45.066021
7.530296 -48.691998 46.618176
7.561550 -48.956200 48.180801
7.617265 -49.163834 49.757153
7.712176 -49.324074 51.347137
7.849797 -49.444038 52.948597
8.025912 -49.526154 54.558456
8.231303 -49.567520 56.173012
8.455571 -49.565430 57.788376
8.694351 -49.515564 59.401451
8.949201 -49.415775 61.009312
9.230461 -49.264641 62.608612
9.554369 -49.067169 64.195953
9.940811 -48.827133 65.766144
10.412164 -48.543949 67.309654
10.990960 -48.210621 68.809563
11.699405 -47.808334 70.233749
12.531771 -47.318790 71.548164
13.470860 -46.720844 72.710846
14.481500 -46.001465 73.682014
15.514644 -45.160046 74.423569
16.516888 -44.225975 74.929733
17.451530 -43.246952 75.222534
18.292974 -42.282684 75.333084
18.112619 -40.455185 75.842224
17.047581 -39.410736 76.266609
15.852524 -38.384792 76.450882
14.568489 -37.407494 76.329048
13.261578 -36.462662 75.900017
12.018190 -35.464027 75.258080
10.919706 -34.293755 74.555252
10.044771 -32.861809 73.938889
9.446609 -31.152157 73.518280
9.136910 -29.212181 73.331169
9.042061 -27.134960 73.302002
9.089813 -24.978582 73.339378
9.219694 -22.778053 73.366226
9.388519 -20.551855 73.332527
9.573291 -18.305904 73.221024
9.772475 -16.037876 73.048851
9.997578 -13.740051 72.841064
10.259989 -11.404281 72.622276
10.559387 -9.022747 72.407898
10.869146 -6.595822 72.195663
11.150206 -4.127763 71.966621
11.364985 -1.623579 71.689674
11.488009 0.913376 71.324715
11.510178 3.484420 70.822159
11.449899 6.090581 70.156891
11.324426 8.732341 69.314026
11.148777 11.404302 68.296432
10.931847 14.090792 67.119308
10.681889 16.760696 65.821671
10.409805 19.370218 64.449669
10.134357 21.848953 63.054417
4.867364 -43.241638 35.562347
5.392179 -43.468475 37.156448
5.913492 -43.807289 38.737427
6.385859 -44.232864 40.298618
6.780958 -44.720280 41.831589
7.087940 -45.228268 43.340546
7.322831 -45.722069 44.832153
7.509727 -46.174259 46.318615
7.684853 -46.573425 47.808243
7.855449 -46.904255 49.319962
8.039995 -47.176514 50.853405
8.241431 -47.396633 52.407330
8.454623 -47.568130 53.978310
8.667420 -47.688469 55.562618
8.871576 -47.750950 57.158531
9.065178 -47.756546 58.759045
9.250612 -47.703678 60.360477
9.432459 -47.592918 61.958691
9.634734 -47.427193 63.552887
9.878914 -47.213631 65.139023
10.186121 -46.955940 66.710510
10.579358 -46.652489 68.255966
11.078878 -46.293617 69.754768
11.716553 -45.861969 71.173172
12.482132 -45.339012 72.472534
13.359021 -44.707214 73.607452
14.310463 -43.959904 74.532875
15.294196 -43.110081 75.212479
16.264404 -42.197884 75.645744
17.197823 -41.282677 75.852264
4.657488 -40.798946 36.820351
5.157893 -41.005852 38.480415
5.666590 -41.363873 40.086189
6.156308 -41.836548 41.633003
6.606685 -42.382271 43.123684
7.007709 -42.954811 44.572556
7.371159 -43.516808 45.996876
7.719000 -44.045979 47.411785
8.050991 -44.521976 48.840878
8.359034 -44.926323 50.303459
8.649904 -45.263515 51.798008
8.917521 -45.534954 53.321419
9.148364 -45.739189 54.868187
9.335048 -45.872955 56.434681
9.481792 -45.936295 58.015083
9.594144 -45.933781 59.601978
9.678148 -45.867741 61.190613
9.755452 -45.743927 62.780144
9.858513 -45.566750 64.370232
10.009180 -45.342720 65.955612
10.229061 -45.074421 67.528008
10.539795 -44.757938 69.072426
10.972092 -44.382332 70.567108
11.552263 -43.926994 71.973724
12.270850 -43.375572 73.250145
13.110875 -42.714455 74.345062
14.041518 -41.948299 75.213310
15.024502 -41.102261 75.821823
16.025330 -40.229500 76.169182
4.424167 -38.320736 38.024189
4.920127 -38.557823 39.717476
5.458222 -38.963692 41.322266
6.017202 -39.491463 42.835690
6.576820 -40.097942 44.266701
7.120596 -40.737221 45.640202
7.655859 -41.378799 46.978706
8.163433 -41.989719 48.320297
8.627435 -42.542549 49.693123
9.028436 -43.009624 51.116344
9.363486 -43.389065 52.584152
9.617824 -43.678818 54.088478
9.787651 -43.882767 55.620525
9.879529 -44.007618 57.171768
9.910745 -44.058945 58.736378
9.889429 -44.045441 60.306633
9.844204 -43.973953 61.882530
9.804440 -43.850063 63.464447
9.803831 -43.675861 65.051315
9.863861 -43.456520 66.636040
10.005493 -43.193161 68.206589
10.259551 -42.878098 69.746735
10.651590 -42.497593 71.230347
11.206598 -42.028843 72.615555
11.916641 -41.458145 73.853554
12.766819 -40.779926 74.890915
13.726102 -40.010353 75.684959
14.761091 -39.188576 76.204697
4.230468 -35.863247 39.182228
4.768697 -36.158852 40.873020
5.388080 -36.620869 42.444397
6.066847 -37.206833 43.893208
6.775936 -37.877064 45.235924
7.491019 -38.594929 46.504864
8.176488 -39.317715 47.754711
8.798813 -40.001705 49.033249
9.329493 -40.605797 50.369675
9.741834 -41.096474 51.774784
10.022728 -41.471714 53.232792
10.173736 -41.743961 54.727509
10.206156 -41.929993 56.245285
10.143283 -42.043213 57.778423
10.009912 -42.092422 59.322628
9.839916 -42.087238 60.876934
9.668171 -42.030918 62.443386
9.523534 -41.926250 64.021553
9.438189 -41.772591 65.608017
9.433110 -41.574265 67.191612
9.535177 -41.327606 68.758255
9.770200 -41.024132 70.287224
10.163915 -40.648556 71.749031
10.741449 -40.177143 73.094749
11.495083 -39.601151 74.271614
12.404265 -38.924324 75.226768
13.438152 -38.175522 75.919434
4.149486 -33.454033 40.281006
4.781711 -33.815472 41.931145
5.529563 -34.339272 43.428154
6.359836 -34.989368 44.772614
7.231168 -35.736000 45.988880
8.077376 -36.529602 47.152496
8.851220 -37.314709 48.333214
9.507668 -38.031757 49.581234
10.007050 -38.631645 50.914398
10.315868 -39.090191 52.323479
10.444659 -39.430954 53.778748
10.413573 -39.681423 55.260445
10.255092 -39.863869 56.758045
10.003468 -39.991657 58.268059
9.712933 -40.066692 59.795528
9.419184 -40.092094 61.341900
9.153821 -40.067440 62.908066
8.942968 -39.993290 64.490646
8.815701 -39.868435 66.080711
8.794583 -39.693481 67.663521
8.902292 -39.466507 69.220398
9.165397 -39.179050 70.727142
9.612855 -38.816807 72.146858
10.266358 -38.357140 73.425903
11.110431 -37.797623 74.509544
12.119984 -37.152760 75.344185
4.232476 -31.095087 41.297989
5.000856 -31.527666 42.863762
5.900567 -32.120205 44.242092
6.881678 -32.845898 45.440777
7.861471 -33.660290 46.536034
8.767387 -34.502052 47.625988
9.541566 -35.299686 48.784729
10.125396 -35.986153 50.047874
10.468403 -36.527958 51.403664
10.576270 -36.941765 52.818241
10.483727 -37.265350 54.261810
10.236691 -37.526360 55.721912
9.880267 -37.740936 57.195930
9.477739 -37.908543 58.691944
9.079636 -38.022202 60.217163
8.715440 -38.082420 61.771416
8.411626 -38.087349 63.351696
8.190873 -38.037930 64.948494
8.076491 -37.932140 66.546005
8.087738 -37.774311 68.124725
8.248973 -37.564293 69.662315
8.592246 -37.296810 71.126831
9.144083 -36.960369 72.475372
9.915531 -36.535461 73.650635
10.885107 -36.028625 74.593102
4.495430 -28.783913 42.206776
5.415992 -29.291265 43.646141
6.458227 -29.959795 44.866817
7.530560 -30.746305 45.933315
8.546301 -31.596348 46.951267
9.425666 -32.435638 48.027733
10.093842 -33.185875 49.221066
10.478940 -33.800903 50.527245
10.579514 -34.296249 51.898613
10.438639 -34.701897 53.303215
10.118284 -35.048630 54.724773
9.676559 -35.352016 56.162682
9.184736 -35.610100 57.627613
8.698708 -35.814568 59.130062
8.258450 -35.957500 60.674149
7.887565 -36.038822 62.255367
7.608091 -36.057816 63.864014
7.431794 -36.016685 65.481270
7.377150 -35.919167 67.085388
7.466009 -35.772415 68.653061
7.730799 -35.580746 70.154411
8.201144 -35.343563 71.550247
8.894546 -35.053623 72.791328
9.812504 -34.698479 73.811295
4.920158 -26.509600 42.989780
5.978786 -27.093950 44.268082
7.102276 -27.818558 45.350826
8.195423 -28.632483 46.336849
9.165842 -29.472092 47.347809
9.916389 -30.259129 48.477142
10.355466 -30.937845 49.735546
10.470270 -31.511909 51.068920
10.304132 -32.007847 52.433647
9.932563 -32.443382 53.816887
9.427399 -32.833683 55.218880
8.868964 -33.175766 56.653671
8.318840 -33.462280 58.134537
7.822050 -33.685158 59.668839
7.408292 -33.837883 61.254253
7.097212 -33.921429 62.879700
6.892949 -33.938362 64.523132
6.805078 -33.895531 66.161301
6.852219 -33.801174 67.767105
7.066912 -33.667526 69.310478
7.479842 -33.504650 70.753639
8.112535 -33.316528 72.049416
8.974195 -33.103630 73.134445
5.458813 -24.257401 43.646179
6.595218 -24.895769 44.786987
7.733115 -25.644501 45.787556
8.772439 -26.447443 46.769222
9.603721 -27.241550 47.847172
10.110421 -27.969374 49.062843
10.264129 -28.617779 50.362198
10.104440 -29.198271 51.694355
9.710690 -29.723385 53.040279
9.166826 -30.195616 54.407757
8.563530 -30.614237 55.813194
7.969949 -30.973391 57.273216
7.437245 -31.266804 58.798088
6.999909 -31.488417 60.388279
6.679505 -31.634144 62.032795
6.472570 -31.708464 63.706291
6.382023 -31.717541 65.383408
6.418750 -31.672028 67.036942
6.612096 -31.586037 68.633018
6.993993 -31.478161 70.133499
7.588652 -31.362967 71.492004
8.410837 -31.251675 72.645378
6.026174 -21.987825 44.241211
7.178014 -22.652906 45.300163
8.262448 -23.397312 46.295479
9.164981 -24.170366 47.350281
9.754789 -24.927668 48.532730
9.974396 -25.639427 49.805908
9.853722 -26.297070 51.113266
9.472550 -26.900188 52.431812
8.919792 -27.448984 53.767792
8.295088 -27.935947 55.145977
7.677401 -28.359484 56.585678
7.125597 -28.715515 58.100399
6.680191 -28.999992 59.692966
6.366460 -29.209349 61.354317
6.175664 -29.342945 63.056694
6.104214 -29.407467 64.772964
6.156255 -29.412319 66.474770
6.355795 -29.373549 68.130531
6.732201 -29.311941 69.698624
7.312825 -29.250746 71.132523
8.116989 -29.211582 72.369751
6.557438 -19.684647 44.850475
7.662905 -20.357330 45.900284
8.621150 -21.090025 46.966049
9.298114 -21.849945 48.134216
9.611708 -22.606243 49.391071
9.562470 -23.328331 50.684719
9.226822 -24.000265 51.986496
8.696671 -24.614220 53.302036
8.076274 -25.164858 54.656006
7.451837 -25.647243 56.075684
6.892459 -26.061192 57.577465
6.446180 -26.404711 59.167019
6.144108 -26.675999 60.836929
5.977457 -26.873865 62.560398
5.935949 -26.998919 64.308426
6.018000 -27.060505 66.052071
6.242039 -27.073330 67.759926
6.633954 -27.059950 69.394669
7.219642 -27.045908 70.907318
8.022959 -27.061607 72.236092
7.004587 -17.350124 45.545631
7.998809 -18.030226 46.656742
8.753273 -18.770920 47.835415
9.173017 -19.544504 49.091759
9.227012 -20.313854 50.385189
8.968046 -21.043348 51.683880
8.490089 -21.715115 52.990761
7.900287 -22.321138 54.330868
7.289775 -22.859674 55.732372
6.733848 -23.328602 57.219002
6.290877 -23.729067 58.799438
5.999221 -24.060841 60.468441
5.853808 -24.322960 62.200447
5.844678 -24.514801 63.968002
5.962381 -24.639233 65.740921
6.220510 -24.710997 67.487839
6.640323 -24.751101 69.172913
7.246159 -24.786690 70.753815
8.061383 -24.850393 72.168381
7.331366 -15.007920 46.375320
8.146099 -15.714637 47.590954
8.665821 -16.482052 48.865578
8.838263 -17.274351 50.175121
8.686103 -18.047588 51.487202
8.287193 -18.769016 52.800079
7.752861 -19.425652 54.137890
7.176772 -20.014965 55.530071
6.639291 -20.538095 57.001839
6.204587 -20.994394 58.568748
5.921173 -21.386003 60.228493
5.790407 -21.711794 61.957577
5.805979 -21.970919 63.729736
5.958164 -22.164675 65.516319
6.252389 -22.301399 67.285202
6.705730 -22.401964 69.001511
7.339050 -22.491796 70.626030
8.175400 -22.604530 72.105545
7.512365 -12.691608 47.349216
8.116772 -13.436911 48.662022
8.403441 -14.230893 50.003689
8.371817 -15.028937 51.346924
8.076809 -15.790386 52.683575
7.619154 -16.492302 54.033646
7.096969 -17.129711 55.427464
6.592789 -17.703573 56.892006
6.175927 -18.216425 58.444759
5.901129 -18.667854 60.090229
5.779743 -19.057381 61.807873
5.811189 -19.383575 63.573059
5.988477 -19.647137 65.357841
6.315826 -19.854689 67.130798
6.802226 -20.020613 68.857620
7.465215 -20.170210 70.501289
8.325219 -20.334885 72.013435
7.564403 -10.414236 48.425182
7.951730 -11.195722 49.814415
8.035968 -12.002392 51.203815
7.853537 -12.791061 52.582527
7.490303 -13.532370 53.962799
7.036710 -14.214793 55.372486
6.579427 -14.838119 56.840637
6.190222 -15.404910 58.387032
5.929737 -15.917821 60.018593
5.816566 -16.371828 61.721279
5.858633 -16.765526 63.472797
6.053156 -17.098494 65.246033
6.405369 -17.376448 67.009033
6.921581 -17.611877 68.727638
7.611759 -17.824108 70.367294
8.493899 -18.044067 71.883041
7.511080 -8.172869 49.553810
7.698984 -8.977098 51.001705
7.622947 -9.782368 52.436527
7.357955 -10.554941 53.864841
6.984603 -11.278926 55.308376
6.583740 -11.949662 56.794632
6.231287 -12.569361 58.346382
5.991563 -13.140942 59.973602
5.890799 -13.661051 61.664558
5.943113 -14.122818 63.402130
6.151875 -14.525173 65.160667
6.524382 -14.872182 66.907860
7.065363 -15.175034 68.607948
7.780644 -15.451757 70.226509
8.681592 -15.728308 71.723106
7.387669 -5.955975 50.696289
7.406722 -6.771054 52.198841
7.231962 -7.568718 53.689026
6.938462 -8.329301 55.184383
6.600039 -9.045404 56.707458
6.289247 -9.716209 58.280163
6.075178 -10.345110 59.916557
5.990671 -10.927907 61.607567
6.056939 -11.459084 63.337894
6.281466 -11.930831 65.084984
6.674895 -12.345802 66.817055
7.240498 -12.713065 68.496773
7.980000 -13.050159 70.087852
8.899259 -13.382557 71.549805
7.225174 -3.759332 51.831600
7.129799 -4.579118 53.395245
6.907131 -5.373393 54.956249
6.627595 -6.132056 56.534500
6.359490 -6.852675 58.147949
6.171453 -7.536792 59.810585
6.104297 -8.180271 61.516994
6.185368 -8.776602 63.254070
6.429148 -9.318177 65.000122
6.847364 -9.799724 66.723999
7.442277 -10.228365 68.387756
8.210665 -10.620619 69.953407
9.152386 -11.002390 71.378670
7.068410 -1.586949 52.947834
6.905525 -2.415669 54.586216
6.674823 -3.216751 56.233658
6.442738 -3.986004 57.906750
6.276540 -4.724358 59.616623
6.222154 -5.425982 61.356998
6.314643 -6.084640 63.118214
6.574915 -6.690751 64.879501
7.021232 -7.237320 66.609337
7.652033 -7.723149 68.267509
8.458433 -8.164035 69.815338
9.432619 -8.586340 71.209564
6.932274 0.545912 54.048592
6.742124 -0.300149 55.776329
6.538172 -1.119001 57.522297
6.386567 -1.910874 59.297665
6.337263 -2.669435 61.092999
6.432440 -3.387194 62.897049
6.701062 -4.054165 64.691742
7.167986 -4.659748 66.445259
7.836617 -5.199179 68.114822
8.688739 -5.682213 69.658005
9.707821 -6.136006 71.032242
6.821959 2.624295 55.141243
6.641229 1.752349 56.969765
6.499055 0.905541 58.822014
6.447727 0.090829 60.688660
6.535001 -0.684600 62.555580
6.799533 -1.409038 64.401749
7.274444 -2.069968 66.197350
7.969020 -2.657643 67.896927
8.867510 -3.177706 69.454506
9.939666 -3.655051 70.824081
6.741036 4.638502 56.229668
6.606934 3.733033 58.165977
6.551082 2.860764 60.112541
6.623523 2.028456 62.055962
6.871063 1.247961 63.972115
7.338401 0.534611 65.826927
8.043039 -0.098352 67.574890
8.972649 -0.651957 69.165955
10.097294 -1.146664 70.551025
6.697646 6.585669 57.313042
6.638974 5.652286 59.343441
6.696454 4.761693 61.368465
6.920352 3.925563 63.364967
7.365679 3.160719 65.295387
8.062809 2.484316 67.107643
9.005697 1.898954 68.750031
10.165299 1.387821 70.169525
6.698225 8.482445 58.367393
6.744643 7.529986 60.473774
6.946222 6.636333 62.551559
7.362894 5.819309 64.564270
8.037373 5.099494 66.454842
8.975367 4.483362 68.162720
10.151358 3.957048 69.632919
6.763131 10.348944 59.381771
6.947484 9.392945 61.536804
7.336979 8.519474 63.629055
7.981402 7.752766 65.601562
8.899012 7.104110 67.386681
10.073288 6.561733 68.919662
6.921754 12.207629 60.336231
7.287498 11.269613 62.500816
7.901128 10.447846 64.550346
8.789401 9.760821 66.414642
9.946900 9.201529 68.019760
7.217446 14.078532 61.206165
7.799448 13.187616 63.323795
8.654052 12.449596 65.261887
9.784324 11.867584 66.939796
7.684276 15.976677 61.955532
8.497356 15.164669 63.958691
9.591834 14.545925 65.703964
8.337013 17.900633 62.550137
9.379106 17.212692 64.356514
9.169077 19.845533 62.943260
19.152924 -40.017769 75.528114
19.334238 -38.513653 75.674774
19.575924 -37.049507 75.704422
19.908993 -35.680298 75.583916
20.358768 -34.438889 75.277580
20.939844 -33.343666 74.766479
21.654062 -32.391071 74.071426
22.502439 -31.561615 73.229996
23.480169 -30.816216 72.288681
24.586975 -30.106642 71.288780
25.810436 -29.384285 70.270706
27.146351 -28.613411 69.264755
28.592978 -27.766109 68.298302
30.148619 -26.821440 67.395569
31.801600 -25.767605 66.568428
33.514610 -24.605774 65.798439
35.237373 -23.325964 65.051628
36.906181 -21.912321 64.286072
38.443722 -20.346746 63.458168
39.795502 -18.645935 62.539818
40.948582 -16.851803 61.518314
41.935226 -15.020485 60.388157
42.833672 -13.213094 59.148148
43.758724 -11.490551 57.801907
44.805714 -9.884554 56.380150
46.018726 -8.404666 54.923260
47.388432 -7.033934 53.478168
48.861317 -5.737178 52.088413
50.346550 -4.471796 50.777542
51.752998 -3.216703 49.548149
52.989719 -1.982947 48.401299
53.365673 -0.119533 48.834721
52.501038 0.769986 50.362598
51.374901 1.725302 51.842514
50.011940 2.671371 53.246269
48.441570 3.545263 54.571697
46.713039 4.308204 55.823761
44.887230 4.960170 57.002254
43.015663 5.522201 58.092857
41.142330 6.031678 59.072094
39.301266 6.537105 59.902485
37.509464 7.087146 60.564552
35.775646 7.716958 61.045124
34.106991 8.448173 61.343388
32.511593 9.290104 61.474194
30.997215 10.241230 61.478710
29.564674 11.288898 61.427708
28.223461 12.429505 61.393131
26.993038 13.661487 61.441914
25.905710 14.979453 61.623981
24.961201 16.350979 61.937748
24.117477 17.732275 62.352371
23.302629 19.077869 62.826817
22.429943 20.342051 63.312557
21.412083 21.471552 63.749062
20.215399 22.434219 64.084114
18.842987 23.205212 64.278824
17.329107 23.775240 64.311478
15.724823 24.141012 64.165215
14.097927 24.319389 63.831726
12.519503 24.336424 63.303757
11.074904 24.222528 62.582779
18.151915 -38.801971 76.094101
18.271893 -37.251060 76.166046
18.479748 -35.813438 76.048508
18.800587 -34.517063 75.713219
19.262697 -33.386612 75.152634
19.878025 -32.414761 74.407295
20.641502 -31.569084 73.526581
21.546280 -30.797760 72.565323
22.590548 -30.038763 71.575699
23.775700 -29.246239 70.602486
25.102066 -28.391254 69.681099
26.575233 -27.460653 68.841888
28.199810 -26.455055 68.108490
29.965061 -25.386814 67.479271
31.816402 -24.255991 66.898788
33.702110 -23.039791 66.330887
35.556320 -21.706728 65.727928
37.308662 -20.225176 65.049377
38.880615 -18.584743 64.253624
40.240536 -16.816143 63.331047
41.400265 -14.971651 62.280560
42.415234 -13.113490 61.104527
43.381184 -11.305500 59.809067
44.400478 -9.600708 58.416500
45.544693 -8.019692 56.967369
46.830017 -6.558942 55.508110
48.220959 -5.190639 54.084030
49.646690 -3.877051 52.721252
51.025333 -2.588675 51.417980
52.281525 -1.322432 50.146725
17.022814 -37.707378 76.429115
17.098967 -36.158760 76.354698
17.296705 -34.775192 76.031349
17.647507 -33.574551 75.465675
18.167765 -32.546749 74.709053
18.854359 -31.650698 73.822403
19.694355 -30.821833 72.869080
20.689466 -29.987404 71.913124
21.844242 -29.099854 71.010902
23.172077 -28.148325 70.196373
24.680204 -27.134136 69.499649
26.370995 -26.076633 68.933189
28.225792 -24.996658 68.478340
30.187532 -23.889107 68.070122
32.197216 -22.719952 67.653404
34.193169 -21.448202 67.186142
36.103359 -20.029362 66.623833
37.855457 -18.444296 65.931335
39.394451 -16.704433 65.089523
40.712677 -14.855062 64.099625
41.846321 -12.956865 62.967426
42.871498 -11.075247 61.700195
43.885372 -9.267176 60.323830
44.973595 -7.574618 58.872013
46.176323 -6.003552 57.391544
47.480469 -4.538170 55.928932
48.828995 -3.145109 54.513100
50.156689 -1.797579 53.142059
51.395939 -0.483990 51.782478
15.790814 -36.708458 76.460342
15.863445 -35.211304 76.196640
16.107281 -33.905998 75.677620
16.537319 -32.779022 74.961250
17.151375 -31.788431 74.113274
17.937096 -30.866793 73.203400
18.897247 -29.931051 72.312050
20.039581 -28.940887 71.501625
21.379616 -27.892555 70.815445
22.923653 -26.808113 70.263336
24.666052 -25.710781 69.847717
26.579840 -24.616873 69.536575
28.609539 -23.514956 69.264961
30.701590 -22.370884 68.976669
32.792511 -21.136496 68.618126
34.811150 -19.760349 68.146484
36.684174 -18.214848 67.526947
38.358185 -16.503704 66.744911
39.804115 -14.657604 65.796570
41.040005 -12.732981 64.690109
42.124542 -10.794865 63.434639
43.149776 -8.903109 62.060028
44.197758 -7.101138 60.598846
45.329189 -5.417533 59.095219
46.550327 -3.845819 57.597519
47.822002 -2.362712 56.139519
49.086411 -0.942734 54.720592
50.286430 0.424536 53.308651
14.516088 -35.793423 76.168304
14.650560 -34.359581 75.748833
14.993169 -33.098209 75.126747
15.541571 -31.970201 74.371651
16.284367 -30.914644 73.555336
17.227610 -29.856075 72.766228
18.373913 -28.759727 72.073471
19.732883 -27.629871 71.516045
21.304245 -26.487799 71.103661
23.075863 -25.355844 70.815620
25.017586 -24.240002 70.619270
27.077492 -23.125769 70.452209
29.205904 -21.981003 70.259300
31.345295 -20.760618 69.985703
33.423042 -19.408081 69.577812
35.365845 -17.890732 69.004105
37.117432 -16.205004 68.251297
38.645859 -14.374089 67.319344
39.952812 -12.442825 66.217667
41.081200 -10.474242 64.957977
42.118305 -8.527346 63.575218
43.142628 -6.646448 62.102474
44.216057 -4.861516 60.582241
45.368141 -3.188726 59.063057
46.573612 -1.612348 57.583317
47.784256 -0.113968 56.145199
48.945507 1.317313 54.718678
13.284292 -34.895527 75.627174
13.537874 -33.474918 75.156075
14.027829 -32.177921 74.550797
14.742978 -30.955538 73.886490
15.687642 -29.753273 73.250977
16.850414 -28.552965 72.701492
18.227917 -27.351852 72.276642
19.812092 -26.161314 71.981285
21.587696 -24.990768 71.800095
23.528236 -23.841501 71.691170
25.585400 -22.698019 71.599854
27.712267 -21.531773 71.471558
29.854300 -20.302544 71.250671
31.942266 -18.958143 70.878777
33.905075 -17.462194 70.320198
35.684025 -15.806130 69.565125
37.243759 -14.006311 68.617325
38.581474 -12.100526 67.492142
39.729595 -10.139638 66.209488
40.769218 -8.177461 64.810196
41.774899 -6.256048 63.328922
42.809380 -4.405059 61.807602
43.907753 -2.642300 60.294586
45.065742 -0.973483 58.826134
46.240574 0.612407 57.406849
47.381634 2.120592 56.007351
12.175873 -33.879162 74.986115
12.607096 -32.394043 74.589378
13.303667 -30.987452 74.132538
14.261131 -29.629356 73.700104
15.445375 -28.318661 73.328072
16.836327 -27.046574 73.041664
18.420361 -25.804821 72.854271
20.182177 -24.589878 72.754814
22.096027 -23.394257 72.711487
24.123381 -22.207047 72.669220
26.218311 -21.003506 72.577606
28.328344 -19.749836 72.379951
30.384979 -18.401558 72.012886
32.322155 -16.928268 71.439163
34.086014 -15.315392 70.651634
35.638134 -13.573051 69.659431
36.973770 -11.729148 68.486328
38.120300 -9.824799 67.162216
39.154076 -7.892945 65.740166
40.143490 -5.970804 64.256607
41.150017 -4.085845 62.752747
42.213711 -2.256340 61.276592
43.338566 -0.492570 59.863277
44.496109 1.191345 58.507282
45.636951 2.794423 57.180840
11.274458 -32.623222 74.408577
11.942238 -31.023413 74.209908
12.908555 -29.499386 74.022377
14.113334 -28.063251 73.863602
15.515455 -26.705397 73.741287
17.093285 -25.403246 73.665710
18.831385 -24.135963 73.640549
20.707003 -22.888010 73.642258
22.683100 -21.645773 73.628326
24.724621 -20.394373 73.549873
26.778748 -19.106522 73.351791
28.777872 -17.748426 72.966461
30.659204 -16.298977 72.355804
32.374672 -14.746960 71.514252
33.893295 -13.088225 70.460541
35.206921 -11.340311 69.225632
36.340252 -9.528090 67.851242
37.362892 -7.668544 66.400146
38.338253 -5.779603 64.917229
39.324268 -3.886919 63.443054
40.363705 -2.008908 62.025665
41.469009 -0.162087 60.697662
42.620178 1.629918 59.451244
43.776054 3.340582 58.239647
10.648836 -31.075655 74.028656
11.599108 -29.374617 74.126274
12.813140 -27.794415 74.216438
14.224870 -26.328592 74.293335
15.795763 -24.948406 74.355270
17.507675 -23.619904 74.409996
19.339312 -22.314754 74.451134
21.258976 -21.016434 74.449722
23.230452 -19.710886 74.365669
25.213688 -18.384426 74.148720
27.140219 -17.014545 73.730087
28.951111 -15.590116 73.072411
30.602098 -14.104837 72.171265
32.067825 -12.551663 71.049126
33.347057 -10.922528 69.749687
34.459213 -9.226975 68.322823
35.468235 -7.462287 66.839836
36.430164 -5.634842 65.355141
37.400646 -3.755615 63.914951
38.423485 -1.845065 62.567467
39.517956 0.072540 61.343208
40.672520 1.962179 60.228958
41.854595 3.789078 59.175549
10.327978 -29.275019 73.917778
11.518432 -27.530689 74.292603
12.927803 -25.931883 74.606110
14.492941 -24.450439 74.844742
16.180801 -23.045807 75.007324
17.970234 -21.679422 75.096947
19.832527 -20.325596 75.106499
21.736179 -18.970364 75.009171
23.639650 -17.604959 74.762589
25.488958 -16.223238 74.305313
27.226248 -14.822314 73.601776
28.810619 -13.399766 72.648453
30.219345 -11.947769 71.468933
31.454470 -10.448436 70.110748
32.539288 -8.878486 68.635788
33.530399 -7.221258 67.120667
34.479610 -5.468147 65.628647
35.437462 -3.621015 64.217430
36.449844 -1.693023 62.940170
37.540955 0.280846 61.824406
38.706108 2.254146 60.851830
39.920216 4.182480 59.966022
10.240090 -27.297039 73.998177
11.608939 -25.540693 74.582352
13.155252 -23.932802 75.038406
14.821591 -22.432413 75.353004
16.573538 -20.995531 75.523369
18.384550 -19.588125 75.558670
20.225660 -18.189505 75.454750
22.060656 -16.792536 75.184341
23.835880 -15.398816 74.695213
25.507660 -14.015048 73.959488
27.034180 -12.641597 72.972771
28.393234 -11.269980 71.757484
29.586367 -9.878032 70.360947
30.637489 -8.429521 68.848686
31.605888 -6.878150 67.306114
32.539478 -5.204405 65.804176
33.487274 -3.399385 64.410217
34.493923 -1.470988 63.191265
35.588203 0.542009 62.175484
36.769741 2.580358 61.337677
38.019142 4.591650 60.614563
10.304132 -25.211079 74.160507
11.791620 -23.451908 74.869827
13.423416 -21.832647 75.384163
15.142538 -20.308956 75.689209
16.911131 -18.841476 75.792755
18.701981 -17.401796 75.709526
20.481447 -15.976273 75.436264
22.202948 -14.567324 74.937843
23.822689 -13.185028 74.193596
25.307430 -11.834807 73.199265
26.630909 -10.510180 71.974380
27.792049 -9.188148 70.564072
28.812531 -7.827672 69.034439
29.752110 -6.373096 67.472641
30.665165 -4.778949 65.958847
31.600130 -3.026939 64.569656
32.602612 -1.117690 63.382057
33.701088 0.909833 62.436165
34.898056 2.990899 61.704483
36.177452 5.064364 61.117081
10.453909 -23.058714 74.305779
12.011075 -21.298029 75.058556
13.684658 -19.666159 75.552597
15.416948 -18.122063 75.786606
17.169676 -16.632519 75.775650
18.910292 -15.175019 75.536484
20.596375 -13.743693 75.060104
22.188499 -12.345308 74.337654
23.651531 -10.987671 73.368011
24.959972 -9.671144 72.163483
26.106426 -8.375782 70.767105
27.108194 -7.060790 69.243851
28.022192 -5.670962 67.679543
28.907299 -4.151557 66.156944
29.821947 -2.461421 64.760796
30.813234 -0.592006 63.576736
31.910210 1.422952 62.653351
33.114052 3.520654 61.976696
34.411297 5.635437 61.478535
10.642170 -20.867990 74.364861
12.232244 -19.107340 75.090797
13.916758 -17.465012 75.514465
15.638746 -15.906137 75.643303
17.355421 -14.402276 75.496208
19.025492 -12.936652 75.084267
20.610983 -11.505717 74.419380
22.077690 -10.114947 73.506416
23.396719 -8.767170 72.359085
24.552914 -7.454821 71.007690
25.556328 -6.141487 69.517357
26.457678 -4.777712 67.970993
27.316261 -3.308683 66.450127
28.197727 -1.684353 65.039299
29.162443 0.127101 63.830635
30.241615 2.104133 62.881943
31.436939 4.191597 62.194233
32.732944 6.325375 61.716129
10.841043 -18.655436 74.303482
12.443225 -16.895245 74.963394
14.124785 -15.244636 75.293571
15.826019 -13.671998 75.307648
17.496935 -12.152507 75.020676
19.096405 -10.672191 74.457329
20.589289 -9.228120 73.638535
21.944672 -7.823214 72.580132
23.141415 -6.453845 71.312378
24.174377 -5.101973 69.884094
25.084856 -3.725853 68.377861
25.928358 -2.275478 66.872208
26.772314 -0.700360 65.446976
27.686428 1.042727 64.188644
28.721302 2.961504 63.167763
29.882624 5.015269 62.403721
31.154770 7.144785 61.866985
11.045036 -16.421438 74.135452
12.655636 -14.660577 74.715721
14.333149 -12.997560 74.951447
16.013092 -11.402336 74.855797
17.643520 -9.853153 74.453674
19.182461 -8.340511 73.771957
20.596569 -6.861529 72.839310
21.859051 -5.415907 71.684280
22.955070 -3.991819 70.353188
23.903461 -2.569619 68.909348
24.752357 -1.104886 67.432045
25.566227 0.449263 65.996048
26.417509 2.138937 64.678017
27.372559 3.988981 63.544960
28.465061 5.990431 62.645256
29.682619 8.094856 61.974648
11.266473 -14.161051 73.898361
12.890048 -12.391934 74.401695
14.567665 -10.704321 74.550850
16.231674 -9.070644 74.367874
17.828588 -7.475832 73.876930
19.315397 -5.914543 73.106895
20.661446 -4.382938 72.096130
21.842672 -2.874818 70.885086
22.863184 -1.377141 69.532387
23.747049 0.133383 68.099487
24.552557 1.699729 66.662010
25.349392 3.366049 65.288383
26.211130 5.163187 64.037666
27.194874 7.101704 62.961929
28.321863 9.162038 62.100082
11.521249 -11.862192 73.629494
13.163939 -10.071849 74.064278
14.844466 -8.343751 74.145523
16.494736 -6.657906 73.894798
18.060511 -5.005641 73.335487
19.498932 -3.384181 72.500786
20.780384 -1.785365 71.436935
21.894981 -0.202263 70.195175
22.851202 1.383266 68.831917
23.681755 2.994016 67.407906
24.450520 4.671568 65.990776
25.231649 6.446418 64.634781
26.094421 8.336179 63.387913
27.088165 10.340898 62.296597
11.818363 -9.513494 73.355865
13.477734 -7.686662 73.735184
15.156742 -5.906034 73.760490
16.788351 -4.158973 73.452515
18.319004 -2.441550 72.835960
19.705290 -0.749221 71.947105
20.928596 0.926080 70.841927
21.982332 2.596951 69.570053
22.881313 4.281959 68.185867
23.662825 6.003363 66.745438
24.397335 7.790263 65.305565
25.158005 9.660499 63.912796
26.008923 11.621764 62.609959
12.143512 -7.105697 73.093391
13.807794 -5.232017 73.421188
15.473051 -3.391323 73.391396
17.074841 -1.576772 73.025444
18.560406 0.215151 72.348671
19.895487 1.986436 71.406456
21.063393 3.750531 70.252747
22.061846 5.520736 68.935791
22.908098 7.315889 67.504089
23.645866 9.146687 66.009308
24.346472 11.030457 64.502922
25.079638 12.976107 63.026890
12.460172 -4.643178 72.829475
14.110837 -2.715869 73.097771
15.745687 -0.809421 73.002075
17.303064 1.081269 72.564148
18.740551 2.954838 71.820045
20.024855 4.816881 70.813530
21.142084 6.681370 69.596802
22.090885 8.562022 68.212250
22.893181 10.466720 66.705482
23.593363 12.395093 65.126999
24.260300 14.357006 63.523682
12.726415 -2.133217 72.535141
14.344619 -0.146983 72.726578
15.933025 1.832969 72.543381
17.441769 3.805605 72.021759
18.830355 5.771488 71.197311
20.067642 7.735500 70.113464
21.139801 9.711927 68.815727
22.048727 11.703564 67.345406
22.816093 13.707686 65.746613
23.483335 15.716812 64.066612
12.907480 0.417760 72.171631
14.477875 2.469561 72.259628
16.016312 4.527402 71.975311
17.475533 6.590634 71.356018
18.818043 8.658717 70.439735
20.012821 10.736187 69.264534
21.048512 12.826271 67.875320
21.926203 14.920707 66.311371
22.664587 17.009907 64.612862
12.983367 3.007154 71.691223
14.503927 5.127919 71.662384
15.992254 7.269898 71.263756
17.404425 9.431357 70.537552
18.703581 11.611902 69.519165
19.861620 13.805002 68.248238
20.866636 16.001995 66.766479
21.717176 18.187017 65.108093
12.957764 5.633108 71.061783
14.429095 7.826022 70.905548
15.869480 10.056607 70.386871
17.235455 12.324016 69.547691
18.493275 14.618311 68.428093
19.615646 16.920506 67.065239
20.589268 19.213346 65.494766
12.849921 8.296347 70.264160
14.273468 10.564036 69.981209
15.665352 12.888887 69.342796
16.984180 15.262681 68.397324
18.197475 17.663797 67.184181
19.278631 20.063526 65.735275
12.676841 10.994724 69.295242
14.050354 13.339321 68.892090
15.390215 15.757782 68.145897
16.654961 18.231035 67.104858
17.813274 20.726936 65.805382
12.449795 13.719551 68.165176
13.768020 16.137997 67.659294
15.045938 18.643608 66.818253
16.241253 21.204571 65.689110
12.176043 16.447258 66.900848
13.427395 18.931170 66.307579
14.622429 21.512903 65.377029
11.860380 19.140896 65.537056
13.020300 21.680340 64.856430
11.501319 21.754322 64.099510
19.960321 -41.560112 74.817368
21.055111 -41.731819 74.205048
22.245609 -41.933067 73.530121
23.524319 -42.156727 72.822334
24.885391 -42.397175 72.091896
26.311596 -42.648643 71.333954
27.775259 -42.906044 70.535088
29.247311 -43.165428 69.676750
30.696180 -43.422539 68.739975
32.084969 -43.671280 67.701530
33.384506 -43.904884 66.554619
34.570934 -44.116478 65.296982
35.626549 -44.299774 63.933834
36.541138 -44.450016 62.478390
37.320145 -44.566349 60.955227
37.998718 -44.656158 59.399284
38.620621 -44.729610 57.842896
39.240807 -44.799587 56.319889
39.925453 -44.880260 54.873405
40.732517 -44.981461 53.550556
41.695282 -45.104240 52.402649
42.818382 -45.240723 51.482040
44.074448 -45.376213 50.826519
45.413872 -45.495720 50.443047
46.785542 -45.596069 50.261909
48.164413 -45.681709 50.201904
49.540127 -45.759674 50.167694
50.906506 -45.834351 50.053516
52.248367 -45.903080 49.763794
53.533913 -45.956917 49.248444
54.712467 -45.986050 48.508438
53.705605 -2.156852 46.465584
53.213669 -3.464640 45.401104
52.592224 -4.687444 44.310684
51.995037 -5.854869 43.302570
51.597290 -7.041265 42.509972
51.589943 -8.288170 42.128227
52.038513 -9.423552 42.309990
52.810375 -10.241022 42.989857
53.734512 -10.772881 43.976315
54.705296 -11.174730 45.108780
55.648659 -11.626227 46.236988
56.502693 -12.278769 47.238052
57.181671 -13.246252 47.995590
57.565872 -14.535517 48.411217
57.597939 -16.004341 48.478058
57.371025 -17.537285 48.307564
56.990166 -19.120577 48.009758
56.551590 -20.778820 47.693462
56.139362 -22.544439 47.475616
55.809074 -24.405485 47.453957
55.572975 -26.306063 47.662575
55.415695 -28.193953 48.062317
55.313156 -30.057594 48.562260
55.246201 -31.920071 49.052490
55.201675 -33.802414 49.445786
55.176712 -35.704834 49.686356
55.174259 -37.610062 49.744850
55.202896 -39.487373 49.608986
55.271400 -41.302689 49.296177
55.383163 -43.026253 48.836479
55.533440 -44.618423 48.262405
20.260521 -40.018673 74.972610
21.425692 -40.148819 74.309235
22.659121 -40.345882 73.581917
23.963718 -40.587326 72.810829
25.334892 -40.858406 72.003204
26.759739 -41.144188 71.159714
28.215683 -41.435673 70.269424
29.678200 -41.724339 69.319290
31.119364 -42.001965 68.291649
32.508339 -42.255833 67.176659
33.816643 -42.479385 65.966263
35.020691 -42.666683 64.658600
36.102985 -42.813480 63.259392
37.053944 -42.919003 61.784092
37.876774 -42.992100 60.257687
38.607212 -43.041935 58.713612
39.288960 -43.080563 57.184010
39.979652 -43.119720 55.706280
40.738972 -43.175190 54.320549
41.619976 -43.253975 53.073799
42.649513 -43.355000 52.018188
43.822998 -43.469944 51.203461
45.103889 -43.585854 50.662102
46.442024 -43.695145 50.373669
47.795853 -43.796497 50.266556
49.147625 -43.896236 50.254307
50.490688 -44.003811 50.237637
51.823799 -44.125240 50.104790
53.131966 -44.259583 49.762283
54.381935 -44.410854 49.157120
20.549896 -38.502110 75.076843
21.802893 -38.630150 74.378479
23.105122 -38.842842 73.612030
24.458687 -39.110611 72.792397
25.859209 -39.410358 71.925819
27.299040 -39.724464 71.011665
28.762299 -40.040176 70.043716
30.229431 -40.345757 69.009056
31.677872 -40.626884 67.901596
33.077755 -40.870247 66.712006
34.401802 -41.068489 65.435089
35.626213 -41.216160 64.070663
36.732967 -41.311440 62.627502
37.711792 -41.363670 61.125374
38.569286 -41.385521 59.589989
39.342030 -41.389328 58.053429
40.077034 -41.387421 56.549999
40.828800 -41.395596 55.114418
41.656097 -41.428486 53.788128
42.606773 -41.489925 52.619568
43.699074 -41.576530 51.660885
44.917896 -41.678799 50.961220
46.218048 -41.787167 50.526588
47.553665 -41.896412 50.327991
48.892334 -42.009270 50.283970
50.222691 -42.136189 50.301090
51.546028 -42.290203 50.269493
52.862679 -42.480247 50.073997
54.153793 -42.715675 49.616997
20.903532 -37.062828 75.092827
22.261036 -37.211868 74.386070
23.652023 -37.450211 73.607285
25.073544 -37.743973 72.766174
26.524097 -38.068363 71.864670
27.999346 -38.402992 70.902100
29.491062 -38.732410 69.873520
30.982040 -39.039230 68.773422
32.452110 -39.307755 67.596092
33.871590 -39.523483 66.334778
35.213928 -39.678352 64.988274
36.453701 -39.767857 63.560379
37.572735 -39.800285 62.067467
38.563999 -39.788654 60.530628
39.439102 -39.751148 58.978397
40.237404 -39.700443 57.442772
41.007359 -39.655895 55.957275
41.804234 -39.633728 54.556015
42.686871 -39.647861 53.283997
43.696430 -39.699196 52.191135
44.841595 -39.781441 51.332695
46.093475 -39.883362 50.737446
47.406338 -39.995098 50.402664
48.737938 -40.115326 50.282631
50.063957 -40.252914 50.285179
51.381920 -40.423645 50.302658
52.696472 -40.644173 50.220139
54.002575 -40.930882 49.916969
21.362900 -35.731686 74.991173
22.840622 -35.910770 74.309425
24.334946 -36.175999 73.549545
25.844883 -36.495232 72.716499
27.367960 -36.841766 71.807838
28.905130 -37.192898 70.821625
30.446892 -37.526737 69.756050
31.979435 -37.823315 68.606628
33.483105 -38.064358 67.369698
34.926849 -38.233585 66.040451
36.283077 -38.323288 64.623444
37.526379 -38.339485 63.132404
38.641380 -38.294140 61.585709
39.625984 -38.206303 60.008549
40.497234 -38.096291 58.432018
41.299828 -37.985752 56.889000
42.085011 -37.896004 55.411873
42.908836 -37.844051 54.035580
43.830124 -37.844570 52.809467
44.883415 -37.895638 51.788567
46.063969 -37.985554 51.016808
47.337036 -38.098442 50.516739
48.655163 -38.224651 50.269127
49.980316 -38.368553 50.211967
51.297604 -38.545731 50.234409
52.609360 -38.776718 50.221584
53.916405 -39.084019 50.053577
21.946215 -34.524136 74.738281
23.550495 -34.728535 74.113678
25.163883 -35.018261 73.405777
26.782078 -35.362099 72.612488
28.405081 -35.732300 71.727371
30.024490 -36.097378 70.742798
31.635328 -36.430912 69.659996
33.223808 -36.708115 68.476158
34.769054 -36.906631 67.189499
36.236176 -37.008301 65.798363
37.597637 -37.016651 64.318581
38.831196 -36.942299 62.767521
39.925888 -36.803974 61.168423
40.883980 -36.622917 59.549171
41.732868 -36.432419 57.945442
42.521580 -36.256458 56.388729
43.303440 -36.118248 54.911346
44.135456 -36.037453 53.549801
45.076382 -36.031162 52.360207
46.153358 -36.092926 51.395035
47.353329 -36.202065 50.697342
48.635052 -36.337269 50.277908
49.950077 -36.490017 50.101376
51.267250 -36.670044 50.081451
52.577873 -36.899216 50.096237
53.882648 -37.204411 50.024818
22.651049 -33.444344 74.301620
24.383385 -33.659885 73.761032
26.124228 -33.963844 73.134560
27.870720 -34.328175 72.414467
29.606632 -34.718285 71.578003
31.323889 -35.094456 70.616516
33.017105 -35.421799 69.533722
34.670704 -35.668304 68.328506
36.259560 -35.806461 67.002243
37.744648 -35.826706 65.561462
39.102646 -35.738632 64.028549
40.315369 -35.560841 62.426636
41.375343 -35.314568 60.782001
42.295734 -35.035622 59.127533
43.111198 -34.761467 57.498672
43.873638 -34.517578 55.926285
44.638363 -34.330734 54.443115
45.462486 -34.224876 53.088482
46.405754 -34.220627 51.920769
47.489601 -34.303295 50.997261
48.693707 -34.442699 50.357693
49.971252 -34.612053 50.001953
51.276268 -34.801846 49.870480
52.583763 -35.027317 49.860268
53.885418 -35.318100 49.840981
23.476425 -32.489700 73.686440
25.328779 -32.697998 73.240349
27.201204 -32.998932 72.717140
29.073940 -33.367371 72.086510
30.928600 -33.765064 71.318176
32.751240 -34.140968 70.397568
34.533489 -34.448166 69.329903
36.254124 -34.645302 68.115715
37.881603 -34.709347 66.763145
39.377911 -34.634964 65.284836
40.724075 -34.440945 63.711678
41.905167 -34.149418 62.071190
42.924568 -33.797535 60.394810
43.803154 -33.425022 58.714767
44.580345 -33.071388 57.065975
45.310768 -32.764988 55.479263
46.049976 -32.536652 53.988125
46.858116 -32.416882 52.632423
47.792469 -32.424553 51.476494
48.870571 -32.538448 50.581646
50.065605 -32.719501 49.985020
51.329380 -32.931862 49.668301
52.620083 -33.165756 49.553783
53.914555 -33.444096 49.525757
24.421095 -31.650599 72.913406
26.384233 -31.837543 72.558670
28.370449 -32.115517 72.131233
30.359846 -32.463295 71.594467
32.329472 -32.842281 70.907433
34.258213 -33.192322 70.045319
36.129360 -33.452644 69.010429
37.910721 -33.581608 67.802956
39.571232 -33.556702 66.439484
41.071743 -33.378780 64.939240
42.397224 -33.070999 63.341805
43.542770 -32.672703 61.679974
44.520721 -32.225567 59.985493
45.357262 -31.770653 58.289757
46.095844 -31.349804 56.626907
46.792068 -30.994495 55.027828
47.506092 -30.742262 53.525822
48.294441 -30.621946 52.163029
49.213165 -30.653067 51.009308
50.275665 -30.809916 50.130306
51.452751 -31.040447 49.555687
52.697590 -31.300856 49.251484
53.969791 -31.584255 49.126179
25.484091 -30.902758 72.019676
27.535616 -31.067139 71.727386
29.615187 -31.307785 71.374596
31.702206 -31.606323 70.920303
33.772324 -31.925900 70.317635
35.797028 -32.205017 69.529434
37.744755 -32.385651 68.543823
39.579941 -32.422844 67.363487
41.266937 -32.295677 66.009232
42.764442 -32.005756 64.507393
44.065842 -31.592892 62.905106
45.176487 -31.101637 61.237949
46.115330 -30.575289 59.537880
46.913387 -30.056652 57.835258
47.616104 -29.589491 56.163128
48.284866 -29.210205 54.551601
48.976223 -28.953850 53.035427
49.745270 -28.849819 51.659439
50.644753 -28.918736 50.498333
51.686855 -29.126741 49.619541
52.842056 -29.409866 49.044579
54.063946 -29.721647 48.726704
26.655777 -30.210140 71.031944
28.774294 -30.363216 70.767059
30.922602 -30.562759 70.455704
33.080429 -30.787373 70.057426
35.222809 -30.999458 69.525726
37.314392 -31.157860 68.810631
39.320435 -31.212557 67.893074
41.198112 -31.126602 66.766685
42.904758 -30.878119 65.451355
44.396873 -30.481491 63.972542
45.676758 -29.977753 62.385468
46.757442 -29.412291 60.728825
47.664055 -28.829948 59.034706
48.430882 -28.275047 57.332291
49.109558 -27.793015 55.652252
49.758743 -27.416782 54.026428
50.433701 -27.180290 52.491360
51.186600 -27.113424 51.094536
52.068344 -27.231960 49.914883
53.089695 -27.493721 49.019096
54.220490 -27.830320 48.420784
27.923786 -29.524031 69.992058
30.087593 -29.677530 69.721085
32.280548 -29.834547 69.418945
34.480263 -29.965069 69.046997
36.659538 -30.042288 68.558647
38.785072 -30.037952 67.905891
40.819984 -29.923115 67.061508
42.718613 -29.673103 66.012810
44.434460 -29.292316 64.762566
45.921680 -28.796368 63.329742
47.185726 -28.218615 61.775913
48.245579 -27.603075 60.142563
49.130939 -26.995523 58.462452
49.882351 -26.439243 56.761234
50.549042 -25.973721 55.071526
51.189232 -25.629635 53.427292
51.855816 -25.440218 51.867081
52.599117 -25.428627 50.441978
53.467068 -25.602932 49.233837
54.468239 -25.918621 48.305676
29.278677 -28.803768 68.927513
31.462271 -28.964706 68.615692
33.671913 -29.072851 68.290375
35.882935 -29.099783 67.914780
38.067291 -29.022532 67.445915
40.191711 -28.829174 66.838333
42.218647 -28.505844 66.065338
44.108959 -28.070755 65.101440
45.820732 -27.548000 63.934929
47.304642 -26.959187 62.569309
48.562531 -26.327404 61.064793
49.615955 -25.693089 59.465385
50.499146 -25.096407 57.799904
51.251133 -24.572634 56.098053
51.919937 -24.155386 54.394516
52.562862 -23.874353 52.725937
53.230534 -23.753410 51.134518
53.970772 -23.806801 49.674992
54.827911 -24.039242 48.429020
30.710632 -28.012754 67.860336
32.881180 -28.180132 67.469284
35.078117 -28.234467 67.091187
37.271217 -28.149073 66.685959
39.429142 -27.907560 66.213615
41.514267 -27.505489 65.633278
43.497231 -26.969536 64.916138
45.350296 -26.343788 64.031693
47.041069 -25.673283 62.957066
48.522892 -24.998222 61.674942
49.789036 -24.336487 60.234634
50.857334 -23.717327 58.670532
51.758385 -23.165937 57.018852
52.528996 -22.707691 55.312595
53.215450 -22.371622 53.589966
53.872997 -22.175724 51.892109
54.549728 -22.133522 50.265827
55.291489 -22.256096 48.767193
32.205818 -27.114140 66.808517
34.328232 -27.280161 66.304367
36.479874 -27.276709 65.842033
38.623596 -27.076569 65.380379
40.718468 -26.663935 64.880440
42.732052 -26.066048 64.305023
44.642147 -25.333662 63.622681
46.432064 -24.528543 62.801285
48.084038 -23.716883 61.811462
49.563725 -22.964233 60.621021
50.855598 -22.296188 59.245689
51.961617 -21.720673 57.719406
52.903255 -21.245472 56.080425
53.713070 -20.885416 54.366859
54.432022 -20.651287 52.622181
55.113728 -20.549006 50.894203
55.805538 -20.589066 49.232529
33.754246 -26.072989 65.801529
35.783653 -26.225019 65.144623
37.850792 -26.162582 64.562828
39.904701 -25.848091 64.012245
41.905602 -25.284235 63.460068
43.822544 -24.520113 62.865921
45.639004 -23.624683 62.193710
47.349995 -22.674627 61.409241
48.952316 -21.750149 60.481586
50.431309 -20.942616 59.360802
51.761021 -20.280293 58.046646
52.926193 -19.764160 56.559650
53.933601 -19.388277 54.936131
54.801483 -19.140707 53.217228
55.564903 -19.011929 51.454426
56.278908 -19.003021 49.701431
35.319561 -24.883757 64.832535
37.209743 -24.999725 63.993568
39.143051 -24.872231 63.255322
41.074284 -24.460447 62.590870
42.957985 -23.776613 61.964462
44.762672 -22.886246 61.329826
46.479198 -21.876148 60.643688
48.112747 -20.834282 59.868053
49.678101 -19.852789 58.963947
51.162342 -19.020081 57.883232
52.537346 -18.375048 56.612968
53.776928 -17.922966 55.162731
54.865479 -17.642059 53.559349
55.803108 -17.496780 51.844173
56.619736 -17.464155 50.074005
36.856358 -23.540010 63.884247
38.550369 -23.595825 62.836731
40.310486 -23.408482 61.920727
42.092766 -22.928205 61.119202
43.844868 -22.167473 60.395584
45.535656 -21.205151 59.696560
47.162292 -20.144365 58.967674
48.746162 -19.078907 58.167011
50.294785 -18.093182 57.251793
51.795391 -17.269699 56.178204
53.220932 -16.653011 54.930397
54.536140 -16.249296 53.509861
55.708054 -16.032919 51.933693
56.722271 -15.963074 50.237930
38.294117 -22.037704 62.919224
39.756439 -22.024710 61.665306
41.312782 -21.793325 60.557941
42.928734 -21.283928 59.596550
44.550358 -20.502766 58.750774
46.144333 -19.538208 57.957306
47.719433 -18.495934 57.158321
49.285229 -17.464882 56.302475
50.842205 -16.521252 55.347027
52.372765 -15.737472 54.253845
53.847073 -15.148955 53.009281
55.226940 -14.764527 51.611294
56.475384 -14.570789 50.069942
39.584538 -20.388599 61.918652
40.795753 -20.315786 60.473919
42.127678 -20.065355 59.168785
43.573727 -19.577024 58.024391
45.085075 -18.847382 57.022881
46.628193 -17.948124 56.110706
48.191216 -16.982960 55.213196
49.772106 -16.032543 54.277012
51.360538 -15.164105 53.260098
52.928463 -14.429056 52.132156
54.443562 -13.856146 50.879234
55.872498 -13.461065 49.498245
40.691978 -18.631369 60.853828
41.656910 -18.527237 59.237877
42.773083 -18.292786 57.740009
44.068279 -17.881401 56.392719
45.517128 -17.258097 55.220474
47.051697 -16.474585 54.166405
48.638325 -15.623963 53.151138
50.259384 -14.778948 52.118881
51.888924 -13.985733 51.033787
53.491688 -13.284714 49.867680
55.038692 -12.707817 48.603615
41.623505 -16.819092 59.707588
42.375599 -16.723061 57.938747
43.312389 -16.548517 56.251816
44.507729 -16.246836 54.709766
45.930939 -15.765488 53.353367
47.488758 -15.124456 52.143593
49.120564 -14.404087 50.997948
50.786942 -13.654501 49.867512
52.451687 -12.914096 48.715202
54.080399 -12.225336 47.511429
42.437077 -15.011205 58.470787
43.034573 -14.965310 56.561459
43.862736 -14.871455 54.711185
44.995659 -14.692185 52.983147
46.413868 -14.361883 51.440704
48.006145 -13.869198 50.066143
49.679497 -13.261080 48.791382
51.378151 -12.579361 47.566410
53.063770 -11.868102 46.348621
43.233810 -13.267173 57.137333
43.762070 -13.289086 55.113407
44.537788 -13.277071 53.123058
45.633133 -13.203168 51.230175
47.040813 -13.006081 49.506104
48.648567 -12.633182 47.972729
50.339397 -12.106001 46.575005
52.047703 -11.468930 45.257877
44.142956 -11.623776 55.721260
44.669441 -11.716936 53.608582
45.439632 -11.765571 51.510536
46.508347 -11.749847 49.482597
47.875660 -11.619901 47.601906
49.454357 -11.316897 45.920177
51.123447 -10.843910 44.399940
45.229935 -10.101036 54.251770
45.796051 -10.252867 52.077446
46.583881 -10.328524 49.900944
47.627689 -10.306062 47.775272
48.930275 -10.163033 45.771805
50.434723 -9.870328 43.953281
46.512413 -8.693984 52.772366
47.134323 -8.879272 50.563709
47.942440 -8.935358 48.340519
48.960663 -8.850693 46.153046
50.188690 -8.630519 44.062176
47.957497 -7.375154 51.329384
48.628849 -7.555643 49.111153
49.451363 -7.552802 46.867981
50.442547 -7.370819 44.650246
49.491699 -6.098896 49.961807
50.200661 -6.240532 47.754025
51.032124 -6.149617 45.516830
51.019550 -4.825291 48.687920
51.757286 -4.893624 46.510708
52.452724 -3.526778 47.514725
56.364841 -46.773399 46.474865
57.037529 -47.605244 44.978954
57.639786 -48.421707 43.248070
58.136204 -49.200947 41.345287
58.503487 -49.926670 39.319473
58.731113 -50.583702 37.216820
58.825542 -51.162407 35.075691
58.796738 -51.654129 32.921509
58.663216 -52.054192 30.771893
58.449055 -52.356781 28.637482
58.193970 -52.569351 26.520426
57.933701 -52.695999 24.418709
57.701698 -52.738571 22.329973
57.529270 -52.695026 20.254332
57.445251 -52.560158 18.196815
57.464417 -52.334694 16.165573
57.599499 -52.015274 14.172552
57.857979 -51.599697 12.232009
58.246662 -51.083694 10.363239
58.752464 -50.475372 8.577943
59.354759 -49.786278 6.880512
60.027992 -49.029659 5.267930
60.741413 -48.220821 3.728159
61.458237 -47.376099 2.240541
62.141792 -46.513695 0.774030
62.759468 -45.645767 -0.696536
63.282516 -44.780052 -2.190199
63.683773 -43.919914 -3.716226
63.952976 -43.065563 -5.266619
64.096230 -42.220612 -6.817006
64.125854 -41.402111 -8.322277
56.521515 -45.137684 47.013054
57.418663 -44.174385 46.223618
58.330303 -43.155766 45.327744
59.235764 -42.104553 44.354836
60.120823 -41.034313 43.320702
60.968788 -39.956978 42.236000
61.761509 -38.883087 41.108906
62.476562 -37.822380 39.942955
63.088398 -36.785694 38.740704
63.559143 -35.789246 37.502277
63.863609 -34.849709 36.232533
63.975807 -33.987961 34.936077
63.874405 -33.228012 33.619972
63.545059 -32.594742 32.294621
62.989304 -32.103779 30.973293
62.240990 -31.739952 29.665108
61.328033 -31.479599 28.372984
60.277451 -31.290829 27.095535
59.107136 -31.139221 25.831554
57.838783 -30.986391 24.584362
56.486851 -30.797768 23.366459
55.062225 -30.538055 22.199883
53.576923 -30.169077 21.114471
52.047913 -29.644859 20.147274
50.502571 -28.943518 19.311546
48.969982 -28.048729 18.608953
47.483021 -26.958990 18.022743
46.082603 -25.682096 17.521273
44.811462 -24.249941 17.054735
43.711941 -22.704071 16.576059
42.838860 -21.096567 16.051891
64.455559 -38.801903 -9.098332
64.662987 -36.792660 -8.494814
64.561607 -34.824326 -7.967504
64.081512 -33.009739 -7.609556
63.225388 -31.442720 -7.495348
62.102665 -30.140621 -7.614321
60.862053 -29.025146 -7.866629
59.635586 -27.991394 -8.125704
58.563828 -26.922430 -8.242555
57.871288 -25.705980 -8.030120
57.789669 -24.380672 -7.447761
58.336121 -23.093735 -6.631932
59.337574 -21.914293 -5.683527
60.602448 -20.845661 -4.617258
61.940788 -19.887329 -3.414933
63.173721 -19.046352 -2.063125
64.133293 -18.355385 -0.545492
64.635864 -17.877798 1.125399
64.456520 -17.733261 2.817615
63.573212 -17.982916 4.260567
62.135857 -18.586990 5.350498
60.281929 -19.477333 6.153945
58.109024 -20.578012 6.790785
55.698097 -21.789997 7.380563
53.155479 -22.976963 8.018375
50.578484 -23.991625 8.766636
48.078514 -24.669247 9.668729
45.806751 -24.814259 10.755429
43.955696 -24.288113 12.008283
42.709282 -23.099161 13.331837
42.172504 -21.407942 14.559441
57.282528 -45.903950 45.528770
57.929939 -46.696693 43.825161
58.468189 -47.471622 41.942467
58.885628 -48.207222 39.927822
59.172882 -48.886070 37.828457
59.329536 -49.493935 35.685314
59.361191 -50.019535 33.528431
59.278759 -50.454750 31.378550
59.098820 -50.792072 29.251694
58.849262 -51.032333 27.149574
58.565567 -51.180729 25.071106
58.280823 -51.240620 23.012142
58.025703 -51.212742 20.969797
57.829098 -51.095482 18.943361
57.721588 -50.890907 16.930679
57.718102 -50.597195 14.941511
57.833549 -50.210651 12.986646
58.076183 -49.724403 11.082299
58.456383 -49.135689 9.244322
58.959030 -48.449574 7.486801
59.561119 -47.675148 5.816299
60.235825 -46.824604 4.231236
60.952427 -45.909958 2.722947
61.677273 -44.960598 1.267698
62.375072 -43.993820 -0.161595
63.014755 -43.027348 -1.589656
63.568802 -42.073231 -3.034025
64.005180 -41.150600 -4.511933
64.303917 -40.271561 -6.023957
64.459198 -39.459244 -7.555700
58.160027 -44.938587 44.533482
58.763317 -45.711197 42.663231
59.239468 -46.458714 40.652592
59.589828 -47.160797 38.548035
59.815601 -47.800945 36.392109
59.916580 -48.363621 34.217384
59.900337 -48.838722 32.048565
59.776356 -49.215706 29.903803
59.564972 -49.493389 27.791592
59.289341 -49.670364 25.712168
58.982147 -49.751259 23.661716
58.672676 -49.738159 21.635353
58.386879 -49.632092 19.629612
58.152817 -49.440380 17.637901
58.000584 -49.165314 15.659329
57.947128 -48.806915 13.700371
58.007629 -48.359459 11.771496
58.198460 -47.818562 9.883963
58.536625 -47.174057 8.057178
59.006020 -46.424671 6.309026
59.581974 -45.575851 4.648785
60.236523 -44.634457 3.078994
60.943886 -43.621426 1.590492
61.672306 -42.564552 0.164956
62.387527 -41.487534 -1.224856
63.061478 -40.412045 -2.602007
63.665043 -39.367111 -3.993092
64.155502 -38.389198 -5.430142
64.497452 -37.509010 -6.928703
59.017986 -43.922112 43.485744
59.563847 -44.681572 41.487263
59.980255 -45.407692 39.379940
60.276249 -46.081749 37.208920
60.452728 -46.685982 35.009048
60.511112 -47.205387 32.809162
60.458344 -47.628265 30.630217
60.307575 -47.949814 28.484951
60.075291 -48.167309 26.378538
59.781200 -48.278221 24.310852
59.454136 -48.285721 22.276663
59.118034 -48.191406 20.270733
58.795929 -48.004932 18.285809
58.511703 -47.734280 16.316774
58.295292 -47.386982 14.360610
58.161720 -46.963593 12.421304
58.136387 -46.464882 10.503262
58.243256 -45.882519 8.617653
58.507538 -45.197372 6.786889
58.915157 -44.398972 5.033031
59.439751 -43.484566 3.370318
60.061008 -42.463684 1.804122
60.751728 -41.354847 0.330323
61.483109 -40.189892 -1.066259
62.222523 -38.996986 -2.411188
62.943100 -37.814190 -3.733466
63.609333 -36.686928 -5.071669
64.167503 -35.670227 -6.472140
59.856934 -42.875431 42.395897
60.342098 -43.626465 40.303810
60.706146 -44.335403 38.127949
60.956078 -44.983620 35.907207
61.093666 -45.553234 33.673531
61.119354 -46.027550 31.452770
61.043941 -46.400307 29.261786
60.877274 -46.665966 27.109661
60.633263 -46.821079 24.999790
60.327309 -46.860989 22.932459
59.983269 -46.787849 20.901655
59.620617 -46.610867 18.900574
59.257225 -46.339333 16.923328
58.913406 -45.985634 14.964476
58.613285 -45.559700 13.020337
58.379768 -45.072392 11.088752
58.244469 -44.525330 9.171885
58.238285 -43.907482 7.279727
58.398228 -43.192245 5.435365
58.714268 -42.355389 3.665782
59.174118 -41.387779 1.991216
59.753067 -40.293880 0.423079
60.424809 -39.093765 -1.038400
61.162903 -37.821201 -2.403138
61.935486 -36.520096 -3.700177
62.711342 -35.242752 -4.966473
63.448658 -34.046993 -6.249291
60.672623 -41.812546 41.276688
61.101391 -42.559036 39.120338
61.417885 -43.253426 36.895569
61.629093 -43.877171 34.638718
61.735462 -44.410408 32.378983
61.741116 -44.840874 30.139515
61.653820 -45.162811 27.933495
61.481285 -45.370579 25.768078
61.234417 -45.459160 23.645685
60.923401 -45.422165 21.566936
60.566700 -45.268368 19.525671
60.178425 -45.005829 17.516537
59.772095 -44.646698 15.534311
59.360634 -44.203182 13.574615
58.970337 -43.696369 11.631482
58.627056 -43.139748 9.700423
58.364964 -42.536774 7.781360
58.221600 -41.877686 5.881277
58.243713 -41.132168 4.021060
58.451691 -40.264519 2.231142
58.832497 -39.251835 0.539862
59.363155 -38.093178 -1.033942
60.016605 -36.807594 -2.482968
60.768387 -35.439949 -3.814769
61.580463 -34.047722 -5.063734
62.415977 -32.691887 -6.271811
61.454742 -40.744747 40.135468
61.829182 -41.489494 37.936100
62.102497 -42.170795 35.678814
62.279942 -42.768372 33.397228
62.366028 -43.265289 31.117926
62.361649 -43.650417 28.860920
62.272667 -43.919044 26.637451
62.104488 -44.064690 24.453320
61.864330 -44.081196 22.310204
61.555336 -43.967857 20.210001
61.190765 -43.731918 18.148090
60.779961 -43.383377 16.120630
60.329842 -42.932724 14.124012
59.852898 -42.400875 12.154568
59.374428 -41.810276 10.206458
58.920856 -41.174835 8.273668
58.527039 -40.500187 6.354135
58.229225 -39.778534 4.451943
58.103870 -38.989262 2.580602
58.184273 -38.086502 0.771527
58.471996 -37.033611 -0.939242
58.947666 -35.818588 -2.522018
59.586365 -34.462868 -3.960992
60.356430 -33.019932 -5.262170
61.210007 -31.556044 -6.463909
62.182281 -39.682011 38.973980
62.504723 -40.425758 36.749733
62.737309 -41.092117 34.474152
62.890312 -41.661858 32.177616
62.965054 -42.119526 29.883503
62.960510 -42.455608 27.610199
62.880550 -42.665703 25.367659
62.727833 -42.742863 23.160563
62.503120 -42.686893 20.991119
62.203011 -42.495205 18.863167
61.835766 -42.176605 16.774223
61.405163 -41.738960 14.722477
60.915768 -41.200363 12.707067
60.378822 -40.581490 10.725432
59.817398 -39.903507 8.772046
59.258770 -39.179787 6.839850
58.733467 -38.413837 4.926388
58.294479 -37.609528 3.029069
58.018467 -36.752209 1.155106
57.960400 -35.799072 -0.668575
58.140236 -34.703304 -2.400473
58.557365 -33.443638 -3.997636
59.182190 -32.037182 -5.432836
59.970734 -30.539410 -6.707716
62.832127 -38.632835 37.794006
63.101868 -39.374157 35.562332
63.301373 -40.022430 33.280857
63.437462 -40.560181 30.977156
63.510044 -40.973541 28.672823
63.516209 -41.254089 26.384996
63.457729 -41.397968 24.122730
63.330658 -41.404633 21.890640
63.130695 -41.272690 19.692137
62.847218 -41.000786 17.533377
62.483986 -40.595379 15.414510
62.039925 -40.071358 13.337992
61.518372 -39.446465 11.304884
60.928970 -38.739304 9.313756
60.293068 -37.969257 7.359375
59.636490 -37.144897 5.435218
59.000862 -36.279053 3.533460
58.435566 -35.373600 1.648799
58.018803 -34.423954 -0.218936
57.816086 -33.397182 -2.050600
57.880535 -32.252945 -3.805259
58.231544 -30.959835 -5.425605
58.835663 -29.521885 -6.867590
63.374058 -37.606941 36.599037
63.596924 -38.341381 34.374733
63.769020 -38.966328 32.097904
63.895935 -39.465652 29.794664
63.976608 -39.826588 27.485416
64.006599 -40.042057 25.186068
63.980930 -40.115623 22.905209
63.890694 -40.046272 20.648611
63.725769 -39.834187 18.421394
63.469517 -39.475670 16.232044
63.118435 -38.983929 14.085979
62.669380 -38.373550 11.988676
62.124680 -37.660347 9.943110
61.492786 -36.861179 7.949025
60.792217 -35.990345 6.002430
60.057869 -35.064411 4.091887
59.329678 -34.091339 2.207815
58.657898 -33.075001 0.341228
58.115227 -32.014114 -1.512911
57.779327 -30.896332 -3.346913
57.725876 -29.695309 -5.124866
57.995731 -28.374435 -6.778435
63.776802 -36.616920 35.386417
63.954300 -37.339432 33.184155
64.103271 -37.934151 30.923775
64.228783 -38.385544 28.630739
64.329697 -38.682182 26.324272
64.395279 -38.825748 24.018602
64.415382 -38.820557 21.724049
64.375328 -38.667858 19.447475
64.260887 -38.365616 17.195841
64.043739 -37.917622 14.981811
63.716881 -37.336720 12.815120
63.275578 -36.635712 10.704266
62.721077 -35.829006 8.654340
62.060028 -34.929138 6.667190
61.314827 -33.958607 4.734453
60.521717 -32.928547 2.842936
59.721874 -31.847099 0.979947
58.963020 -30.715841 -0.865615
58.319942 -29.543152 -2.705544
57.873089 -28.328735 -4.538735
57.702763 -27.058544 -6.336215
64.012390 -35.678707 34.158619
64.146278 -36.382072 31.991627
64.277199 -36.936214 29.759272
64.411133 -37.325890 27.486868
64.542854 -37.548714 25.190565
64.656364 -37.608936 22.886318
64.735649 -37.514168 20.585798
64.763252 -37.263844 18.297514
64.712921 -36.864479 16.030731
64.547989 -36.320900 13.801031
64.258850 -35.643806 11.622726
63.839005 -34.844704 9.507606
63.289036 -33.934189 7.463912
62.616043 -32.934158 5.489983
61.842819 -31.861855 3.576033
61.008686 -30.728182 1.705687
60.153870 -29.538445 -0.135821
59.328850 -28.300776 -1.965122
58.607647 -27.027569 -3.796870
58.067562 -25.721762 -5.631867
64.054512 -34.812901 32.918457
64.146484 -35.488392 30.799326
64.265747 -35.988682 28.606602
64.416214 -36.306187 26.362453
64.588379 -36.441742 24.085960
64.761414 -36.404732 21.793447
64.917328 -36.201305 19.499506
65.026649 -35.841530 17.212517
65.055428 -35.334034 14.943537
64.958954 -34.683922 12.710039
64.724091 -33.899971 10.531186
64.343643 -32.989773 8.423220
63.814308 -31.974583 6.392334
63.145844 -30.871475 4.436388
62.361481 -29.697641 2.542793
61.502804 -28.460854 0.692812
60.611252 -27.171961 -1.133907
59.738411 -25.841425 -2.956434
58.954784 -24.479984 -4.788600
63.881931 -34.044216 31.671579
63.935356 -34.682430 29.611122
64.049408 -35.120407 27.462940
64.222321 -35.353714 25.255390
64.442101 -35.387779 23.008820
64.687851 -35.231411 20.742815
64.930870 -34.903252 18.470919
65.134727 -34.417530 16.202465
65.259712 -33.784306 13.949118
65.251663 -33.011269 11.727779
65.094765 -32.102119 9.563256
64.770493 -31.077185 7.470504
64.279869 -29.952259 5.457656
63.633286 -28.744984 3.521094
62.855217 -27.469435 1.646286
61.988956 -26.137854 -0.191159
61.076862 -24.762199 -2.013998
60.170387 -23.350735 -3.840575
63.483177 -33.399494 30.425201
63.505058 -33.996727 28.423817
63.617939 -34.365620 26.324392
63.816780 -34.505165 24.159071
64.090599 -34.418602 21.953804
64.411911 -34.127529 19.727037
64.746651 -33.656113 17.494898
65.055252 -33.021477 15.267526
65.293114 -32.237583 13.054888
65.400787 -31.313145 10.871356
65.340668 -30.268898 8.735850
65.095345 -29.118849 6.667565
64.664268 -27.879448 4.675764
64.059929 -26.565306 2.757072
63.305458 -25.194624 0.892538
62.447163 -23.778831 -0.944121
61.528980 -22.326576 -2.774973
62.868191 -32.898087 29.179504
62.864090 -33.454334 27.236540
62.979755 -33.751686 25.184887
63.208515 -33.786438 23.065044
63.534668 -33.571747 20.904119
63.927845 -33.134293 18.725895
64.352364 -32.501129 16.550455
64.767891 -31.693010 14.389189
65.132271 -30.723633 12.253022
65.365799 -29.629930 10.136274
65.425858 -28.429922 8.054665
65.285156 -27.141176 6.024904
64.940590 -25.777636 4.058280
64.398743 -24.358873 2.150448
63.684437 -22.900461 0.284337
62.850002 -21.407661 -1.564011
62.070282 -32.525436 27.942448
62.048466 -33.040760 26.051712
62.173912 -33.260239 24.044439
62.434143 -33.187645 21.964655
62.810081 -32.840229 19.847437
63.271404 -32.246605 17.723682
63.781712 -31.437120 15.617982
64.304825 -30.429981 13.548681
64.785469 -29.266161 11.512622
65.148323 -27.984091 9.495409
65.340645 -26.611290 7.497607
65.327927 -25.166862 5.528309
65.090218 -23.675125 3.591088
64.627777 -22.154240 1.686946
63.969608 -20.611328 -0.191727
61.116978 -32.258667 26.713390
61.085354 -32.731220 24.868170
61.224834 -32.872238 22.895531
61.516514 -32.690723 20.850166
61.940613 -32.205299 18.776127
62.467270 -31.446659 16.711830
63.062614 -30.442736 14.691267
63.679558 -29.238163 12.724315
64.266823 -27.872492 10.808896
64.750877 -26.394165 8.918302
65.079079 -24.834532 7.038321
65.201035 -23.229692 5.152014
65.082550 -21.608162 3.253834
64.717865 -19.982666 1.352656
60.031994 -32.066368 25.491695
59.995949 -32.497047 23.679863
60.150818 -32.559544 21.734013
60.474033 -32.265869 19.719717
60.945858 -31.636074 17.689938
61.539379 -30.697702 15.694445
62.210178 -29.504698 13.762739
62.912701 -28.101437 11.908442
63.594032 -26.536747 10.125090
64.186913 -24.861177 8.381828
64.633827 -23.123331 6.637569
64.879921 -21.364998 4.852818
64.886627 -19.611889 3.012932
58.829197 -31.916065 24.271448
58.788330 -32.309219 22.484589
58.957973 -32.294106 20.560690
59.312580 -31.884972 18.576405
59.834835 -31.098654 16.597006
60.489037 -29.986618 14.671953
61.230103 -28.605391 12.834991
62.008778 -27.009760 11.097613
62.772469 -25.252512 9.452908
63.450203 -23.401499 7.853153
63.986328 -21.509495 6.241992
64.334068 -19.611952 4.572671
57.525330 -31.768604 23.059862
57.477421 -32.126953 21.293188
57.661530 -32.032578 19.389494
58.050957 -31.497169 17.440022
58.620491 -30.558777 15.513371
59.333424 -29.273447 13.665037
60.139229 -27.710680 11.926887
60.986393 -25.931366 10.309878
61.813965 -24.008194 8.791233
62.551731 -22.013844 7.313473
63.151073 -19.995029 5.819753
56.131924 -31.587622 21.873341
56.074173 -31.911463 20.124645
56.275139 -31.729742 18.243816
56.697910 -31.070692 16.331358
57.314514 -29.979990 14.463953
58.082870 -28.527878 12.697416
58.948074 -26.793550 11.061780
59.848400 -24.859715 9.552350
60.719273 -22.806738 8.134173
61.496063 -20.701321 6.752052
54.658558 -31.335354 20.736618
54.589176 -31.620895 19.006384
54.805874 -31.352945 17.148668
55.262417 -30.570181 15.278071
55.924252 -29.333755 13.474862
56.744217 -27.726425 11.793837
57.655182 -25.852196 10.248653
58.589752 -23.803520 8.820889
59.485138 -21.657854 7.473155
53.116531 -30.970528 19.681873
53.033012 -31.217072 17.967289
53.264709 -30.864052 16.133995
53.753761 -29.964592 14.307851
54.458179 -28.595694 12.571247
55.317459 -26.867060 10.963887
56.256157 -24.896149 9.483159
57.206825 -22.774637 8.104993
51.526978 -30.443991 18.741207
51.422752 -30.654192 17.040178
51.665306 -30.225241 15.228697
52.183697 -29.224493 13.445108
52.919426 -27.758902 11.761772
53.800625 -25.955765 10.201000
54.749058 -23.935810 8.750087
49.918972 -29.733143 17.926689
49.789829 -29.908213 16.233826
50.039459 -29.414276 14.439095
50.577049 -28.343653 12.684691
51.327877 -26.825912 11.028783
52.213928 -24.996044 9.480482
48.324547 -28.822084 17.235445
48.166294 -28.965059 15.541537
48.413345 -28.427849 13.750446
48.954437 -27.324509 12.002284
49.703651 -25.799057 10.341996
46.779526 -27.710114 16.644894
46.588085 -27.825335 14.936392
46.818962 -27.265018 13.132277
47.347008 -26.160856 11.366040
45.333920 -26.402151 16.118399
45.106750 -26.481684 14.383821
45.308010 -25.900749 12.555713
44.042030 -24.918467 15.610330
43.788334 -24.921515 13.849380
42.961391 -23.268831 15.087711
41.841770 -19.063128 14.226088
41.681171 -18.374870 12.646063
41.778160 -17.529816 10.879509
42.083488 -16.560728 8.996236
42.546192 -15.494226 7.043968
43.111088 -14.354203 5.065810
43.725883 -13.157951 3.095993
44.347984 -11.911523 1.158468
44.939034 -10.615805 -0.729470
45.462105 -9.266060 -2.551618
45.899136 -7.864716 -4.301331
46.245811 -6.414959 -5.972809
46.509785 -4.922225 -7.562127
46.707142 -3.393253 -9.067725
46.859055 -1.836118 -10.494417
46.984459 -0.260431 -11.861168
47.089035 1.326683 -13.190397
47.165829 2.918519 -14.510503
47.190468 4.507582 -15.855469
47.128757 6.084553 -17.255337
46.943356 7.637322 -18.727243
46.597176 9.148340 -20.275040
46.058098 10.592014 -21.888008
45.297249 11.926453 -23.540291
44.325386 13.112795 -25.192694
43.155758 14.102110 -26.804251
41.815235 14.844290 -28.329823
40.341759 15.283522 -29.714664
38.796974 15.399664 -30.912464
37.248611 15.214388 -31.897715
35.771355 14.777248 -32.656780
42.436626 56.408707 6.033194
43.702454 54.760490 5.747626
44.991970 52.923157 5.525336
46.304241 50.956764 5.413556
47.641788 48.904037 5.450912
48.986412 46.802429 5.653710
50.297363 44.679214 6.002628
51.520126 42.548515 6.458697
52.591103 40.417572 6.957468
53.423145 38.294617 7.399600
53.951580 36.203754 7.671453
54.129005 34.183914 7.680311
53.951126 32.259827 7.377184
53.460552 30.410170 6.766175
52.744247 28.561699 5.927853
51.918926 26.627644 5.028147
51.080368 24.531881 4.250593
50.308498 22.227478 3.774282
49.665554 19.709352 3.757830
49.158031 17.031206 4.231216
48.746624 14.233845 5.136097
48.371246 11.326644 6.374407
47.966652 8.296813 7.826635
47.471825 5.124351 9.361054
46.862762 1.828359 10.850000
46.143127 -1.544362 12.195298
45.342880 -4.922936 13.326229
44.509579 -8.231746 14.199443
43.706387 -11.414885 14.823172
43.004845 -14.429492 15.229952
42.492867 -17.202528 15.445180
41.680264 57.584557 4.441425
42.206448 57.237732 2.353261
42.801582 56.712822 0.199087
43.428471 56.009010 -1.964757
44.035870 55.122520 -4.102343
44.560169 54.056866 -6.177082
44.947357 52.827469 -8.149355
45.152489 51.446198 -9.968471
45.146275 49.930901 -11.575614
44.907463 48.305531 -12.895306
44.462006 46.619507 -13.911237
43.835201 44.916145 -14.651418
43.045563 43.226643 -15.188213
42.100983 41.566475 -15.618528
41.010380 39.934761 -16.037640
39.809830 38.312420 -16.496784
38.550880 36.665913 -17.001286
37.309288 34.948509 -17.529266
36.190407 33.103245 -18.052155
35.293488 31.101170 -18.560961
34.679398 28.946833 -19.074547
34.366287 26.667530 -19.626999
34.329254 24.306238 -20.256966
34.512508 21.922897 -21.009632
34.824409 19.596897 -21.923534
35.188450 17.431782 -23.056631
35.524166 15.571536 -24.472441
35.730972 14.228855 -26.200104
35.713974 13.555772 -28.106987
35.454845 13.476740 -29.989767
35.006248 13.776434 -31.718157
42.014137 -16.401037 14.074001
41.802490 -15.604595 12.468313
41.832706 -14.737926 10.701196
42.057491 -13.792444 8.832360
42.430706 -12.771855 6.908410
42.902443 -11.681980 4.966846
43.415062 -10.535729 3.039633
43.923595 -9.337360 1.146550
44.380280 -8.092526 -0.694784
44.763905 -6.795069 -2.477857
45.058056 -5.454554 -4.193545
45.265068 -4.079038 -5.835417
45.399471 -2.679349 -7.398775
45.487473 -1.267464 -8.882463
45.564133 0.157476 -10.294423
45.642586 1.581457 -11.650505
45.725193 2.997575 -12.972047
45.798393 4.388706 -14.285059
45.830738 5.764211 -15.622556
45.780510 7.118246 -17.010889
45.607658 8.439260 -18.463242
45.275860 9.712370 -19.979380
44.757278 10.906909 -21.541954
44.026318 12.015630 -23.131069
43.095959 12.985808 -24.705156
41.980984 13.769923 -26.224283
40.713192 14.311801 -27.640261
39.328171 14.573881 -28.909460
37.881264 14.548176 -30.002691
36.429592 14.261198 -30.919128
42.471218 -13.513493 13.854104
42.181992 -12.653861 12.271436
42.118217 -11.772515 10.547371
42.239986 -10.840969 8.737875
42.510742 -9.844434 6.879651
42.876587 -8.781266 5.007692
43.277416 -7.658895 3.151230
43.659279 -6.482270 1.332041
43.988853 -5.254214 -0.442978
44.243103 -3.977723 -2.166631
44.410427 -2.666369 -3.827878
44.498661 -1.333020 -5.419314
44.530869 0.006735 -6.937159
44.544571 1.343371 -8.387086
44.568985 2.667960 -9.776159
44.615177 3.967364 -11.119638
44.678391 5.224595 -12.437992
44.736115 6.434730 -13.757058
44.748650 7.606109 -15.103361
44.670532 8.734065 -16.496258
44.461544 9.809071 -17.942823
44.087818 10.808262 -19.435064
43.535027 11.734735 -20.958569
42.790344 12.573239 -22.492582
41.866547 13.276704 -24.001158
40.780781 13.791639 -25.444496
39.561535 14.080829 -26.785353
38.238430 14.122583 -27.989531
36.857452 13.910342 -29.043644
43.098480 -10.433792 13.508394
42.705917 -9.530032 12.009650
42.521095 -8.634931 10.384140
42.520622 -7.707384 8.674764
42.669064 -6.722314 6.916472
42.913170 -5.669834 5.141422
43.183247 -4.553808 3.384494
43.439838 -3.375555 1.654259
43.647919 -2.142282 -0.038993
43.787079 -0.863618 -1.688363
43.850021 0.442764 -3.280618
43.852516 1.759341 -4.809461
43.827126 3.069501 -6.279371
43.804619 4.356486 -7.694800
43.809185 5.605268 -9.064644
43.845455 6.795543 -10.404487
43.897617 7.916633 -11.736197
43.931526 8.964761 -13.080633
43.900600 9.945119 -14.456097
43.758095 10.855577 -15.873235
43.463043 11.679695 -17.330074
43.000996 12.424206 -18.813042
42.367474 13.079255 -20.305244
41.564468 13.632301 -21.788073
40.606609 14.030990 -23.230988
39.515617 14.241662 -24.606064
38.317242 14.240467 -25.887735
37.038147 14.010236 -27.052471
43.808853 -7.182703 13.004720
43.289249 -6.231223 11.649946
42.963501 -5.316285 10.167668
42.815971 -4.387417 8.597438
42.819397 -3.407717 6.969357
42.914154 -2.358360 5.323105
43.046745 -1.235265 3.679626
43.174671 -0.041535 2.052908
43.265480 1.211892 0.454635
43.303036 2.509259 -1.108037
43.286922 3.827758 -2.622217
43.241844 5.145675 -4.090909
43.194382 6.441171 -5.516433
43.169895 7.691764 -6.905559
43.183720 8.871940 -8.268909
43.226658 9.964752 -9.624596
43.269135 10.960546 -10.990417
43.267326 11.855324 -12.381939
43.168560 12.653061 -13.808475
42.923370 13.346132 -15.271367
42.512142 13.944130 -16.755806
41.930023 14.442952 -18.244734
41.186325 14.833598 -19.719786
40.293221 15.092213 -21.160748
39.275803 15.183982 -22.547194
38.158649 15.085143 -23.860050
36.967522 14.769031 -25.080629
44.542992 -3.775168 12.300428
43.888020 -2.754297 11.131972
43.400307 -1.805377 9.838001
43.080009 -0.869543 8.445278
42.902145 0.104525 6.988188
42.832958 1.154675 5.487895
42.814716 2.289557 3.975444
42.807068 3.505086 2.467491
42.780987 4.786214 0.977785
42.729042 6.110513 -0.488712
42.660267 7.448223 -1.928567
42.593605 8.772246 -3.341523
42.551140 10.055107 -4.732082
42.550606 11.264738 -6.108943
42.589890 12.374212 -7.486491
42.643562 13.368023 -8.879247
42.669724 14.236510 -10.301241
42.615303 14.976211 -11.762211
42.419449 15.583675 -13.263100
42.052750 16.074827 -14.787232
41.506542 16.451042 -16.315632
40.790958 16.709883 -17.827883
39.924461 16.832901 -19.303856
38.936188 16.807936 -20.723095
37.855659 16.607880 -22.069548
36.708313 16.203009 -23.324396
45.254280 -0.263910 11.353657
44.466263 0.865262 10.401041
43.808128 1.881301 9.332511
43.283981 2.842950 8.169559
42.908836 3.818523 6.909946
42.655952 4.868645 5.581297
42.471226 6.012240 4.220907
42.317604 7.245878 2.849216
42.173985 8.549799 1.479483
42.047737 9.894587 0.104676
41.941284 11.243161 -1.265823
41.870201 12.561983 -2.633401
41.850468 13.814074 -4.003931
41.883873 14.965187 -5.390379
41.949364 15.988224 -6.803939
42.006569 16.867847 -8.256048
42.001324 17.594606 -9.756696
41.869579 18.158329 -11.310769
41.563831 18.577164 -12.898218
41.066265 18.860466 -14.496565
40.384335 19.012964 -16.082174
39.538078 19.025505 -17.633549
38.562943 18.892242 -19.128462
37.493717 18.603449 -20.543299
36.359226 18.125660 -21.860245
45.893013 3.262876 10.191869
44.984024 4.537232 9.460625
44.154327 5.674071 8.652102
43.434227 6.709004 7.741968
42.851696 7.711802 6.714506
42.400421 8.766584 5.587430
42.035404 9.911581 4.403111
41.729446 11.147718 3.181991
41.478809 12.454881 1.925932
41.287880 13.798396 0.635165
41.155495 15.133167 -0.679706
41.091782 16.415012 -2.020276
41.099697 17.605186 -3.396352
41.163063 18.669493 -4.817019
41.243832 19.579523 -6.290776
41.286972 20.319342 -7.826116
41.225319 20.872112 -9.430444
41.003139 21.250156 -11.087837
40.581062 21.466051 -12.770948
39.957245 21.534039 -14.450715
39.150063 21.455046 -16.102993
38.196388 21.233738 -17.702503
37.135754 20.866766 -19.224594
36.001503 20.331711 -20.639227
46.427116 6.711359 8.875259
45.408211 8.159411 8.369355
44.439976 9.461949 7.810606
43.548832 10.634851 7.168313
42.768112 11.719950 6.404058
42.113068 12.802922 5.511942
41.561558 13.945226 4.525180
41.113892 15.164062 3.447452
40.763351 16.444368 2.294365
40.517139 17.751764 1.069180
40.367302 19.029463 -0.214013
40.314621 20.233410 -1.559268
40.344540 21.324400 -2.970604
40.425079 22.266306 -4.453780
40.502148 23.029352 -6.014759
40.506165 23.588539 -7.661409
40.372845 23.950840 -9.380029
40.053288 24.124205 -11.148705
39.519768 24.128210 -12.931098
38.781410 23.975752 -14.696982
37.872795 23.683300 -16.416958
36.834579 23.256655 -18.063244
35.703033 22.679588 -19.606983
46.849682 10.019985 7.515892
45.746120 11.628019 7.213752
44.674084 13.110493 6.890227
43.652863 14.464800 6.508692
42.708088 15.698790 6.017684
41.867241 16.861467 5.377075
41.151104 18.018007 4.576687
40.571270 19.208248 3.629002
40.130428 20.432726 2.554421
39.835884 21.658056 1.363313
39.673725 22.835018 0.072064
39.627583 23.919807 -1.314137
39.667580 24.870716 -2.794527
39.747074 25.649874 -4.371754
39.796490 26.218506 -6.051612
39.744469 26.576712 -7.821189
39.530518 26.727350 -9.661503
39.114891 26.687767 -11.541868
38.477493 26.479576 -13.422730
37.642406 26.132721 -15.266709
36.648430 25.663246 -17.041937
35.532433 25.062666 -18.717314
47.201416 13.147078 6.229227
46.039787 14.878150 6.118748
44.900574 16.509335 6.008807
43.796635 18.033579 5.858278
42.745308 19.440329 5.604046
41.782253 20.729961 5.165829
40.939651 21.947685 4.521533
40.250286 23.130192 3.670797
39.729900 24.285437 2.634826
39.395084 25.401649 1.429386
39.218262 26.443588 0.086637
39.169003 27.369652 -1.380318
39.203926 28.138231 -2.965931
39.261765 28.703239 -4.671906
39.266991 29.055229 -6.482158
39.147934 29.190290 -8.380013
38.849091 29.122948 -10.337486
38.335094 28.876554 -12.319693
37.598209 28.492977 -14.277663
36.667786 28.000326 -16.171568
35.578903 27.398663 -17.966938
47.548420 16.117659 5.152968
46.356918 17.930885 5.218987
45.183296 19.664902 5.292447
44.038368 21.311543 5.318183
42.939960 22.847824 5.209448
41.917248 24.258125 4.890657
41.008381 25.554602 4.326067
40.254814 26.749905 3.505273
39.687607 27.848001 2.445423
39.324516 28.849092 1.176559
39.132931 29.735327 -0.259931
39.072384 30.472189 -1.844077
39.086399 31.013355 -3.567533
39.106178 31.347412 -5.408032
39.050949 31.464905 -7.346161
38.850063 31.376049 -9.356685
38.447823 31.105215 -11.405960
37.818008 30.701658 -13.448254
36.960693 30.205088 -15.434309
35.903278 29.625307 -17.322647
47.959751 18.942610 4.391858
46.767826 20.794706 4.598313
45.592945 22.580299 4.791585
44.447025 24.289911 4.895379
43.347813 25.901997 4.829384
42.323467 27.389736 4.520672
41.413811 28.739086 3.927302
40.659504 29.936163 3.042834
40.089146 30.977140 1.893460
39.719170 31.858921 0.514366
39.518845 32.574841 -1.050916
39.439259 33.090981 -2.778547
39.416767 33.400360 -4.634350
39.375492 33.496490 -6.592842
39.232212 33.389805 -8.627240
38.910954 33.106155 -10.704800
38.362843 32.701168 -12.782368
37.570602 32.225067 -14.815400
36.537811 31.695354 -16.756439
48.495285 21.608286 4.013981
47.331356 23.453241 4.281988
46.183933 25.242409 4.488465
45.069733 26.964050 4.558381
44.009968 28.594234 4.415891
43.037476 30.095108 3.988611
42.185223 31.435698 3.254634
41.483261 32.591049 2.224053
40.952129 33.547256 0.927296
40.600773 34.292973 -0.598262
40.396915 34.816490 -2.311480
40.285919 35.121616 -4.164083
40.198689 35.211025 -6.120166
40.055511 35.101898 -8.147117
39.765591 34.825935 -10.212895
39.258907 34.446220 -12.277859
38.499004 34.019024 -14.303358
37.471184 33.575809 -16.243397
49.191925 24.074478 4.026259
48.077579 25.878391 4.236943
46.982483 27.632132 4.333141
45.928684 29.318790 4.242424
44.945488 30.902683 3.888155
44.060295 32.342106 3.234244
43.297813 33.601891 2.280740
42.677464 34.654037 1.048016
42.207863 35.480820 -0.429056
41.884342 36.060780 -2.113415
41.665356 36.408085 -3.945954
41.493191 36.533649 -5.881763
41.294548 36.463108 -7.879623
40.979572 36.238041 -9.901941
40.466152 35.923744 -11.916337
39.699337 35.585205 -13.888224
38.647305 35.260166 -15.775187
50.036270 26.311672 4.369591
48.992794 28.051994 4.390346
47.972336 29.739119 4.244836
47.005398 31.340071 3.856409
46.116196 32.817543 3.194910
45.327660 34.132133 2.253183
44.657875 35.252007 1.042447
44.115810 36.154831 -0.409078
43.696205 36.822411 -2.066686
43.376148 37.256912 -3.875458
43.108086 37.471821 -5.786575
42.827080 37.495144 -7.752355
42.446278 37.375633 -9.726826
41.881546 37.182838 -11.671843
41.069538 36.976116 -13.560808
39.962761 36.803596 -15.351994
50.966892 28.336203 4.891475
50.012905 29.998726 4.603087
49.087273 31.584127 4.090511
48.214668 33.058685 3.331276
47.417191 34.389286 2.326690
46.715370 35.545204 1.083803
46.120281 36.505367 -0.379950
45.629589 37.254299 -2.037474
45.220726 37.800488 -3.836774
44.860741 38.141117 -5.734607
44.490273 38.302551 -7.681300
44.026134 38.333588 -9.623909
43.382553 38.303783 -11.512783
42.493061 38.271465 -13.311400
41.308220 38.271530 -14.986324
51.899746 30.195717 5.435055
51.051880 31.756227 4.729554
50.223827 33.213093 3.801383
49.439991 34.538609 2.658422
48.722183 35.710278 1.316545
48.087585 36.711411 -0.209027
47.538486 37.532738 -1.904902
47.057056 38.184414 -3.725446
46.610497 38.671860 -5.634248
46.151390 38.999020 -7.583831
45.597649 39.211670 -9.518669
44.863239 39.371380 -11.377920
43.880253 39.531509 -13.110739
42.599464 39.722401 -14.672234
52.734478 31.954565 5.836145
51.991684 33.397739 4.695474
51.255688 34.717339 3.364134
50.551090 35.898178 1.863415
49.897182 36.933006 0.217723
49.304413 37.818638 -1.560781
48.761269 38.569672 -3.438697
48.240078 39.192726 -5.387589
47.693592 39.699680 -7.367074
47.050426 40.106476 -9.319542
46.224285 40.465225 -11.178378
45.148388 40.817924 -12.881390
43.775856 41.189022 -14.371937
53.334576 33.710712 6.026085
52.689445 35.040600 4.491850
52.037743 36.240105 2.806729
51.400040 37.310543 1.000538
50.788166 38.258945 -0.904564
50.199837 39.101860 -2.873467
49.615551 39.850384 -4.889380
48.995079 40.513779 -6.918995
48.269703 41.110977 -8.911684
47.365707 41.656525 -10.797215
46.217018 42.184006 -12.510284
44.778576 42.710735 -13.987323
53.603523 35.550320 5.973469
53.040592 36.788589 4.118548
52.456253 37.904915 2.154601
51.862240 38.915115 0.110095
51.257137 39.842033 -1.971360
50.632568 40.696949 -4.069370
49.959366 41.491566 -6.160829
49.181145 42.237263 -8.203426
48.230930 42.947498 -10.137723
47.049049 43.624283 -11.897720
45.587082 44.283432 -13.418678
53.490971 37.500916 5.692138
52.984066 38.676636 3.605081
52.438690 39.750008 1.447719
51.854107 40.750492 -0.735353
51.224335 41.695225 -2.916242
50.532204 42.593773 -5.070038
49.737324 43.457813 -7.164351
48.784809 44.293556 -9.151889
47.618992 45.104141 -10.980944
46.184662 45.881157 -12.585657
52.998245 39.538361 5.238050
52.517910 40.677296 3.009846
51.980316 41.743816 0.760163
51.381233 42.762657 -1.480488
50.707886 43.748032 -3.684638
49.932724 44.707928 -5.821543
49.014595 45.649166 -7.855254
47.903999 46.569679 -9.746302
46.549217 47.463150 -11.446373
52.177425 41.622787 4.699361
51.699162 42.751740 2.419786
51.151482 43.833187 0.150806
50.524979 44.889503 -2.079151
49.798813 45.932404 -4.240321
48.940369 46.963936 -6.302899
47.910141 47.982628 -8.237687
46.659698 48.978203 -10.008789
51.100266 43.737316 4.179040
50.611526 44.874413 1.908642
50.044445 45.987564 -0.323628
49.382957 47.096607 -2.487532
48.600349 48.206406 -4.557468
47.661739 49.309647 -6.511835
46.526985 50.396858 -8.324741
49.863205 45.867268 3.747355
49.357208 47.027306 1.527589
48.763256 48.185310 -0.625846
48.058331 49.354504 -2.687075
47.212151 50.529404 -4.639419
46.187527 51.693878 -6.465975
48.533676 48.001038 3.454203
48.003944 49.193623 1.317333
47.371815 50.401661 -0.729499
46.609112 51.627586 -2.667549
45.683578 52.855164 -4.485396
47.166035 50.117596 3.330386
46.600002 51.344967 1.296160
45.909782 52.598679 -0.627963
45.064617 53.868004 -2.426904
45.795776 52.181011 3.383932
45.171009 53.436615 1.464557
44.390327 54.722702 -0.318937
44.434498 54.145782 3.594499
43.715504 55.417610 1.812537
43.070389 55.964554 3.939749
19.421204 -42.973862 74.717262
19.866482 -44.737373 74.021759
20.308596 -46.582016 73.293571
20.732346 -48.442993 72.564140
21.118504 -50.286835 71.840469
21.442497 -52.103867 71.111855
21.685886 -53.900162 70.359619
21.837658 -55.683403 69.562576
21.900803 -57.456882 68.699699
21.893383 -59.215282 67.746368
21.858644 -60.946625 66.692520
21.842171 -62.636528 65.529900
21.887489 -64.271523 64.249695
22.031654 -65.841309 62.836277
22.300117 -67.344879 61.263237
22.694109 -68.802185 59.511093
23.213303 -70.246803 57.552841
23.853710 -71.725517 55.366535
24.608879 -73.293571 52.932934
25.442879 -74.981621 50.281456
26.296329 -76.785706 47.468643
27.090700 -78.677780 44.563293
27.737148 -80.616257 41.635628
28.143440 -82.552811 38.753250
28.280048 -84.444901 35.964302
28.152807 -86.260269 33.305882
27.812740 -87.979187 30.803406
27.346085 -89.593567 28.476250
26.865391 -91.112740 26.321609
26.455795 -92.541603 24.326752
26.161655 -93.855591 22.493401
4.940519 -47.532059 32.520237
5.351186 -49.985744 32.105827
5.698511 -52.487167 31.660084
5.959779 -54.958721 31.246521
6.165881 -57.355801 30.925251
6.409920 -59.660156 30.734703
6.801046 -61.871635 30.682228
7.424356 -63.978497 30.769899
8.309078 -65.956169 30.994383
9.422920 -67.779053 31.344715
10.655162 -69.473953 31.773670
11.896093 -71.090569 32.229355
13.037096 -72.683365 32.663540
13.967117 -74.292542 33.042812
14.580349 -75.923103 33.365124
14.848397 -77.540939 33.665588
14.800390 -79.106964 33.976734
14.525734 -80.605324 34.296803
14.147159 -82.056580 34.565113
13.805145 -83.513474 34.677643
13.618469 -85.014969 34.535015
13.685038 -86.559265 34.070675
14.065075 -88.096848 33.272865
14.771639 -89.550110 32.177311
15.743203 -90.871025 30.870758
16.930702 -92.030800 29.418791
18.288137 -93.011673 27.883759
19.776655 -93.793907 26.325451
21.350164 -94.372574 24.800419
22.960905 -94.753555 23.351484
24.548458 -94.944252 22.021515
24.683500 -93.714439 24.028137
25.057743 -92.390251 26.088352
25.591484 -90.990402 28.246151
26.201777 -89.507797 30.523462
26.767136 -87.913612 32.933891
27.154535 -86.189011 35.483250
27.280499 -84.347046 38.156662
27.099218 -82.415375 40.927517
26.609962 -80.435562 43.748890
25.866091 -78.465546 46.577953
24.974483 -76.560768 49.345474
24.035578 -74.764641 51.983456
23.135170 -73.099480 54.429729
22.336941 -71.554039 56.645832
21.676582 -70.079460 58.641808
21.154484 -68.617355 60.433525
20.769886 -67.122520 62.043968
20.516838 -65.565491 63.490120
20.382681 -63.938675 64.796783
20.334867 -62.251961 65.983269
20.334522 -60.520832 67.063644
20.340822 -58.761974 68.051796
20.315804 -56.990467 68.964882
20.233671 -55.211414 69.824684
20.085964 -53.422871 70.652153
19.876869 -51.615192 71.463982
19.621099 -49.776958 72.274933
19.325617 -47.902718 73.084198
18.995815 -46.008148 73.881531
18.642704 -44.125233 74.645523
23.190065 -93.493202 25.613146
23.690739 -92.188873 27.882641
24.367397 -90.830559 30.199713
25.101494 -89.382011 32.585678
25.743250 -87.795250 35.059689
26.154438 -86.051071 37.636677
26.252075 -84.169777 40.303455
25.991104 -82.188705 43.024765
25.393055 -80.167625 45.756752
24.532570 -78.176018 48.452171
23.535023 -76.274216 51.042187
22.513527 -74.502121 53.463387
21.561611 -72.866348 55.671776
20.741488 -71.331276 57.675571
20.079418 -69.840340 59.486427
19.570282 -68.336182 61.122013
19.208664 -66.778183 62.595680
18.978302 -65.152252 63.930798
18.857801 -63.463036 65.144989
18.810431 -61.726086 66.254578
18.797432 -59.959679 67.277367
18.782799 -58.180912 68.234795
18.742779 -56.398994 69.152924
18.662151 -54.612011 70.048210
18.541500 -52.810345 70.937561
18.389702 -50.978210 71.831696
18.211386 -49.100628 72.728149
17.995647 -47.174908 73.609062
17.738125 -45.216915 74.452080
21.720585 -93.133804 27.263939
22.371433 -91.880096 29.707644
23.187368 -90.572624 32.150375
24.021133 -89.150803 34.613640
24.713261 -87.560394 37.126873
25.117224 -85.785187 39.707817
25.145803 -83.855263 42.336861
24.771900 -81.828339 44.979370
24.040558 -79.778984 47.586422
23.053757 -77.786652 50.106976
21.957010 -75.911415 52.475094
20.877092 -74.178604 54.645325
19.905479 -72.565063 56.625668
19.090607 -71.021927 58.429314
18.450064 -69.490196 60.072964
17.975082 -67.917542 61.564480
17.649576 -66.281601 62.924080
17.449194 -64.582794 64.167473
17.346176 -62.833817 65.309021
17.301823 -61.053280 66.367729
17.280148 -59.259521 67.367752
17.256195 -57.465031 68.336624
17.217363 -55.671696 69.294464
17.158689 -53.870338 70.252487
17.086712 -52.043671 71.221619
17.002117 -50.170982 72.196259
16.891592 -48.239643 73.158989
16.732758 -46.251343 74.081947
20.309090 -92.612099 28.952251
21.110420 -91.424622 31.523022
22.042652 -90.163635 34.047771
22.949265 -88.758827 36.555984
23.657118 -87.153175 39.080097
24.007208 -85.336884 41.632214
23.923656 -83.361389 44.192039
23.404274 -81.303436 46.718296
22.525131 -79.251701 49.156563
21.420231 -77.290283 51.454918
20.256485 -75.466766 53.565880
19.159698 -73.771866 55.499664
18.203241 -72.164696 57.272079
17.423306 -70.589249 58.902958
16.831842 -68.989578 60.399925
16.408585 -67.333847 61.777325
16.129320 -65.617332 63.046898
15.963953 -63.849834 64.221375
15.879848 -62.048969 65.317329
15.839557 -60.233326 66.359169
15.815359 -58.417980 67.374916
15.794353 -56.607964 68.385551
15.774286 -54.798382 69.404907
15.757931 -52.972443 70.437790
15.745338 -51.107155 71.479187
15.719681 -49.184132 72.510269
15.653147 -47.197674 73.504494
18.983227 -91.904373 30.623465
19.915430 -90.779533 33.268799
20.939606 -89.555145 35.834496
21.884022 -88.153679 38.352360
22.556639 -86.519592 40.850220
22.799419 -84.661835 43.338776
22.560612 -82.655502 45.789215
21.872734 -80.596283 48.152519
20.851263 -78.582733 50.372055
19.665470 -76.688644 52.413589
18.484322 -74.922714 54.287678
17.411440 -73.253654 56.014359
16.504372 -71.629356 57.616867
15.791649 -69.993721 59.105831
15.269849 -68.310783 60.493584
14.910776 -66.570053 61.785530
14.684188 -64.778358 62.990566
14.554860 -62.951218 64.123985
14.488687 -61.107441 65.206963
14.454088 -59.263840 66.266426
14.436442 -57.428093 67.323425
14.433734 -55.599083 68.391930
14.452339 -53.764935 69.478165
14.490828 -51.903240 70.572189
14.532140 -49.992931 71.656853
14.542850 -48.023220 72.705338
17.772764 -90.994415 32.214298
18.816782 -89.920425 34.884842
19.901318 -88.714928 37.447746
20.832857 -87.297607 39.930798
21.408913 -85.627228 42.362770
21.490524 -83.739517 44.744362
21.062824 -81.734024 47.036728
20.204805 -79.721359 49.187428
19.078022 -77.793480 51.158142
17.864906 -75.979523 52.971725
16.709000 -74.262367 54.649345
15.694880 -72.595772 56.218174
14.870522 -70.925072 57.692192
14.245937 -69.211731 59.083977
13.806772 -67.443344 60.395111
13.518599 -65.623711 61.629025
13.345060 -63.766808 62.797440
13.249036 -61.889698 63.920265
13.198711 -60.011543 65.020462
13.176585 -58.142365 66.118027
13.179808 -56.284443 67.226776
13.216443 -54.430481 68.352341
13.290465 -52.563877 69.486153
13.383826 -50.663475 70.608627
13.460969 -48.715214 71.694870
16.720081 -89.893776 33.667988
17.851004 -88.850227 36.313381
18.951250 -87.639702 38.821114
19.806515 -86.190948 41.225208
20.224653 -84.489975 43.546936
20.101318 -82.602287 45.774948
19.473007 -80.648155 47.864849
18.474880 -78.735291 49.781460
17.294495 -76.908890 51.541756
16.094559 -75.166405 53.176624
14.996095 -73.472374 54.714592
14.072112 -71.775940 56.174019
13.349243 -70.036964 57.567722
12.824263 -68.241325 58.896202
12.473130 -66.393028 60.157963
12.254657 -64.504776 61.360451
12.129894 -62.592838 62.520142
12.061717 -60.675861 63.658531
12.032183 -58.767544 64.792259
12.036529 -56.873581 65.934410
12.083872 -54.991028 67.090034
12.181656 -53.108940 68.250565
12.317844 -51.211582 69.398094
12.453399 -49.282627 70.507797
15.868917 -88.614044 34.919964
17.054071 -87.578163 37.478870
18.109854 -86.344086 39.884087
18.824749 -84.865097 42.167412
19.030514 -83.158516 44.340813
18.674961 -81.318459 46.382393
17.859932 -79.468544 48.260540
16.766367 -77.670258 49.988602
15.567477 -75.935501 51.593105
14.409782 -74.236420 53.109615
13.398283 -72.530243 54.559952
12.582242 -70.776764 55.958275
11.971766 -68.961082 57.304489
11.551562 -67.086700 58.595074
11.286854 -65.168190 59.831718
11.133496 -63.221512 61.027615
11.049504 -61.266026 62.201130
11.013076 -59.315491 63.367981
11.018429 -57.381023 64.538712
11.074883 -55.464462 65.717819
11.192646 -53.560242 66.897003
11.363783 -51.657455 68.059189
11.554546 -49.743633 69.180962
15.264832 -87.186913 35.891411
16.448706 -86.142578 38.315720
17.394566 -84.884132 40.582874
17.903954 -83.392197 42.721958
17.849228 -81.717316 44.732155
17.252480 -79.970398 46.591576
16.285982 -78.235870 48.306862
15.127187 -76.539764 49.901497
13.937384 -74.865288 51.409531
12.851047 -73.170677 52.859554
11.945901 -71.418869 54.267883
11.249922 -69.594925 55.634846
10.758088 -67.702927 56.955589
10.441560 -65.758110 58.228683
10.258941 -63.779427 59.461304
10.160263 -61.787170 60.669456
10.119734 -59.796711 61.866951
10.128592 -57.820473 63.063534
10.195959 -55.867729 64.262123
10.333784 -53.938377 65.455116
10.537728 -52.025753 66.626335
10.777792 -50.120113 67.753403
14.938403 -85.667961 36.516880
16.055576 -84.614288 38.779652
16.816013 -83.337585 40.904083
17.047352 -81.850761 42.906971
16.692066 -80.237801 44.772358
15.874316 -78.590759 46.498348
14.779490 -76.957741 48.102943
13.582245 -75.331223 49.619629
12.432790 -73.675011 51.080013
11.441965 -71.945160 52.505547
10.659554 -70.128654 53.898174
10.093974 -68.230743 55.252125
9.722915 -66.268669 56.563400
9.507550 -64.263229 57.835377
9.395126 -62.238583 59.078644
9.352789 -60.211899 60.306282
9.368102 -58.198425 61.526993
9.449216 -56.210728 62.743137
9.609045 -54.256798 63.947250
9.846225 -52.333881 65.124611
10.134419 -50.433884 66.253822
14.851939 -84.137085 36.796970
15.813836 -83.065361 38.914989
16.295677 -81.767143 40.925583
16.180710 -80.299850 42.819756
15.534508 -78.756821 44.580666
14.521988 -77.199951 46.214970
13.334871 -75.637650 47.755196
12.139539 -74.036896 49.236603
11.065985 -72.352631 50.685711
10.195503 -70.561333 52.108028
9.552145 -68.671432 53.498024
9.122742 -66.703102 54.849377
8.871465 -64.680397 56.162159
8.742261 -62.629654 57.443317
8.697932 -60.572334 58.702103
8.720150 -58.526299 59.947460
8.814829 -56.508385 61.181366
8.996243 -54.531013 62.396664
9.265598 -52.597485 63.579956
9.600119 -50.701180 64.711159
14.921730 -82.626221 36.788788
15.620790 -81.512970 38.809303
15.729933 -80.191139 40.743370
15.263117 -78.755310 42.559929
14.351538 -77.282188 44.245502
13.188425 -75.791779 45.824562
11.958641 -74.258896 47.336994
10.814282 -72.634216 48.815346
9.852718 -70.889526 50.271416
9.127480 -69.023323 51.700165
8.635132 -67.061218 53.093811
8.344469 -65.031677 54.449097
8.195396 -62.964512 55.769730
8.146278 -60.883141 57.062542
8.173483 -58.810036 58.334053
8.279120 -56.765800 59.587090
8.477543 -54.767479 60.815300
8.775018 -52.822540 62.005859
9.152772 -50.928047 63.140388
15.030380 -81.119438 36.588367
15.350364 -79.945320 38.560757
15.061237 -78.614777 40.442333
14.262029 -77.222771 42.196907
13.136134 -75.807678 43.831684
11.881329 -74.348320 45.385204
10.672761 -72.794296 46.898727
9.627700 -71.108635 48.390873
8.814316 -69.285080 49.861706
8.254527 -67.342758 51.300117
7.920840 -65.317543 52.700169
7.749150 -63.243881 54.062180
7.692099 -61.147648 55.391052
7.720490 -59.053268 56.691692
7.832119 -56.986542 57.965919
8.040874 -54.968510 59.209160
8.357296 -53.010948 60.409882
8.771330 -51.115059 61.550076
15.042351 -79.581490 36.295750
14.932035 -78.359650 38.241344
14.250494 -77.044388 40.073105
13.172097 -75.699661 41.776627
11.899849 -74.316978 43.382008
10.632206 -72.839478 44.936249
9.506245 -71.223495 46.467762
8.608747 -69.453697 47.981552
7.975032 -67.547203 49.468674
7.595489 -65.537910 50.916466
7.399454 -63.467842 52.322514
7.332546 -61.365852 53.689777
7.358326 -59.257984 55.022141
7.469281 -57.172157 56.320663
7.679131 -55.135010 57.581478
8.003465 -53.162525 58.795086
8.440421 -51.260315 59.944683
14.869763 -78.001358 35.975609
14.313138 -76.765030 37.884789
13.288985 -75.485641 39.662086
12.007303 -74.175957 41.326054
10.683361 -72.780487 42.926296
9.478300 -71.241112 44.499794
8.496758 -69.534988 46.058952
7.791379 -67.673653 47.595966
7.362064 -65.693535 49.096832
7.141816 -63.637157 50.550781
7.065121 -61.538261 51.959690
7.086378 -59.424347 53.326683
7.190663 -57.324417 54.652733
7.390006 -55.267666 55.934559
7.707835 -53.276627 57.164207
8.152408 -51.361862 58.326553
14.428820 -76.392769 35.643673
13.471330 -75.180641 37.494907
12.190053 -73.940269 39.218994
10.818189 -72.626030 40.867153
9.534404 -71.171410 42.484566
8.468336 -69.537064 44.090488
7.689152 -67.730278 45.680164
7.211082 -65.787247 47.236553
6.965292 -63.755928 48.745197
6.880497 -61.668877 50.200809
6.897989 -59.556194 51.606789
6.993039 -57.447285 52.964279
7.173014 -55.372543 54.271095
7.467336 -53.358089 55.520748
7.900114 -51.422970 56.699562
13.703496 -74.785469 35.284039
12.434177 -73.616905 37.066162
11.024452 -72.382889 38.760078
9.668156 -71.016312 40.419468
8.514469 -69.464317 42.072689
7.659011 -67.720444 43.717010
7.130250 -65.822624 45.333397
6.860859 -63.823257 46.900818
6.771214 -61.757938 48.411369
6.788959 -59.653858 49.862396
6.875996 -57.541355 51.256454
7.032190 -55.451324 52.592693
7.289656 -53.411961 53.866634
7.686830 -51.447414 55.066280
12.722889 -73.202339 34.876240
11.286138 -72.053139 36.610786
9.866874 -70.777138 38.306774
8.628646 -69.315010 40.002945
7.691181 -67.645905 41.703083
7.108756 -65.801178 43.383221
6.815776 -63.841007 45.015564
6.725531 -61.803734 46.586731
6.751266 -59.716660 48.092373
6.836039 -57.606155 49.529953
6.968781 -55.504120 50.901211
7.181686 -53.440308 52.204056
7.523515 -51.441677 53.429024
11.584031 -71.627281 34.428844
10.110753 -70.450172 36.152740
8.795408 -69.084831 37.884048
7.775607 -67.501091 39.635654
7.133827 -65.721184 41.383236
6.817434 -63.807434 43.086391
6.731118 -61.804802 44.725971
6.773261 -59.740372 46.293392
6.867046 -57.637821 47.785278
6.981547 -55.526596 49.199017
7.146065 -53.438881 50.536415
7.418154 -51.403797 51.791397
10.380791 -70.021805 33.969673
8.996430 -68.764702 35.725197
7.898078 -67.277275 37.519009
7.192438 -65.574837 39.330929
6.847332 -63.719398 41.110771
6.766573 -61.758759 42.826004
6.832587 -59.723099 44.464314
6.947979 -57.633171 46.019119
7.057799 -55.515987 47.487080
7.178196 -53.405277 48.866707
7.372755 -51.332706 50.157249
9.213056 -68.336456 33.539745
8.040937 -66.960190 35.363220
7.269778 -65.348877 37.230591
6.888163 -63.565239 39.085812
6.809504 -61.658661 40.884281
6.903506 -59.659210 42.601768
7.051939 -57.587212 44.229744
7.174556 -55.467648 45.761620
7.264952 -53.334209 47.195503
7.383686 -51.223701 48.529007
8.185289 -66.527763 33.182312
7.347887 -65.024864 35.092819
6.923044 -63.327793 37.016083
6.837296 -61.489479 38.898312
6.958927 -59.538555 40.703781
7.148255 -57.491623 42.414047
7.299290 -55.373276 44.020905
7.382002 -53.219597 45.519203
7.436978 -51.068680 46.907326
7.407700 -64.577431 32.932320
6.933334 -62.985054 34.913223
6.829594 -61.230568 36.873741
6.969617 -59.343624 38.768974
7.203192 -57.334152 40.570965
7.394829 -55.223122 42.262329
7.489234 -53.050682 43.836243
7.506974 -50.861115 45.288620
6.895854 -62.507275 32.795330
6.762868 -60.855309 34.826550
6.907574 -59.049240 36.807579
7.177659 -57.094551 38.703388
7.417764 -55.002739 40.488270
7.540183 -52.815720 42.146446
7.542590 -50.586597 43.672897
6.624808 -60.339500 32.772247
6.755999 -58.635067 34.832500
7.045955 -56.756344 36.817982
7.329952 -54.705803 38.696983
7.494523 -52.517818 40.446239
7.505432 -50.254391 42.052765
6.506932 -58.077423 32.863369
6.795513 -56.300869 34.931953
7.108460 -54.319782 36.899445
7.317207 -52.157814 38.737381
7.357635 -49.873978 40.426201
6.428164 -55.709030 33.065235
6.749743 -53.833401 35.113144
6.993129 -51.733971 37.031643
7.073815 -49.460552 38.795322
6.265945 -53.231960 33.359989
6.529381 -51.244282 35.348377
6.648849 -49.024384 37.174187
5.964269 -50.679745 33.700779
6.116167 -48.576019 35.576530
5.528869 -48.104027 34.015755
27.496166 -94.151566 20.786581
29.150913 -93.088516 20.738144
30.845219 -91.870560 20.859180
32.547600 -90.574921 21.278118
34.227062 -89.275208 22.132015
35.821068 -88.039146 23.494820
37.266689 -86.895782 25.301764
38.537285 -85.826950 27.425936
39.656170 -84.770782 29.714397
40.674725 -83.634354 32.018341
41.650818 -82.346779 34.207851
42.611588 -80.878983 36.191742
43.564873 -79.239120 37.913429
44.509010 -77.459824 39.351429
45.439697 -75.587273 40.522881
46.353710 -73.668915 41.488640
47.246437 -71.736801 42.301174
48.111427 -69.813858 43.008347
48.938038 -67.916008 43.643959
49.717495 -66.048981 44.230465
50.442986 -64.212311 44.772224
51.109863 -62.403427 45.263130
51.716606 -60.619511 45.692822
52.263874 -58.859848 46.050423
52.762344 -57.122299 46.341339
53.221199 -55.407452 46.576218
53.651169 -53.716530 46.772770
54.063744 -52.053493 46.951851
54.471951 -50.424232 47.132072
54.884823 -48.840340 47.318424
55.302383 -47.330906 47.498516
27.838720 -92.754196 22.538586
29.511559 -91.531441 22.599672
31.167444 -90.218185 22.856173
32.793182 -88.875854 23.455280
34.358437 -87.575432 24.520483
35.806980 -86.373215 26.077297
37.084644 -85.281967 28.027523
38.190338 -84.265068 30.224789
39.166534 -83.248077 32.515732
40.094467 -82.128174 34.769791
41.020927 -80.843018 36.874336
41.962650 -79.371773 38.748718
42.915867 -77.730690 40.345367
43.867931 -75.959015 41.655548
44.805901 -74.101990 42.719666
45.721493 -72.206192 43.595966
46.607319 -70.300804 44.336102
47.453194 -68.407921 44.979160
48.250214 -66.535797 45.555222
48.991592 -64.688675 46.076813
49.672386 -62.866489 46.541855
50.290844 -61.067551 46.942142
50.848022 -59.291569 47.266365
51.356342 -57.536144 47.524170
51.827389 -55.801655 47.724220
52.274490 -54.088459 47.884285
52.712948 -52.398113 48.023941
53.159100 -50.733582 48.163960
53.626602 -49.101456 48.309834
54.132450 -47.512604 48.444431
28.177547 -91.273346 24.431652
29.829159 -89.914848 24.600758
31.412542 -88.507126 25.006596
32.927025 -87.114136 25.785082
34.358261 -85.804291 27.026169
35.651600 -84.624710 28.725273
36.770576 -83.569542 30.754259
37.731857 -82.585121 32.957867
38.609642 -81.580376 35.199554
39.476917 -80.456841 37.367912
40.371655 -79.159904 39.359978
41.300068 -77.677734 41.101639
42.247684 -76.035278 42.555428
43.194439 -74.273712 43.738388
44.122757 -72.437874 44.691887
45.020897 -70.570587 45.474785
45.877476 -68.700111 46.130669
46.684761 -66.840485 46.696930
47.436745 -64.996925 47.194519
48.128227 -63.173344 47.627640
48.757282 -61.370056 47.990791
49.325420 -59.587646 48.273518
49.846024 -57.822563 48.486233
50.332066 -56.074131 48.642982
50.799297 -54.342163 48.759972
51.266190 -52.626076 48.857948
51.753277 -50.924759 48.958679
52.277084 -49.241203 49.071838
52.858517 -47.581844 49.183666
28.552349 -89.709854 26.488102
30.115534 -88.230865 26.778923
31.570189 -86.737061 27.340618
32.940136 -85.297417 28.277060
34.216663 -83.977119 29.654926
35.354645 -82.814240 31.437065
36.329803 -81.784065 33.475346
37.191898 -80.809715 35.625854
38.007832 -79.796135 37.773716
38.840515 -78.650192 39.818863
39.716602 -77.327042 41.663013
40.630882 -75.826515 43.239658
41.562054 -74.180931 44.540138
42.486286 -72.432526 45.583977
43.385303 -70.622856 46.417839
44.243240 -68.792442 47.091423
45.052811 -66.960609 47.650097
45.808922 -65.137527 48.120956
46.507545 -63.326626 48.516743
47.146301 -61.531284 48.836578
47.726982 -59.753792 49.071407
48.263008 -57.989769 49.233425
48.768459 -56.237423 49.336353
49.259575 -54.494514 49.403320
49.757843 -52.759956 49.453808
50.285633 -51.030785 49.512421
50.862267 -49.307026 49.591560
51.507427 -47.594231 49.685913
28.917864 -88.064041 28.730181
30.323257 -86.479813 29.156887
31.608601 -84.915863 29.865314
32.806843 -83.439308 30.936481
33.920452 -82.113823 32.406281
34.910286 -80.966537 34.207588
35.784248 -79.945938 36.192867
36.586189 -78.962578 38.241432
37.372643 -77.920273 40.251972
38.191673 -76.733864 42.129974
39.055645 -75.372345 43.782223
39.950287 -73.850021 45.173927
40.850937 -72.203041 46.300186
41.735081 -70.472565 47.189487
42.583687 -68.697807 47.883064
43.387096 -66.908775 48.434902
44.141022 -65.119232 48.879478
44.842194 -63.336849 49.233829
45.489384 -61.563107 49.505558
46.083965 -59.802471 49.688766
46.638481 -58.050758 49.796856
47.166908 -56.305531 49.844055
47.686783 -54.563152 49.852871
48.219112 -52.820221 49.850616
48.788082 -51.073952 49.861504
49.412781 -49.323845 49.901756
50.112732 -47.573814 49.971630
29.193233 -86.335396 31.171068
30.398722 -84.669456 31.734722
31.487587 -83.054840 32.579380
32.505608 -81.557655 33.758202
33.459003 -80.237709 35.272518
34.339577 -79.100174 37.035107
35.150734 -78.073990 38.918854
35.927170 -77.062279 40.820721
36.710022 -75.971146 42.646629
37.528034 -74.728676 44.306946
38.379040 -73.324722 45.741234
39.244061 -71.782135 46.919857
40.100353 -70.139297 47.850704
40.927139 -68.436531 48.560387
41.715939 -66.702377 49.102699
42.461250 -64.958664 49.518780
43.160866 -63.215256 49.831787
43.814301 -61.477081 50.052113
44.423454 -59.745415 50.181602
44.998753 -58.016838 50.235218
45.553143 -56.289291 50.226669
46.103825 -54.558453 50.178314
46.673256 -52.819725 50.116539
47.283150 -51.068150 50.074081
47.953136 -49.304214 50.067440
48.700584 -47.531849 50.101879
29.302826 -84.529976 33.798145
30.287491 -82.810242 34.496475
31.180099 -81.171555 35.462074
32.027920 -79.677078 36.718689
32.862720 -78.370453 38.230186
33.672321 -77.235275 39.911167
34.455242 -76.186966 41.653042
35.232773 -75.126007 43.364456
36.026218 -73.967445 44.956718
36.843155 -72.664047 46.373940
37.673038 -71.219513 47.561272
38.497353 -69.663681 48.505650
39.296318 -68.036156 49.216660
40.062588 -66.368027 49.741894
40.794357 -64.678070 50.125744
41.488949 -62.981976 50.395554
42.146736 -61.285748 50.566681
42.770050 -59.593361 50.642097
43.367241 -57.897240 50.642254
43.948799 -56.196136 50.580017
44.530746 -54.486191 50.476112
45.135239 -52.762394 50.356087
45.784813 -51.018818 50.251606
46.495834 -49.253616 50.188694
47.285263 -47.471859 50.173470
29.188192 -82.662308 36.584377
29.964947 -80.922569 37.407818
30.685610 -79.292091 38.473877
31.417189 -77.820221 39.766468
32.178665 -76.530838 41.234703
32.955032 -75.387642 42.797058
33.737003 -74.298195 44.359280
34.528931 -73.167557 45.838104
35.330120 -71.934776 47.178459
36.135628 -70.572052 48.329323
36.932518 -69.095314 49.255264
37.705086 -67.538406 49.948208
38.448025 -65.934456 50.447060
39.162636 -64.303757 50.793247
39.850403 -62.658051 51.019066
40.511433 -61.007347 51.142109
41.148216 -59.355812 51.168858
41.767014 -57.698410 51.118099
42.375309 -56.030052 51.005123
42.986744 -54.347782 50.848469
43.622353 -52.647285 50.671204
44.304207 -50.922260 50.503712
45.049862 -49.169510 50.371544
45.873550 -47.391102 50.291943
28.834215 -80.757233 39.494953
29.441797 -79.036018 40.428722
30.058311 -77.440865 41.556946
30.729712 -76.005592 42.844536
31.463213 -74.732529 44.230640
32.237850 -73.567795 45.638580
33.033688 -72.417603 46.985001
33.836037 -71.208817 48.220367
34.632515 -69.901428 49.293377
35.413033 -68.487038 50.171181
36.166512 -66.989502 50.827236
36.891331 -65.440460 51.290211
37.591923 -63.861885 51.596508
38.273445 -62.266262 51.777287
38.938877 -60.659412 51.855530
39.590218 -59.047745 51.838654
40.230446 -57.426968 51.745281
40.864670 -55.794350 51.586704
41.502682 -54.143951 51.381313
42.163395 -52.472359 51.149227
42.868160 -50.773788 50.918003
43.635357 -49.043896 50.712906
44.480686 -47.282887 50.551052
28.263531 -78.851341 42.487530
28.782970 -77.179611 43.496727
29.361589 -75.640007 44.645649
30.026556 -74.248528 45.884480
30.770607 -72.985130 47.148338
31.563093 -71.781891 48.366936
32.371185 -70.561035 49.490578
33.172241 -69.272224 50.473782
33.950481 -67.896805 51.281345
34.696926 -66.441086 51.887901
35.413670 -64.932671 52.309547
36.108799 -63.393227 52.576824
36.790897 -61.836300 52.718361
37.465878 -60.268143 52.757168
38.136009 -58.691055 52.704842
38.800575 -57.103191 52.577438
39.460896 -55.502083 52.383984
40.123299 -53.884342 52.137173
40.802391 -52.244450 51.854870
41.518772 -50.576958 51.561863
42.292175 -48.876923 51.282108
43.140114 -47.142513 51.033360
27.547123 -76.977386 45.494293
28.055336 -75.379814 46.539474
28.658382 -73.909393 47.663960
29.362253 -72.561646 48.809624
30.142374 -71.293869 49.913872
30.956150 -70.040390 50.936932
31.769535 -68.745514 51.834305
32.560009 -67.381630 52.574059
33.315903 -65.947388 53.127617
34.040268 -64.461441 53.510590
34.744614 -62.944786 53.745674
35.440777 -61.411415 53.858562
36.137142 -59.868553 53.871147
36.836823 -58.318829 53.794979
37.533413 -56.757648 53.645546
38.224411 -55.183739 53.428406
38.911167 -53.594036 53.152328
39.603394 -51.985542 52.828293
40.319092 -50.350582 52.478577
41.080589 -48.683266 52.126476
41.908478 -46.980103 51.789948
26.766220 -75.174126 48.442585
27.328550 -73.664383 49.479073
28.002045 -72.262932 50.532280
28.770266 -70.941925 51.544052
29.590851 -69.649574 52.479496
30.423260 -68.336128 53.303398
31.238113 -66.968437 53.984276
32.020603 -65.537636 54.495689
32.772373 -64.058853 54.847832
33.504128 -62.550323 55.061909
34.231136 -61.026955 55.159100
34.963978 -59.497101 55.159534
35.706722 -57.964413 55.073940
36.448132 -56.424911 54.914642
37.177887 -54.874001 54.684883
37.893463 -53.309128 54.389961
38.598614 -51.727348 54.036392
39.306789 -50.123138 53.639774
40.042679 -48.487610 53.223141
40.831985 -46.815517 52.805813
25.993488 -73.470711 51.258419
26.656094 -72.047234 52.242657
27.423967 -70.695160 53.185711
28.257881 -69.372383 54.054150
29.117878 -68.037735 54.818417
29.969109 -66.659286 55.453697
30.794439 -65.223251 55.934860
31.592337 -63.740475 56.269890
32.373856 -62.228825 56.476151
33.150787 -60.704464 56.571392
33.936871 -59.177643 56.573212
34.736660 -57.653370 56.490826
35.534874 -56.128380 56.333660
36.315483 -54.597198 56.102066
37.066647 -53.053818 55.797813
37.787983 -51.495327 55.424370
38.488911 -49.916199 54.993759
39.192333 -48.309277 54.524277
39.930817 -46.665962 54.037155
25.285168 -71.878555 53.876011
26.069859 -70.518547 54.774391
26.929003 -69.180840 55.599327
27.826904 -67.831604 56.324245
28.728449 -66.442566 56.929176
29.612190 -64.998756 57.394020
30.474321 -63.507843 57.724983
31.323067 -61.986923 57.936604
32.172188 -60.453701 58.044533
33.028397 -58.922031 58.060600
33.898361 -57.398903 57.992790
34.763317 -55.881580 57.847710
35.603294 -54.363949 57.623951
36.399277 -52.838562 57.320107
37.141544 -51.299244 56.935787
37.837608 -49.740868 56.481220
38.510777 -48.156685 55.973114
39.193363 -46.539291 55.429649
24.674479 -70.380035 56.249737
25.573797 -69.044357 57.056942
26.521151 -67.691910 57.766205
27.485401 -66.298691 58.361214
28.444614 -64.850082 58.826286
29.387478 -63.351814 59.167362
30.320728 -61.820572 59.397266
31.255276 -60.275383 59.528961
32.200016 -58.732849 59.573208
33.151287 -57.204082 59.530849
34.090607 -55.687351 59.407433
34.994873 -54.175983 59.199982
35.840462 -52.661419 58.905445
36.609364 -51.136337 58.520119
37.303711 -49.593910 58.051228
37.948681 -48.028534 57.515381
38.580086 -46.433044 56.930882
24.166416 -68.930214 58.372879
25.174978 -67.588074 59.093109
26.211399 -66.200760 59.701118
27.257505 -64.755249 60.186047
28.297546 -63.255238 60.554028
29.328888 -61.716743 60.815468
30.361366 -60.160046 60.982620
31.400427 -58.604149 61.063751
32.443722 -57.063011 61.059566
33.461544 -55.538750 60.967644
34.431717 -54.024929 60.785469
35.327427 -52.512424 60.508648
36.125122 -50.993298 60.131706
36.820694 -49.461704 59.658985
37.439957 -47.911850 59.105835
38.023151 -46.337311 58.492290
23.769835 -67.484856 60.269455
24.883846 -66.115845 60.913597
26.020163 -64.684158 61.436996
27.163036 -63.192284 61.847759
28.303455 -61.653763 62.155323
29.440725 -60.089314 62.368484
30.579378 -58.520145 62.496025
31.712908 -56.962776 62.536751
32.813663 -55.422253 62.488625
33.849651 -53.896431 62.341179
34.794781 -52.376453 62.090946
35.621353 -50.854595 61.731022
36.321499 -49.326691 61.264427
36.918476 -47.789352 60.705158
37.458500 -46.235516 60.074013
23.490778 -66.008911 61.967133
24.716105 -64.604797 62.548534
25.958450 -63.133583 63.016693
27.207310 -61.606731 63.383339
28.454466 -60.042469 63.655842
29.693623 -58.463383 63.839035
30.916853 -56.888672 63.933437
32.094757 -55.327087 63.935028
33.196861 -53.779324 63.834721
34.189247 -52.242161 63.620396
35.043365 -50.708809 63.286167
35.749275 -49.177555 62.834229
36.329319 -47.647823 62.279099
36.830208 -46.114792 61.642433
23.337152 -64.480934 63.494415
24.670622 -63.045994 64.035324
26.017839 -61.545082 64.471588
27.367970 -59.994072 64.813507
28.706697 -58.413197 65.064255
30.015724 -56.824078 65.220482
31.266857 -55.239887 65.279915
32.428101 -53.665840 65.231926
33.465973 -52.101990 65.065567
34.345772 -50.549038 64.765900
35.058022 -49.007854 64.337044
35.625450 -47.480797 63.794857
36.095737 -45.965355 63.163792
23.295216 -62.891182 64.877281
24.725117 -61.434032 65.394363
26.161613 -59.912457 65.812370
27.587099 -58.344200 66.137878
28.975534 -56.749290 66.366051
30.292393 -55.145939 66.490265
31.506470 -53.545002 66.501839
32.583344 -51.952187 66.387947
33.487427 -50.372631 66.134430
34.206779 -48.816154 65.737679
34.765907 -47.287441 65.217957
35.214165 -45.785656 64.603485
23.332285 -61.242619 66.136223
24.834995 -59.769974 66.636612
26.327896 -58.232632 67.039177
27.781057 -56.648705 67.342834
29.156019 -55.036652 67.539650
30.416416 -53.414478 67.616272
31.528370 -51.794533 67.561493
32.455563 -50.188580 67.359299
33.186119 -48.611477 67.008041
33.744148 -47.075432 66.522552
34.180126 -45.580685 65.937370
23.403307 -59.543804 67.279411
24.942728 -58.059013 67.761253
26.442236 -56.507065 68.138962
27.862305 -54.905594 68.409042
29.162783 -53.274574 68.556900
30.306458 -51.634796 68.566505
31.257305 -50.005306 68.423653
32.004078 -48.406887 68.126038
32.569725 -46.855713 67.691902
33.004154 -45.358452 67.151009
23.456059 -57.805756 68.308174
24.983173 -56.309750 68.758736
26.433477 -54.741989 69.098000
27.764626 -53.122936 69.315948
28.936745 -51.476345 69.395798
29.911827 -49.830032 69.318977
30.679144 -48.210880 69.085800
31.260899 -46.639900 68.713943
31.704248 -45.127781 68.237633
23.435993 -56.041203 69.221169
24.901869 -54.532555 69.626221
26.253769 -52.949451 69.908585
27.449623 -51.316479 70.056732
28.449356 -49.664410 70.052635
29.240555 -48.027878 69.892441
29.844250 -46.433624 69.595627
30.305506 -44.897896 69.195122
23.304688 -54.259186 70.029839
24.668064 -52.737736 70.371719
25.883230 -51.141441 70.581558
26.907551 -49.501312 70.647850
27.725584 -47.854347 70.567932
28.355255 -46.236099 70.355240
28.839502 -44.669918 70.042953
23.051838 -52.465286 70.757568
24.282255 -50.930695 71.023544
25.331257 -49.324127 71.152122
26.178654 -47.682182 71.147980
26.837526 -46.044418 71.024307
27.347462 -44.446091 70.805435
22.682928 -50.656551 71.430092
23.756290 -49.109299 71.613762
24.635771 -47.494320 71.674492
25.327019 -45.852089 71.632034
25.864168 -44.225334 71.508118
22.213942 -48.827866 72.073883
23.128124 -47.269020 72.189255
23.855658 -45.646420 72.213341
24.421558 -44.006718 72.172684
21.682728 -46.978119 72.724998
22.451935 -45.410469 72.800690
23.049110 -43.784073 72.824669
21.126614 -45.123341 73.404457
21.762316 -43.552696 73.473053
20.559475 -43.300125 74.107880
26.825590 -95.515160 19.232143
27.827915 -96.000908 17.396244
28.917816 -96.332184 15.496048
30.057991 -96.450912 13.577714
31.234541 -96.312439 11.685992
32.452808 -95.902130 9.876009
33.728844 -95.243744 8.193751
35.084309 -94.364655 6.675227
36.537678 -93.298027 5.342162
38.101841 -92.067291 4.211813
39.753632 -90.703705 3.263218
41.449295 -89.216652 2.469063
43.125153 -87.602028 1.793911
44.701115 -85.846260 1.198618
46.090019 -83.938492 0.643875
47.251160 -81.894485 0.098230
48.189293 -79.731651 -0.457132
48.969196 -77.464203 -1.034147
49.710945 -75.092224 -1.641508
50.557213 -72.623253 -2.282653
51.599823 -70.074989 -2.959849
52.865833 -67.471840 -3.674838
54.316669 -64.836288 -4.425886
55.860661 -62.178417 -5.202976
57.388092 -59.494678 -5.983653
58.819351 -56.775902 -6.741759
60.103283 -54.017933 -7.449982
61.211250 -51.228115 -8.080792
62.149101 -48.432301 -8.618265
62.936653 -45.672691 -9.060107
63.581841 -43.023224 -9.409986
28.617929 -94.598106 18.999599
29.754194 -94.964554 17.197214
30.927555 -95.161812 15.393484
32.132015 -95.128067 13.618213
33.364811 -94.825142 11.911451
34.633263 -94.255531 10.310824
35.952885 -93.446907 8.858122
37.339718 -92.433929 7.575038
38.801811 -91.249435 6.479364
40.342037 -89.927635 5.546898
41.929188 -88.490479 4.757526
43.511284 -86.942413 4.080126
45.015087 -85.277420 3.476685
46.355503 -83.487854 2.903977
47.484661 -81.573212 2.327283
48.386414 -79.552948 1.725231
49.110107 -77.439629 1.087616
49.762318 -75.239136 0.407634
50.499893 -72.934692 -0.304102
51.434853 -70.535942 -1.040987
52.612373 -68.065567 -1.799070
54.009178 -65.545578 -2.573702
55.543396 -62.990562 -3.356343
57.101280 -60.388237 -4.134007
58.588150 -57.740860 -4.890294
59.939610 -55.046062 -5.606231
61.115936 -52.312420 -6.262702
62.108288 -49.554115 -6.850624
62.932323 -46.796844 -7.370943
63.603401 -44.072189 -7.840919
30.394779 -93.461533 18.977198
31.640163 -93.735695 17.265779
32.905468 -93.821884 15.607701
34.190094 -93.659927 14.022067
35.490177 -93.222008 12.526436
36.811707 -92.515038 11.153779
38.164791 -91.577095 9.930856
39.555260 -90.444328 8.873362
40.984116 -89.162613 7.958531
42.451260 -87.760147 7.166417
43.919689 -86.255203 6.473831
45.329426 -84.650253 5.847398
46.602478 -82.943817 5.244933
47.689491 -81.137848 4.630047
48.561611 -79.237228 3.979250
49.245667 -77.257721 3.279534
49.833504 -75.202881 2.525890
50.473534 -73.059494 1.731735
51.298660 -70.812141 0.917916
52.376022 -68.476997 0.096129
53.699276 -66.075836 -0.724540
55.198967 -63.623566 -1.534456
56.764217 -61.113583 -2.323031
58.292229 -58.538857 -3.082917
59.703846 -55.905754 -3.804482
60.945789 -53.221600 -4.476795
61.998508 -50.498657 -5.098916
62.865700 -47.748718 -5.678369
63.560905 -44.987339 -6.233852
32.174683 -92.198151 19.221880
33.515476 -92.404068 17.681967
34.869389 -92.401276 16.230095
36.229027 -92.134491 14.860513
37.587479 -91.577705 13.588112
38.943184 -90.748726 12.434183
40.295868 -89.690331 11.418201
41.646957 -88.454819 10.519104
42.997051 -87.084175 9.718375
44.342999 -85.605629 8.997801
45.641331 -84.035637 8.331211
46.828121 -82.380249 7.681246
47.858284 -80.646667 7.014554
48.697372 -78.841354 6.304655
49.354542 -76.968918 5.538693
49.899158 -75.035820 4.707776
50.468452 -73.026382 3.828691
51.192387 -70.926018 2.924046
52.163883 -68.727501 2.020017
53.398376 -66.448029 1.132492
54.840981 -64.102997 0.273965
56.386238 -61.687691 -0.544983
57.932045 -59.198402 -1.320628
59.387749 -56.632065 -2.051575
60.685287 -54.002876 -2.736288
61.791702 -51.322193 -3.381132
62.701332 -48.601086 -4.000995
63.417591 -45.846748 -4.617018
33.952087 -90.885269 19.852734
35.370380 -91.047485 18.546745
36.792770 -90.975060 17.319866
38.207443 -90.613388 16.166622
39.597977 -89.945076 15.095084
40.950363 -88.995522 14.122547
42.260986 -87.828682 13.236794
43.532375 -86.496445 12.422634
44.763981 -85.040787 11.662930
45.946724 -83.488907 10.940832
47.034462 -81.859810 10.225298
47.992920 -80.167351 9.489621
48.789352 -78.421425 8.707938
49.422447 -76.629044 7.864474
49.940559 -74.788689 6.951804
50.461040 -72.888138 5.983803
51.108307 -70.908501 4.985530
51.977615 -68.841805 3.984353
53.113205 -66.685333 3.011110
54.480007 -64.451088 2.083892
55.980778 -62.136234 1.214697
57.515903 -59.737030 0.405994
58.992363 -57.252842 -0.345032
60.328541 -54.688236 -1.044593
61.477142 -52.061928 -1.707760
62.421288 -49.385880 -2.355606
63.155006 -46.670395 -3.014408
35.684002 -89.594818 20.973398
37.150352 -89.729568 19.903519
38.614872 -89.591469 18.884027
40.055916 -89.132042 17.907745
41.441845 -88.342789 16.984230
42.753506 -87.277847 16.108452
43.988724 -86.005745 15.274431
45.149929 -84.580315 14.469693
46.232746 -83.043633 13.678095
47.223999 -81.425697 12.881798
48.103859 -79.751770 12.060711
48.848072 -78.036377 11.192953
49.452923 -76.289734 10.262320
49.951351 -74.514313 9.258052
50.439568 -72.693756 8.197721
51.028542 -70.810722 7.102391
51.814079 -68.851692 6.001493
52.847530 -66.813438 4.927241
54.123432 -64.691589 3.912767
55.558544 -62.481522 2.974210
57.057549 -60.179459 2.113935
58.526604 -57.783951 1.327141
59.878502 -55.301788 0.602860
61.052460 -52.742817 -0.080779
62.019459 -50.127674 -0.752776
62.763832 -47.469704 -1.444427
37.299255 -88.375809 22.581236
38.789360 -88.477112 21.707079
40.273407 -88.256866 20.837828
41.711742 -87.675652 19.972548
43.063118 -86.761536 19.108673
44.308731 -85.581490 18.250483
45.447739 -84.208168 17.394304
46.480007 -82.695992 16.529608
47.398514 -81.089043 15.639888
48.209370 -79.422165 14.721780
48.900684 -77.718979 13.756674
49.472855 -75.993721 12.730651
49.951664 -74.252815 11.630983
50.414562 -72.486984 10.472129
50.957790 -70.675056 9.278950
51.670887 -68.803009 8.076498
52.611679 -66.862221 6.899368
53.785034 -64.849373 5.782519
55.134739 -62.746529 4.756586
56.574181 -60.546883 3.826566
58.010071 -58.248032 2.986640
59.351318 -55.855766 2.223133
60.529572 -53.383152 1.509273
61.505096 -50.842911 0.810455
62.251808 -48.258583 0.087932
38.751701 -87.228455 24.572384
40.256588 -87.263306 23.823597
41.744110 -86.920425 23.030888
43.158203 -86.203163 22.190903
44.456211 -85.162155 21.312351
45.621716 -83.872742 20.404095
46.653839 -82.408058 19.463650
47.550652 -80.824005 18.481691
48.321793 -79.167564 17.457775
48.974297 -77.469734 16.389164
49.517487 -75.752892 15.262854
49.976696 -74.028015 14.066551
50.417267 -72.292168 12.811628
50.919792 -70.530998 11.518896
51.568047 -68.725662 10.217144
52.419849 -66.866264 8.937067
53.491081 -64.945267 7.716710
54.736610 -62.947823 6.588790
56.093086 -60.853836 5.571772
57.471302 -58.657299 4.661560
58.777561 -56.362816 3.842725
59.937756 -53.983284 3.085610
60.905037 -51.535965 2.350840
61.645874 -49.037212 1.595274
40.035141 -86.107811 26.801790
41.554016 -86.019905 26.099401
43.031418 -85.529083 25.301525
44.406506 -84.670776 24.417803
45.641277 -83.510300 23.463486
46.721504 -82.124763 22.450130
47.647022 -80.587601 21.376888
48.428291 -78.955750 20.252251
49.076172 -77.270302 19.074919
49.608868 -75.559540 17.846720
50.057076 -73.843094 16.554474
50.479675 -72.124023 15.207835
50.947037 -70.394470 13.823244
51.531898 -68.640869 12.424735
52.296543 -66.847435 11.046665
53.261585 -65.006012 9.724363
54.396587 -63.099316 8.494215
55.646332 -61.110420 7.376636
56.941620 -59.020027 6.380113
58.189030 -56.828926 5.490317
59.309788 -54.549465 4.675636
60.251778 -52.199760 3.894191
60.975376 -49.802319 3.098385
41.181316 -84.930161 29.113945
42.707928 -84.683250 28.380114
44.162086 -84.036026 27.513224
45.489155 -83.045593 26.531582
46.657845 -81.782532 25.454636
47.656689 -80.323753 24.297081
48.495651 -78.741196 23.076080
49.185059 -77.084160 21.798031
49.744534 -75.390083 20.466160
50.203934 -73.684204 19.080290
50.621643 -71.978783 17.646864
51.062542 -70.272141 16.179079
51.592190 -68.556175 14.695964
52.267624 -66.818779 13.226474
53.123440 -65.045479 11.809726
54.138802 -63.219761 10.480476
55.271099 -61.323071 9.263358
56.457249 -59.339241 8.168706
57.620796 -57.255589 7.193967
58.680889 -55.080990 6.308479
59.580528 -52.834019 5.468861
60.276138 -50.538731 4.625722
42.228828 -83.626694 31.365021
43.751152 -83.207748 30.538521
45.171730 -82.413429 29.553535
46.447395 -81.310989 28.434824
47.554558 -79.971947 27.206039
48.490700 -78.469666 25.899418
49.265102 -76.866402 24.528463
49.893330 -75.206818 23.103380
50.402824 -73.525551 21.625523
50.841125 -71.839767 20.111095
51.272411 -70.156830 18.568817
51.759071 -68.473785 17.013618
52.355328 -66.782578 15.468748
53.097122 -65.071571 13.967720
53.986637 -63.318222 12.549155
54.989555 -61.506138 11.237536
56.054249 -59.617554 10.047623
57.108482 -57.642601 8.978852
58.086021 -55.576675 8.011835
58.926865 -53.435684 7.104561
59.583668 -51.244453 6.207096
43.220020 -82.157143 33.444172
44.722595 -81.577866 32.483070
46.101738 -80.661011 31.350187
47.327076 -79.477211 30.075869
48.386093 -78.094223 28.700575
49.274807 -76.574020 27.250607
50.006065 -74.973221 25.742329
50.600281 -73.333794 24.183844
51.097023 -71.682320 22.591614
51.546486 -70.029526 20.981428
52.012032 -68.380775 19.363707
52.547661 -66.732002 17.756994
53.190491 -65.075127 16.188931
53.951138 -63.389999 14.692317
54.820107 -61.655003 13.296531
55.752899 -59.854946 12.017162
56.687920 -57.978004 10.858561
57.561928 -56.021851 9.803609
58.327904 -53.988838 8.821344
58.935856 -51.901398 7.864040
44.175907 -80.520355 35.280853
45.645916 -79.808701 34.163193
46.980835 -78.803452 32.873158
48.164730 -77.572510 31.457212
49.185253 -76.171646 29.947878
50.040394 -74.656654 28.372255
50.746021 -73.081421 26.744749
51.330894 -71.479202 25.086229
51.835957 -69.870155 23.412760
52.310398 -68.261314 21.739403
52.811138 -66.655960 20.080336
53.378242 -65.049637 18.458313
54.028946 -63.425072 16.900131
54.763279 -61.764015 15.431005
55.562317 -60.045692 14.071971
56.371223 -58.260738 12.829285
57.136383 -56.403816 11.691161
57.812946 -54.479008 10.629798
58.362717 -52.494877 9.608288
45.106647 -78.741760 36.840889
46.537231 -77.934814 35.566795
47.833244 -76.877647 34.141464
48.981125 -75.626068 32.602219
49.970711 -74.230186 30.981035
50.801468 -72.743111 29.301636
51.495750 -71.209557 27.589367
52.083210 -69.655930 25.863676
52.603188 -68.098595 24.140137
53.100632 -66.540924 22.435280
53.620575 -64.985313 20.767725
54.187683 -63.417351 19.159430
54.809311 -61.822563 17.631367
55.477222 -60.183445 16.201792
56.162151 -58.484127 14.883313
56.816589 -56.720600 13.667040
57.403564 -54.893158 12.530986
57.888237 -53.010880 11.442724
46.017818 -76.862640 38.126915
47.411495 -75.998695 36.725975
48.671410 -74.916550 35.189175
49.786701 -73.666855 33.552773
50.747921 -72.297722 31.844660
51.560654 -70.853394 30.096312
52.248066 -69.371353 28.331234
52.838699 -67.873817 26.567785
53.368164 -66.373230 24.822680
53.873131 -64.871086 23.115135
54.386543 -63.359165 21.463531
54.923748 -61.826202 19.885689
55.484909 -60.258339 18.397068
56.052864 -58.642345 17.009317
56.603676 -56.965828 15.721264
57.104996 -55.229546 14.514455
57.529530 -53.437901 13.362630
46.916008 -74.929344 39.183456
48.274467 -74.035583 37.684933
49.499855 -72.950562 36.066181
50.581490 -71.723412 34.359608
51.515717 -70.394501 32.598495
52.309853 -69.001190 30.811064
52.986618 -67.576363 29.019753
53.572353 -66.138023 27.243269
54.096191 -64.696648 25.500305
54.587799 -63.242229 23.809284
55.071125 -61.769615 22.186270
55.555092 -60.267796 20.645119
56.032494 -58.726475 19.196325
56.491364 -57.134232 17.840162
56.918919 -55.482273 16.566814
57.292618 -53.774677 15.353669
47.798851 -72.977165 40.066666
49.123638 -72.075417 38.501125
50.312862 -71.007416 36.827293
51.361149 -69.815544 35.081509
52.266743 -68.534050 33.293152
53.037983 -67.196152 31.488575
53.696590 -65.830200 29.690605
54.264378 -64.452217 27.919132
54.767246 -63.060699 26.191959
55.227989 -61.648319 24.526169
55.664501 -60.209629 22.935360
56.079716 -58.736523 21.429794
56.471558 -57.219227 20.010927
56.837749 -55.648666 18.671911
57.171471 -54.019310 17.398537
48.662357 -71.032021 40.827892
49.952389 -70.141045 39.222057
51.106213 -69.102180 37.521259
52.120190 -67.952133 35.758423
52.993717 -66.721802 33.960735
53.736053 -65.440392 32.154266
54.365982 -64.133995 30.362740
54.905846 -62.806389 28.605303
55.375919 -61.458382 26.898932
55.794971 -60.081749 25.259758
56.175987 -58.673111 23.698906
56.526566 -57.223820 22.219803
56.852802 -55.725845 20.818068
57.158257 -54.172970 19.483063
49.498013 -69.113297 41.509674
50.755047 -68.244461 39.888474
51.873940 -67.240791 38.179386
52.852123 -66.135941 36.413616
53.690277 -64.957649 34.617687
54.396740 -63.733261 32.817905
54.993675 -62.476448 31.037889
55.499100 -61.192684 29.296562
55.931458 -59.881287 27.610350
56.306030 -58.535450 25.994728
56.640144 -57.150246 24.455868
56.947704 -55.718513 22.992493
57.240303 -54.235104 21.596737
50.298157 -67.229622 42.142128
51.524349 -66.388153 40.521397
52.609150 -65.422493 38.815208
53.551323 -64.363472 37.054184
54.351318 -63.237770 35.264683
55.022964 -62.060860 33.473484
55.585625 -60.847260 31.704563
56.056999 -59.600395 29.977127
56.454384 -58.320232 28.307594
56.796921 -56.997643 26.709099
57.106838 -55.629005 25.184134
57.402477 -54.210346 23.728214
51.053856 -65.381737 42.737919
52.251675 -64.570427 41.125900
53.304710 -63.643589 39.427479
54.211811 -62.631405 37.673061
54.979252 -61.549633 35.889702
55.619274 -60.414291 34.105431
56.152184 -59.237110 32.345215
56.595829 -58.021599 30.629025
56.972343 -56.764774 28.972614
57.303982 -55.458557 27.386980
57.616745 -54.102726 25.871624
51.758369 -63.567047 43.295452
52.931232 -62.787071 41.695530
53.955441 -61.900616 40.005409
54.835205 -60.927673 38.256477
55.575806 -59.884525 36.477482
56.190907 -58.784298 34.698467
56.702194 -57.638123 32.945976
57.132370 -56.446083 31.240982
57.507130 -55.205734 29.598110
57.851063 -53.912567 28.025806
52.407700 -61.781715 43.805191
53.559345 -61.035110 42.217873
54.562687 -60.182594 40.535030
55.421555 -59.244236 38.790508
56.142677 -58.233646 37.015697
56.741364 -57.163212 35.243347
57.244339 -56.040005 33.502541
57.677826 -54.864277 31.813976
58.070370 -53.636986 30.190701
53.000217 -60.023899 44.255363
54.137466 -59.305534 42.680328
55.125816 -58.483021 41.005047
55.970390 -57.573578 39.266701
56.679451 -56.590126 37.500565
57.273048 -55.540928 35.743221
57.781738 -54.432842 34.024475
58.234791 -53.269310 32.363903
53.537739 -58.286777 44.634445
54.664738 -57.593636 43.074047
55.642853 -56.795914 41.410454
56.478336 -55.909676 39.686142
57.183594 -54.943821 37.941708
57.782749 -53.906677 36.215309
58.309814 -52.808010 34.536312
54.027451 -56.570755 44.949268
55.145844 -55.899139 43.408127
56.115780 -55.120983 41.765495
56.946697 -54.247715 40.070866
57.655006 -53.288696 38.367710
58.268929 -52.256050 36.693813
54.476112 -54.876053 45.212086
55.584808 -54.222198 43.699406
56.547573 -53.453197 42.093945
57.377125 -52.580425 40.450649
58.094151 -51.618347 38.813904
54.891312 -53.205078 45.443665
55.987846 -52.559902 43.973515
56.943081 -51.786156 42.426773
57.772968 -50.901039 40.862411
55.282478 -51.558334 45.666611
56.362431 -50.908131 44.257549
57.306690 -50.112610 42.798691
55.660667 -49.938168 45.901337
56.714951 -49.261963 44.580811
56.028519 -48.347069 46.162380
54.641834 -0.505834 45.750572
55.358810 -0.078313 43.871704
56.088692 0.407427 41.867435
56.847183 0.936088 39.797108
57.643707 1.490962 37.702110
58.474308 2.042174 35.615654
59.325317 2.549341 33.555038
60.182922 2.966574 31.523993
61.034149 3.248215 29.517981
61.864647 3.343543 27.531403
62.658390 3.234976 25.563709
63.393108 2.914566 23.624912
64.038254 2.383925 21.734478
64.552582 1.650236 19.921764
64.883766 0.729102 18.227325
64.994736 -0.342045 16.687366
64.845718 -1.526018 15.347345
64.406143 -2.772596 14.256036
63.648640 -4.016683 13.473672
62.598671 -5.198091 13.016495
61.297272 -6.294405 12.874990
59.784595 -7.318073 13.027876
58.097023 -8.306007 13.443722
56.264565 -9.308915 14.080786
54.329285 -10.370443 14.854872
52.324646 -11.521091 15.676783
50.288231 -12.778111 16.438541
48.269341 -14.145491 17.006184
46.340546 -15.593763 17.246216
44.601006 -17.057278 17.068283
43.188339 -18.431396 16.443085
56.490894 -43.508247 47.684559
57.474655 -42.429047 46.954300
58.457607 -41.343159 46.114620
59.423752 -40.246929 45.186974
60.353535 -39.145863 44.179367
61.225697 -38.048050 43.099476
62.021828 -36.962708 41.956432
62.717716 -35.901375 40.753780
63.282524 -34.881035 39.490219
63.682232 -33.920803 38.173416
63.893612 -33.041447 36.811543
63.894794 -32.266102 35.414368
63.670555 -31.617821 33.994423
63.218014 -31.110531 32.569000
62.557972 -30.729752 31.161377
61.723663 -30.450733 29.775036
60.744522 -30.240822 28.411911
59.647579 -30.063297 27.069593
58.452614 -29.882231 25.756721
57.178055 -29.664925 24.481834
55.837276 -29.378403 23.262901
54.441921 -28.987663 22.126991
53.009903 -28.450359 21.109121
51.551689 -27.747562 20.229847
50.099106 -26.861109 19.493557
48.680656 -25.787079 18.889996
47.332836 -24.530617 18.395531
46.082668 -23.119598 17.964663
44.957817 -21.594830 17.540213
43.987885 -20.004827 17.062225
56.446274 -41.800644 48.298763
57.516411 -40.631824 47.616673
58.571754 -39.481255 46.816845
59.593842 -38.338345 45.910717
60.560085 -37.204163 44.901936
61.449738 -36.084156 43.798347
62.243591 -34.988014 42.608421
62.914112 -33.932262 41.330643
63.433804 -32.936516 39.971809
63.767933 -32.024250 38.544426
63.897530 -31.217539 37.061661
63.806149 -30.538456 35.538536
63.489201 -30.000605 33.994373
62.960686 -29.590973 32.459396
62.241371 -29.286364 30.952789
61.368889 -29.051943 29.476561
60.374649 -28.849720 28.031620
59.285946 -28.640560 26.626080
58.114944 -28.393459 25.273537
56.878212 -28.077179 23.986446
55.588909 -27.658998 22.786640
54.263374 -27.099632 21.705441
52.910793 -26.383718 20.763096
51.546463 -25.495564 19.973434
50.202244 -24.428389 19.328926
48.909195 -23.183170 18.812635
47.689224 -21.782679 18.387661
46.555962 -20.261400 18.002291
45.526085 -18.663475 17.590815
56.420033 -40.005905 48.795441
57.563889 -38.767773 48.149403
58.679585 -37.560894 47.368885
59.745956 -36.375153 46.459034
60.741364 -35.209648 45.422417
61.643280 -34.070679 44.265968
62.430870 -32.971657 42.992470
63.077618 -31.932178 41.609718
63.557533 -30.974545 40.128071
63.836346 -30.124815 38.566124
63.900505 -29.404289 36.942314
63.742897 -28.827860 35.279522
63.373703 -28.384697 33.612511
62.809429 -28.052896 31.967243
62.074131 -27.797974 30.363024
61.209770 -27.578314 28.800673
60.245270 -27.350712 27.290741
59.201294 -27.079739 25.842979
58.085659 -26.735725 24.473499
56.914047 -26.288445 23.198137
55.703583 -25.701839 22.042259
54.460598 -24.964115 21.024694
53.199402 -24.063154 20.159119
51.935390 -22.994114 19.450287
50.702156 -21.754488 18.882668
49.517471 -20.362034 18.426844
48.391712 -18.844494 18.041281
47.332619 -17.236675 17.672421
56.417942 -38.136429 49.132641
57.617790 -36.842869 48.500755
58.778229 -35.588959 47.714508
59.879223 -34.365910 46.775795
60.897289 -33.174988 45.684994
61.807693 -32.026501 44.442799
62.588745 -30.936932 43.061760
63.215275 -29.928104 41.553047
63.662857 -29.024210 39.932575
63.899059 -28.252729 38.224590
63.918762 -27.629288 36.457085
63.727467 -27.146454 34.670021
63.339928 -26.784451 32.894321
62.776928 -26.509308 31.156006
62.066483 -26.277369 29.472338
61.247456 -26.039156 27.851210
60.342106 -25.754864 26.302372
59.367176 -25.391100 24.836538
58.327442 -24.919445 23.472710
57.241405 -24.307898 22.230303
56.115139 -23.547668 21.124790
54.960182 -22.630205 20.169128
53.790188 -21.553698 19.368223
52.622768 -20.316660 18.720783
51.479321 -18.932842 18.198395
50.369041 -17.423901 17.768253
49.298851 -15.815243 17.388752
56.434692 -36.215649 49.267220
57.672096 -34.878036 48.622147
58.864670 -33.585285 47.804733
59.991135 -32.332748 46.813049
61.026146 -31.126451 45.640141
61.941818 -29.980743 44.295048
62.717072 -28.914003 42.793365
63.327469 -27.950045 41.151665
63.750648 -27.114376 39.391899
63.959305 -26.431751 37.548050
63.959511 -25.897335 35.665913
63.762657 -25.494751 33.782368
63.388832 -25.191763 31.928116
62.864223 -24.944424 30.125988
62.212376 -24.699286 28.395531
61.465710 -24.410263 26.742737
60.641907 -24.040133 25.177481
59.753826 -23.557789 23.712286
58.806511 -22.933153 22.369783
57.806030 -22.159912 21.162582
56.763783 -21.232414 20.101387
55.690540 -20.151678 19.191401
54.601292 -18.918999 18.430666
53.504692 -17.546766 17.808090
52.415756 -16.052456 17.291582
51.342369 -14.454400 16.848618
56.464725 -34.277309 49.177673
57.725956 -32.905663 48.491840
58.939068 -31.583496 47.619289
60.081848 -30.311560 46.550110
61.126022 -29.100821 45.283760
62.042915 -27.968597 43.829983
62.811211 -26.935276 42.209175
63.407578 -26.026293 40.443794
63.814102 -25.265095 38.566437
64.012238 -24.660305 36.626270
64.015030 -24.198109 34.667366
63.840164 -23.849863 32.725918
63.514751 -23.573368 30.828968
63.060894 -23.315336 28.997375
62.494331 -23.025467 27.245941
61.842194 -22.660486 25.580845
61.116631 -22.185780 24.013046
60.328781 -21.569801 22.557371
59.468410 -20.803486 21.233059
58.547386 -19.882618 20.050228
57.576630 -18.810247 19.013308
56.568096 -17.590254 18.120747
55.529434 -16.236343 17.361454
54.467552 -14.763086 16.723030
53.396904 -13.185505 16.171902
56.506554 -32.351597 48.879551
57.781418 -30.956203 48.129673
59.005035 -29.615135 47.178802
60.153545 -28.333950 46.023045
61.198353 -27.127169 44.660778
62.109978 -26.015759 43.103756
62.867352 -25.021818 41.377922
63.450546 -24.169632 39.515892
63.849987 -23.468748 37.564480
64.053955 -22.922245 35.569420
64.082542 -22.503975 33.574623
63.961845 -22.175646 31.612732
63.715790 -21.887035 29.705160
63.358639 -21.588820 27.866037
62.898560 -21.233248 26.108265
62.355732 -20.779737 24.439001
61.738190 -20.193794 22.870264
61.039261 -19.460979 21.415089
60.253754 -18.570715 20.094131
59.393997 -17.525991 18.913898
58.472214 -16.332838 17.872581
57.495628 -15.005872 16.961395
56.472229 -13.561293 16.166931
55.412064 -12.011106 15.476115
56.561066 -30.455479 48.408810
57.841393 -29.046799 47.573948
59.065552 -27.696404 46.537415
60.209732 -26.413462 45.293297
61.245407 -25.216225 43.841198
62.143528 -24.129045 42.196056
62.885647 -23.173431 40.393139
63.459976 -22.363291 38.476555
63.863697 -21.702486 36.491734
64.092926 -21.185984 34.481544
64.176834 -20.777864 32.487125
64.139297 -20.433491 30.532265
63.996742 -20.106873 28.630655
63.755478 -19.752325 26.792707
63.413971 -19.324043 25.030272
62.986031 -18.782181 23.350430
62.459263 -18.103830 21.765863
61.831055 -17.272717 20.292109
61.096733 -16.280613 18.951468
60.270573 -15.133016 17.746248
59.363018 -13.845407 16.669958
58.384674 -12.435822 15.711042
57.347530 -10.919493 14.852607
56.632751 -28.587769 47.824833
57.910942 -27.173559 46.901016
59.126621 -25.820967 45.777561
60.256432 -24.542143 44.449856
61.272865 -23.358305 42.920475
62.150116 -22.294878 41.211571
62.878075 -21.365709 39.367775
63.451443 -20.580210 37.431927
63.875168 -19.935074 35.447411
64.155617 -19.418909 33.452831
64.320610 -18.990767 31.478348
64.386803 -18.609957 29.539309
64.362457 -18.234480 27.644642
64.243698 -17.821560 25.801552
64.019951 -17.325035 24.019964
63.682674 -16.712269 22.309532
63.222446 -15.956953 20.687452
62.635773 -15.043489 19.172871
61.920586 -13.962931 17.789093
61.092525 -12.729082 16.537470
60.168488 -11.362675 15.408089
59.164474 -9.882623 14.383703
56.734047 -26.723869 47.231873
58.002499 -25.311102 46.218884
59.200653 -23.963717 45.011452
60.306271 -22.695759 43.607895
61.295372 -21.528959 42.017639
62.151451 -20.483053 40.271175
62.870571 -19.568714 38.411613
63.455273 -18.790098 36.479652
63.920147 -18.139153 34.514679
64.272430 -17.601969 32.543427
64.532990 -17.141130 30.586811
64.710297 -16.719625 28.654428
64.802208 -16.298203 26.750786
64.795174 -15.833591 24.879375
64.656311 -15.282473 23.054287
64.378204 -14.607896 21.290562
63.949642 -13.781976 19.611670
63.368412 -12.786703 18.040941
62.636826 -11.620278 16.606306
61.780018 -10.304313 15.305523
60.821896 -8.862701 14.120721
56.881802 -24.842381 46.740078
58.131439 -23.440098 45.638397
59.302601 -22.108002 44.348175
60.376144 -20.859505 42.873821
61.337635 -19.709835 41.234795
62.176735 -18.676895 39.461136
62.896996 -17.767681 37.593895
63.509651 -16.983446 35.669449
64.030746 -16.314953 33.716450
64.463005 -15.751497 31.753365
64.818954 -15.258701 29.793972
65.096733 -14.801500 27.842791
65.284012 -14.339365 25.899916
65.347237 -13.829041 23.974478
65.255013 -13.221610 22.086845
64.996689 -12.477657 20.259125
64.561317 -11.565310 18.521658
63.951878 -10.473539 16.906380
63.182911 -9.212453 15.437740
62.287701 -7.809586 14.103189
57.096245 -22.958075 46.435936
58.314926 -21.577347 45.238972
59.448463 -20.269972 43.858742
60.487221 -19.041758 42.312187
61.422070 -17.906738 40.620060
62.250271 -16.880386 38.813557
62.982250 -15.968466 36.927677
63.632095 -15.171776 34.991455
64.210968 -14.484427 33.024715
64.716545 -13.897535 31.040777
65.150528 -13.377793 29.046673
65.500267 -12.887595 27.042376
65.736801 -12.383696 25.036205
65.827560 -11.816493 23.043467
65.739723 -11.133742 21.092424
65.461014 -10.290462 19.213930
64.986931 -9.262691 17.449217
64.333038 -8.054543 15.827188
63.523361 -6.687853 14.358286
57.387749 -21.120838 46.348164
58.559593 -19.766293 45.037880
59.648170 -18.479591 43.556709
60.647663 -17.265923 41.922737
61.555885 -16.137779 40.161236
62.376122 -15.110548 38.299694
63.122662 -14.189928 36.369282
63.805729 -13.379868 34.390659
64.430237 -12.676228 32.376755
64.987152 -12.069415 30.337452
65.465897 -11.522393 28.274195
65.841103 -10.992437 26.198168
66.083221 -10.428932 24.123543
66.159019 -9.776902 22.074997
66.035591 -8.977917 20.090502
65.707222 -7.995723 18.212847
65.182121 -6.825986 16.478088
64.485138 -5.487409 14.902125
57.739967 -19.375885 46.431988
58.852882 -18.037157 44.992882
59.886059 -16.760778 43.390076
60.839287 -15.550734 41.647442
61.715050 -14.420332 39.788815
62.523613 -13.385489 37.845722
63.275742 -12.454688 35.840576
63.976067 -11.633112 33.787071
64.621918 -10.915470 31.694180
65.195419 -10.286583 29.569859
65.675873 -9.702104 27.428644
66.035690 -9.110677 25.287066
66.244736 -8.454382 23.170155
66.269852 -7.669378 21.115349
66.086617 -6.708344 19.169628
65.700981 -5.558365 17.368328
65.129776 -4.233869 15.732721
58.103405 -17.726213 46.596390
59.142097 -16.392454 45.005333
60.106934 -15.116173 43.258713
61.000309 -13.902302 41.379456
61.834507 -12.765309 39.402409
62.619232 -11.723619 37.353802
63.359722 -10.786604 35.248367
64.054214 -9.957774 33.096779
64.690948 -9.225602 30.907341
65.246887 -8.564153 28.704439
65.696861 -7.919027 26.507313
66.012367 -7.229956 24.344179
66.162827 -6.428350 22.255514
66.123413 -5.461945 20.286877
65.880173 -4.311910 18.470203
65.446121 -2.987300 16.825462
58.391628 -16.145803 46.717369
59.340504 -14.813206 44.952965
60.219616 -13.537532 43.036964
61.043736 -12.324401 41.009308
61.827045 -11.189518 38.902210
62.576355 -10.151405 36.735970
63.290695 -9.217736 34.522015
63.960678 -8.384960 32.272057
64.570503 -7.627687 30.011703
65.091896 -6.907844 27.769094
65.497337 -6.161600 25.575857
65.757355 -5.317397 23.478144
65.848221 -4.320107 21.522867
65.752617 -3.149250 19.735783
65.461601 -1.811764 18.126230
58.506954 -14.622733 46.686596
59.345646 -13.306320 44.722801
60.132675 -12.050619 42.633987
60.885612 -10.859422 40.458946
61.616879 -9.746300 38.224922
62.329041 -8.726756 35.949390
63.014660 -7.801000 33.645630
63.660263 -6.948700 31.340281
64.242928 -6.132469 29.063419
64.730003 -5.304810 26.854263
65.092667 -4.391254 24.766169
65.305878 -3.337784 22.849045
65.350616 -2.124761 21.124359
65.211487 -0.757993 19.591877
58.344849 -13.201937 46.393337
59.078041 -11.940193 44.238541
59.786701 -10.736724 41.994202
60.485298 -9.591080 39.693573
61.181732 -8.512267 37.360767
61.873238 -7.507225 35.014046
62.546608 -6.560267 32.677288
63.180717 -5.640851 30.381304
63.748062 -4.702521 28.171000
64.211800 -3.690868 26.108181
64.545334 -2.554561 24.248249
64.725739 -1.278192 22.607889
64.733315 0.133316 21.178053
57.860004 -12.015459 45.780193
58.526321 -10.839364 43.474888
59.195206 -9.699218 41.119026
59.875225 -8.591990 38.741341
60.569260 -7.520231 36.365208
61.267178 -6.479934 34.013390
61.950031 -5.447147 31.715364
62.591518 -4.384507 29.518995
63.160183 -3.241966 27.500002
63.615776 -1.998108 25.716055
63.931267 -0.640302 24.178886
64.080093 0.827969 22.867651
57.137562 -11.149653 44.890293
57.785511 -10.036353 42.496105
58.455261 -8.921853 40.089172
59.152996 -7.799447 37.698132
59.873875 -6.667670 35.345993
60.603195 -5.517121 33.061306
61.317444 -4.318773 30.894699
61.985722 -3.037621 28.931360
62.569130 -1.666272 27.241079
63.020096 -0.217403 25.818052
63.305946 1.313994 24.632128
56.283703 -10.546913 43.825428
56.949646 -9.437466 41.406811
57.655632 -8.278994 39.015686
58.400368 -7.067278 36.677128
59.176777 -5.797574 34.421715
59.963863 -4.461211 32.300495
60.733536 -3.039349 30.408255
61.440109 -1.549135 28.815191
62.031799 -0.006546 27.513790
62.451107 1.587704 26.450270
55.372803 -10.075004 42.699261
56.092785 -8.890818 40.325497
56.866127 -7.612804 38.015057
57.692490 -6.234805 35.804497
58.558090 -4.761896 33.749146
59.433445 -3.209696 31.944387
60.266506 -1.616369 30.455313
60.991646 0.000305 29.261215
61.545498 1.651584 28.311581
54.474049 -9.568792 41.640678
55.283539 -8.235106 39.377010
56.167068 -6.764746 37.228085
57.118683 -5.173486 35.258755
58.110809 -3.511621 33.562767
59.073704 -1.843033 32.178802
59.931046 -0.174590 31.078449
60.607662 1.516378 30.212090
53.666710 -8.860199 40.796993
54.622715 -7.316174 38.734642
55.674366 -5.642704 36.871620
56.792088 -3.916897 35.292633
57.889706 -2.207654 34.007519
58.873539 -0.511012 32.978424
59.663986 1.205666 32.167980
53.083752 -7.837830 40.355881
54.250832 -6.131712 38.609844
55.496101 -4.393447 37.134174
56.722351 -2.675879 35.926044
57.827995 -0.966894 34.949852
58.722656 0.766112 34.173019
52.880184 -6.609776 40.490143
54.248959 -4.906790 39.090504
55.591309 -3.208564 37.928421
56.806347 -1.501600 36.982410
57.797348 0.241426 36.224304
53.072491 -5.413532 41.151035
54.515656 -3.760892 40.003334
55.824772 -2.070689 39.062183
56.899967 -0.324576 38.308369
53.513969 -4.277532 42.136707
54.900589 -2.626429 41.171642
56.046581 -0.889169 40.404118
54.033058 -3.114952 43.287628
55.239044 -1.413730 42.479801
54.464493 -1.860931 44.505024
54.289047 0.787109 47.213135
54.279778 2.660508 46.931801
53.859962 4.581600 46.527122
53.077919 6.448514 46.013073
52.028824 8.225176 45.417156
50.839302 9.938577 44.772667
49.627380 11.644007 44.102383
48.485176 13.389471 43.412331
47.486744 15.205562 42.696152
46.700089 17.106333 41.935150
46.147133 19.078182 41.113678
45.831322 21.104778 40.221252
45.736805 23.172144 39.253231
45.829556 25.273069 38.206642
46.051319 27.408655 37.075455
46.324318 29.581890 35.855110
46.579987 31.795139 34.534500
46.758957 34.043663 33.103706
46.811802 36.312626 31.552162
46.722565 38.575439 29.886415
46.497238 40.804474 28.117805
46.152267 42.973392 26.258595
45.710320 45.057743 24.321852
45.196033 47.030735 22.320055
44.640278 48.882362 20.271500
44.067043 50.600952 18.190783
43.498806 52.178837 16.093960
42.956982 53.606464 14.000871
42.456657 54.884895 11.935789
42.003433 56.016724 9.925859
41.599518 56.989658 8.014680
43.752663 -15.595546 16.305534
44.505569 -12.592953 15.876304
45.365883 -9.460887 15.177371
46.256096 -6.247761 14.190833
47.107525 -3.003373 12.926351
47.875523 0.230091 11.448621
48.535877 3.398679 9.830954
49.084305 6.469247 8.169788
49.537952 9.421555 6.580172
49.940670 12.284634 5.201979
50.351536 15.067285 4.161371
50.828976 17.764633 3.580169
51.413731 20.337662 3.555932
52.100239 22.719250 4.110049
52.836884 24.887295 5.084726
53.544876 26.884396 6.284250
54.138760 28.791658 7.495203
54.509491 30.703712 8.526289
54.592407 32.690758 9.208948
54.349434 34.771679 9.505689
53.783775 36.921028 9.455679
52.938831 39.096420 9.151142
51.874962 41.267944 8.715297
50.669197 43.423477 8.262875
49.379715 45.560005 7.882472
48.057430 47.668568 7.625892
46.743198 49.729816 7.519645
45.453308 51.719727 7.555976
44.180721 53.611065 7.698577
42.905941 55.373577 7.888641
45.399380 -14.006287 16.672712
46.301514 -10.887005 15.953191
47.229034 -7.734740 14.917829
48.112343 -4.592013 13.586281
48.911503 -1.478968 12.026856
49.607048 1.583081 10.322317
50.196301 4.569586 8.569180
50.689941 7.466242 6.881581
51.121815 10.292334 5.387180
51.535118 13.065255 4.224498
51.983192 15.782213 3.530043
52.506252 18.409128 3.433874
53.099415 20.869740 4.001110
53.715904 23.116776 5.104261
54.295341 25.173647 6.531983
54.758492 27.125071 8.052881
55.010719 29.071533 9.443698
54.994316 31.093243 10.513169
54.684982 33.215759 11.148082
54.082394 35.415157 11.361233
53.224789 37.645626 11.238900
52.169006 39.870014 10.907996
50.987194 42.070011 10.498845
49.727291 44.238892 10.114001
48.436020 46.372276 9.825797
47.149921 48.457195 9.671898
45.882568 50.478611 9.649605
44.621521 52.422077 9.728288
43.341427 54.270828 9.852869
47.274075 -12.473840 16.547579
48.233150 -9.356858 15.516045
49.144302 -6.279944 14.177374
49.967804 -3.255938 12.595478
50.688267 -0.285786 10.850258
51.306427 2.629280 9.042499
51.830795 5.478840 7.289273
52.287510 8.278831 5.714879
52.706402 11.042521 4.449698
53.127247 13.776477 3.646389
53.585426 16.451838 3.458409
54.076332 18.988018 3.988658
54.561077 21.315481 5.139000
54.990864 23.436382 6.717647
55.313889 25.426069 8.473352
55.443153 27.390654 10.165934
55.331093 29.420958 11.574081
54.953941 31.556404 12.564061
54.315434 33.785526 13.078437
53.446980 36.061005 13.181746
52.402088 38.337917 12.999371
51.248371 40.590343 12.673676
50.030903 42.806824 12.320264
48.783562 44.979183 12.025058
47.539700 47.099243 11.843199
46.306629 49.157238 11.780865
45.068832 51.146576 11.811601
43.797531 53.058468 11.888976
49.252964 -11.058755 16.010263
50.192909 -8.028392 14.708093
51.042328 -5.065789 13.153695
51.784206 -2.167242 11.419500
52.422401 0.682344 9.600266
52.967102 3.489225 7.816527
53.441528 6.266083 6.193287
53.865658 9.023632 4.858789
54.261509 11.768641 3.958953
54.653473 14.482795 3.669384
55.033806 17.085432 4.122260
55.375721 19.489595 5.251015
55.644737 21.676672 6.886754
55.808002 23.706621 8.796999
55.807449 25.681961 10.721877
55.596714 27.703854 12.421759
55.153603 29.826839 13.732353
54.478664 32.055527 14.573556
53.601234 34.354458 14.944044
52.570297 36.671936 14.953303
51.449448 38.973415 14.752300
50.281044 41.240803 14.467470
49.095768 43.462299 14.197542
47.911194 45.625801 14.009686
46.730515 47.725281 13.925112
45.531975 49.757839 13.925011
44.285900 51.720303 13.970345
51.254303 -9.790190 15.197536
52.132805 -6.875617 13.707314
52.898151 -4.030653 12.026971
53.552166 -1.236094 10.243194
54.107548 1.528309 8.470222
54.589645 4.283506 6.832462
55.012718 7.035326 5.458796
55.385784 9.788168 4.491552
55.710155 12.527884 4.099173
55.974674 15.181990 4.442806
56.164139 17.653139 5.489576
56.263062 19.903776 7.100943
56.257008 21.976974 9.068686
56.108097 23.962536 11.151883
55.791458 25.966566 13.084876
55.278419 28.057972 14.680609
54.566216 30.259430 15.826063
53.679722 32.550171 16.495054
52.665367 34.885517 16.737864
51.582008 37.221966 16.701941
50.469845 39.533585 16.523296
49.355873 41.802902 16.311781
48.253571 44.014595 16.146563
47.145424 46.158653 16.059340
46.006138 48.234966 16.044691
44.801735 50.242638 16.072252
53.232609 -8.651229 14.270020
54.025200 -5.851577 12.673975
54.696049 -3.101714 10.961704
55.256046 -0.375441 9.240852
55.734653 2.357242 7.627280
56.146950 5.104265 6.246841
56.492432 7.862879 5.239028
56.756348 10.617245 4.764048
56.905926 13.302749 4.975675
56.942417 15.825259 5.889008
56.866409 18.131645 7.404591
56.683498 20.247561 9.345988
56.373993 22.247616 11.495654
55.929779 24.231009 13.598295
55.335590 26.279495 15.431509
54.578518 28.432463 16.856415
53.677967 30.687099 17.811840
52.678421 33.008415 18.323364
51.634911 35.356503 18.492950
50.584167 37.696541 18.457830
49.550152 40.004131 18.338503
48.541279 42.258629 18.224682
47.531830 44.447571 18.159807
46.472950 46.567425 18.147551
45.329723 48.619125 18.170664
55.152065 -7.614445 13.356861
55.844231 -4.905386 11.739685
56.408981 -2.212542 10.098942
56.876907 0.498946 8.544314
57.267357 3.241197 7.191742
57.579308 6.006289 6.172870
57.785805 8.770134 5.637978
57.841637 11.470996 5.730014
57.735985 14.025260 6.473929
57.491112 16.374886 7.835906
57.127712 18.528629 9.677502
56.645882 20.545488 11.811546
56.054108 22.514795 13.998064
55.351131 24.516075 16.014696
54.531845 26.608040 17.680574
53.604275 28.804213 18.907082
52.608711 31.084229 19.683720
51.599705 33.413067 20.096041
50.610542 35.758518 20.243450
49.660511 38.088013 20.250875
48.753990 40.374214 20.218382
47.855484 42.600368 20.200533
46.905094 44.761742 20.212280
45.844250 46.856098 20.244471
56.983376 -6.641685 12.567193
57.557594 -3.982930 11.022554
58.014320 -1.291965 9.546958
58.375584 1.446131 8.250762
58.645023 4.220103 7.251749
58.795670 6.994919 6.685029
58.773148 9.705379 6.678522
58.559662 12.276521 7.264807
58.162895 14.653317 8.431599
57.626194 16.834085 10.112962
56.965023 18.863607 12.157164
56.207527 20.822353 14.348049
55.367970 22.783285 16.468359
54.453537 24.806849 18.329802
53.476387 26.930277 19.796814
52.466530 29.146477 20.830448
51.475315 31.430458 21.486786
50.539196 33.751759 21.853037
49.672138 36.080685 22.023354
48.872295 38.382061 22.103149
48.095356 40.633472 22.158524
47.268024 42.827560 22.215271
46.319824 44.961536 22.275457
58.688618 -5.686831 11.996542
59.139484 -3.021887 10.607450
59.471764 -0.290855 9.379758
59.694027 2.493485 8.423871
59.786560 5.285224 7.854762
59.699074 8.009502 7.781202
59.404282 10.594502 8.234024
58.898434 12.988376 9.219397
58.208839 15.182846 10.696403
57.374329 17.214165 12.587671
56.439556 19.158007 14.708642
55.438660 21.082424 16.856218
54.394028 23.043560 18.839577
53.328556 25.083992 20.509663
52.275623 27.221502 21.777021
51.278027 29.439314 22.673897
50.371693 31.713264 23.263271
49.575535 34.014011 23.630827
48.880531 36.309212 23.855829
48.230743 38.569679 24.011999
47.539680 40.784203 24.136784
46.721752 42.948689 24.242638
60.239407 -4.690567 11.716972
60.548416 -1.976867 10.554511
60.725464 0.813256 9.645432
60.760666 3.627043 9.094124
60.615711 6.376417 8.985705
60.263500 8.983903 9.341366
59.683968 11.397011 10.172668
58.890163 13.600704 11.460172
57.905628 15.619992 13.152281
56.798237 17.534435 15.139135
55.619865 19.414627 17.242439
54.413834 21.314556 19.276503
53.217960 23.275146 21.083012
52.075878 25.321505 22.554062
51.036034 27.458920 23.672775
50.128670 29.666361 24.483671
49.373878 31.918674 25.053102
48.769054 34.182663 25.454376
48.245975 36.431870 25.740341
47.700333 38.650604 25.957352
47.030128 40.833218 26.129328
61.597054 -3.616652 11.761123
61.738171 -0.836097 10.887331
61.722233 1.994704 10.353925
61.526531 4.777992 10.234641
61.132572 7.423234 10.531353
60.511047 9.869422 11.250624
59.655136 12.092581 12.379210
58.574692 14.103718 13.886716
57.321793 15.975115 15.690434
55.970383 17.795387 17.683647
54.583237 19.625145 19.698477
53.220318 21.505424 21.574404
51.940086 23.461605 23.189169
50.803909 25.506149 24.505735
49.851299 27.635118 25.524042
49.098618 29.823284 26.296459
48.546360 32.040020 26.879780
48.131996 34.256187 27.324558
47.731651 36.460293 27.660309
47.220695 38.645248 27.920238
62.720451 -2.452172 12.153245
62.664055 0.377318 11.619201
62.425148 3.189963 11.487586
61.999748 5.883064 11.751662
61.359390 8.381652 12.398728
60.479721 10.645481 13.412103
59.351406 12.668405 14.766705
58.012466 14.508167 16.399780
56.520126 16.252790 18.233070
54.957336 17.993294 20.164248
53.405674 19.780573 22.043619
51.946545 21.642305 23.740641
50.659149 23.592575 25.201250
49.598919 25.631245 26.407209
48.796200 27.745964 27.371134
48.249634 29.903652 28.138563
47.900242 32.074772 28.747910
47.626442 34.244419 29.228872
47.276875 36.413017 29.600758
63.568954 -1.219482 12.905858
63.297012 1.602037 12.736984
62.847725 4.337394 12.965419
62.203163 6.898855 13.566067
61.331196 9.228319 14.503606
60.199860 11.294243 15.749235
58.828175 13.131900 17.243351
57.260136 14.819225 18.926172
55.559811 16.452038 20.725264
53.826958 18.123066 22.547266
52.166260 19.872620 24.266260
50.683876 21.720285 25.814888
49.455326 23.665094 27.160414
48.531525 25.696049 28.299206
47.930496 27.788757 29.241245
47.592979 29.907080 30.017649
47.397781 32.033310 30.649059
47.191811 34.166313 31.156616
64.116707 0.021482 14.007360
63.652519 2.776299 14.169426
63.012421 5.392892 14.717952
62.169415 7.799470 15.603131
61.075897 9.941339 16.777914
59.722248 11.818759 18.176594
58.136879 13.486885 19.739964
56.370617 15.036341 21.413433
54.501118 16.569967 23.133232
52.649353 18.179363 24.819267
50.948982 19.901472 26.401594
49.505417 21.739914 27.836254
48.393623 23.681959 29.107107
47.658226 25.701887 30.210062
47.265663 27.765289 31.145699
47.092026 29.843670 31.930058
46.979862 31.933575 32.577301
64.379250 1.207211 15.392417
63.752121 3.852856 15.853271
62.949989 6.325888 16.677645
61.924744 8.557382 17.802313
60.639317 10.516614 19.142618
59.092697 12.217545 20.629114
57.323677 13.729545 22.206440
55.395584 15.155556 23.827875
53.403645 16.602289 25.440741
51.498898 18.167171 27.008228
49.817528 19.871712 28.483969
48.468246 21.708635 29.842459
47.525196 23.649876 31.069462
46.990612 25.653881 32.154190
46.767662 27.685570 33.085487
46.690956 29.729589 33.874832
64.387230 2.286983 17.006264
63.631672 4.795992 17.732018
62.689152 7.102816 18.795799
61.509861 9.160233 20.095625
60.058529 10.944661 21.540552
58.345615 12.480617 23.060938
56.425404 13.852704 24.608908
54.376873 15.172721 26.148438
52.323765 16.559055 27.664471
50.422352 18.097034 29.137865
48.815086 19.798397 30.541906
47.613991 21.641821 31.855312
46.860100 23.580059 33.059242
46.497417 25.563061 34.131931
46.383656 27.563871 35.059784
64.176025 3.224828 18.797089
63.322041 5.572144 19.760777
62.268673 7.710698 21.007692
60.959240 9.598424 22.427395
59.365479 11.215840 23.925919
57.515091 12.601277 25.437151
55.479771 13.852232 26.924835
53.365986 15.099514 28.386761
51.303127 16.450342 29.825308
49.457607 17.982910 31.236368
47.978199 19.696384 32.599857
46.952866 21.548880 33.891743
46.370628 23.477995 35.082279
46.129749 25.435652 36.146816
63.782867 3.985613 20.726179
62.863155 6.166293 21.880404
61.721870 8.138276 23.261229
60.302448 9.860785 24.753822
58.590622 11.322279 26.263739
56.633606 12.574990 27.733677
54.531696 13.742420 29.160141
52.398338 14.947389 30.559349
50.373680 16.291546 31.948242
48.635799 17.841957 33.327682
47.317406 19.576607 34.676640
46.461819 21.432919 35.959854
46.013454 23.344460 37.143368
63.245781 4.551796 22.736454
62.286575 6.564987 24.039230
61.077690 8.372466 25.512749
59.569141 9.937618 27.039217
57.764885 11.257966 28.528046
55.743229 12.416685 29.951536
53.613995 13.534293 31.328094
51.502678 14.731036 32.689159
49.562832 16.099495 34.057976
47.967545 17.684633 35.434017
46.813885 19.438713 36.784588
46.103615 21.288473 38.068005
62.605080 4.912836 24.789385
61.624382 6.759424 26.203926
60.363201 8.408913 27.733576
58.783974 9.829165 29.260910
56.921528 11.047024 30.718296
54.868523 12.147841 32.102127
52.748199 13.253538 33.449226
50.700500 14.478212 34.799355
48.880402 15.893970 36.176273
47.439121 17.515518 37.566460
46.437458 19.277550 38.928562
61.892925 5.064134 26.858437
60.902519 6.750799 28.350939
59.601177 8.254514 29.904711
57.976810 9.567936 31.417816
56.083706 10.720127 32.846020
54.030666 11.803038 34.206734
51.955727 12.936019 35.548832
50.004936 14.215195 36.914768
48.319881 15.682567 38.317566
47.028389 17.328674 39.731937
61.133308 5.010477 28.925976
60.141975 6.550804 30.466721
58.816811 7.947309 32.025742
57.169159 9.190951 33.522411
55.272015 10.318453 34.933334
53.250557 11.424194 36.291824
51.251411 12.613144 37.653271
49.414032 13.952450 39.051750
47.865250 15.459648 40.489922
60.345886 4.767572 30.985634
59.361629 6.201845 32.552959
58.029137 7.529062 34.111065
56.380283 8.744468 35.597679
54.506351 9.888626 37.006908
52.543594 11.046797 38.383709
50.636517 12.297845 39.778976
48.916229 13.685271 41.218021
59.541260 4.379955 33.041393
58.577255 5.747596 34.626141
57.255844 7.047782 36.184082
55.629250 8.276190 37.669220
53.802029 9.466340 39.091221
51.912666 10.682577 40.496777
50.101719 11.982762 41.930889
58.736855 3.896939 35.107685
57.805195 5.240465 36.703468
56.513515 6.554306 38.261856
54.928822 7.823821 39.752998
53.161613 9.064664 41.194107
51.351105 10.325099 42.630600
57.946884 3.366267 37.191040
57.061642 4.725408 38.790947
55.813789 6.078283 40.349949
54.280712 7.390583 41.849289
52.577866 8.665771 43.308910
57.187050 2.830540 39.285091
56.354752 4.228151 40.881405
55.154251 5.617317 42.439388
53.673618 6.950899 43.944431
56.460835 2.313567 41.369240
55.675873 3.743050 42.955185
54.515610 5.138484 44.508480
55.757484 1.818051 43.410782
54.999405 3.241807 44.982021
55.051048 1.329446 45.372009
40.237007 58.896141 5.418971
38.988628 60.040482 4.363809
37.565308 61.084820 3.204555
35.993065 61.996399 1.964418
34.288555 62.770901 0.667096
32.466015 63.426720 -0.653245
30.537737 63.987946 -1.961178
28.507965 64.459488 -3.227688
26.383579 64.824478 -4.430728
24.176460 65.030716 -5.550134
21.922956 65.025558 -6.578657
19.667023 64.755524 -7.508237
17.461958 64.176544 -8.330079
15.372969 63.254864 -9.034310
13.481479 61.978619 -9.615748
11.851088 60.395142 -10.092315
10.533742 58.560349 -10.491983
9.543045 56.540291 -10.853009
8.852065 54.383347 -11.208816
8.363733 52.118855 -11.563980
7.979763 49.752319 -11.884525
7.617474 47.284046 -12.108141
7.212868 44.719398 -12.156884
6.720810 42.067932 -11.945924
6.132660 39.345337 -11.450105
5.456780 36.554085 -10.668932
4.717790 33.689526 -9.635906
3.954013 30.742420 -8.411180
3.214946 27.715927 -7.095299
2.543277 24.637026 -5.795166
1.973513 21.577412 -4.615848
1.843050 18.278893 -5.427908
2.193311 17.715738 -7.402101
2.564021 17.127857 -9.449804
2.955178 16.552778 -11.497626
3.385954 16.015110 -13.487638
3.892728 15.524565 -15.363124
4.516086 15.077352 -17.074379
5.297798 14.671384 -18.562820
6.262774 14.314151 -19.761477
7.401782 14.025455 -20.587143
8.640726 13.794430 -21.057610
9.927367 13.574759 -21.260832
11.249632 13.312251 -21.323153
12.620966 12.969997 -21.371161
14.054625 12.538455 -21.505184
15.545620 12.037064 -21.760740
17.086266 11.493402 -22.130886
18.668016 10.942799 -22.584103
20.279333 10.424181 -23.083687
21.896080 9.963911 -23.600277
23.486904 9.570745 -24.129042
25.014975 9.245463 -24.687962
26.438187 8.992156 -25.315273
27.702435 8.840851 -26.065815
28.779835 8.844147 -26.960007
29.669538 9.069022 -27.978363
30.422821 9.552264 -29.063257
31.129980 10.284618 -30.139885
31.879568 11.198179 -31.135532
32.708324 12.213354 -31.998955
33.604118 13.251752 -32.692299
40.609737 58.814430 3.197153
41.111572 58.491646 0.962378
41.679672 57.965870 -1.274882
42.259247 57.243206 -3.491656
42.786663 56.318768 -5.656556
43.200100 55.197044 -7.730767
43.448246 53.892792 -9.667855
43.497997 52.420509 -11.409061
43.332603 50.799232 -12.882812
42.974922 49.072464 -14.047761
42.458710 47.289928 -14.923290
41.808464 45.489353 -15.575405
41.035427 43.692211 -16.103960
40.140541 41.905369 -16.617474
39.119835 40.132538 -17.177774
38.004486 38.348145 -17.799419
36.839478 36.519531 -18.453224
35.699600 34.599682 -19.094522
34.674202 32.565636 -19.670013
33.858494 30.405191 -20.177052
33.313076 28.128090 -20.641588
33.057026 25.762514 -21.103874
33.069630 23.349617 -21.608072
33.292313 20.946190 -22.234604
33.636551 18.623840 -23.040680
34.019173 16.486916 -24.106457
34.343761 14.692978 -25.503460
34.491344 13.460426 -27.230131
34.387222 12.895054 -29.108789
34.055180 12.885203 -30.954876
39.347816 59.967991 1.978290
39.828682 59.653717 -0.370061
40.361012 59.123711 -2.680670
40.875771 58.380074 -4.936734
41.305538 57.415016 -7.108821
41.587154 56.230087 -9.153697
41.679489 54.842297 -11.016665
41.560127 53.266796 -12.622731
41.256790 51.543701 -13.927563
40.805153 49.721340 -14.923189
40.240379 47.847492 -15.669718
39.579826 45.951263 -16.265608
38.826969 44.045174 -16.829752
37.973442 42.138664 -17.450813
37.015972 40.226284 -18.160332
35.982792 38.278534 -18.938147
34.922684 36.252407 -19.732365
33.899052 34.121906 -20.468300
32.993858 31.883850 -21.086166
32.295197 29.544437 -21.584723
31.858244 27.124220 -21.993441
31.702002 24.654360 -22.354311
31.795326 22.179096 -22.740025
32.084183 19.746376 -23.250853
32.481819 17.421774 -23.973991
32.895988 15.318281 -25.014526
33.206749 13.612139 -26.447269
33.286263 12.520069 -28.216665
33.093998 12.098674 -30.116840
37.913136 61.002640 0.725112
38.362801 60.688938 -1.694820
38.838936 60.151535 -4.047049
39.268318 59.383442 -6.314467
39.579231 58.369820 -8.463805
39.713657 57.111034 -10.442229
39.639107 55.624435 -12.177114
39.376419 53.946846 -13.614790
38.966911 52.126591 -14.738339
38.451653 50.213699 -15.579311
37.859966 48.248817 -16.233438
37.201237 46.251476 -16.823259
36.470165 44.235203 -17.457066
35.657757 42.201969 -18.196423
34.762585 40.141121 -19.044495
33.818279 38.010525 -19.957752
32.867958 35.779987 -20.854847
31.973061 33.435020 -21.654955
31.211246 30.987923 -22.293304
30.660517 28.464279 -22.764851
30.372381 25.895294 -23.096813
30.343647 23.326199 -23.353228
30.549160 20.789001 -23.625309
30.932692 18.327015 -24.043638
31.408827 16.005198 -24.729094
31.862785 13.952293 -25.813816
32.151958 12.366385 -27.339729
32.154037 11.451198 -29.186209
36.316574 61.898201 -0.567472
36.713894 61.577759 -3.019779
37.111095 61.025181 -5.380807
37.432217 60.221420 -7.629011
37.608032 59.145294 -9.721622
37.584568 57.793591 -11.585545
37.369152 56.205151 -13.163074
36.997414 54.427834 -14.422546
36.517483 52.514786 -15.381721
35.967319 50.511478 -16.107983
35.368683 48.448830 -16.725237
34.721809 46.345978 -17.353262
34.018944 44.209034 -18.074835
33.252419 42.035709 -18.926056
32.428272 39.802139 -19.889235
31.577538 37.476143 -20.891893
30.744881 35.035625 -21.846720
29.993029 32.476734 -22.669886
29.395531 29.827921 -23.291977
29.026091 27.129219 -23.699692
28.905270 24.435246 -23.936584
29.033367 21.780308 -24.083149
29.381622 19.191172 -24.257734
29.893196 16.708187 -24.626276
30.466103 14.402482 -25.349268
30.958847 12.427423 -26.549696
31.212950 11.002426 -28.208845
34.562927 62.648518 -1.883691
34.883217 62.308475 -4.337585
35.176674 61.723877 -6.679132
35.371040 60.864956 -8.879186
35.398964 59.701271 -10.875446
35.240719 58.247360 -12.601370
34.918339 56.555027 -14.014644
34.476051 54.679916 -15.113685
33.960815 52.673401 -15.949389
33.403786 50.572758 -16.619640
32.816120 48.407345 -17.252171
32.193844 46.188171 -17.943893
31.529121 43.917377 -18.753803
30.820410 41.579887 -19.696920
30.073940 39.158939 -20.729170
29.324308 36.628716 -21.770664
28.620880 33.976547 -22.731493
28.027733 31.213097 -23.524561
27.621370 28.380268 -24.074156
27.442860 25.544798 -24.381502
27.513256 22.752304 -24.503023
27.825975 20.032873 -24.543892
28.353041 17.407133 -24.655012
29.017668 14.915719 -25.046972
29.696075 12.645227 -25.887655
30.220175 10.784770 -27.260710
32.663177 63.264568 -3.199949
32.879452 62.881271 -5.633626
33.048023 62.237213 -7.934117
33.099449 61.288956 -10.056668
32.997681 60.018772 -11.940463
32.735847 58.453278 -13.524319
32.345848 56.654449 -14.790760
31.872868 54.679035 -15.768875
31.358574 52.572300 -16.540209
30.820538 50.370083 -17.212055
30.263430 48.092339 -17.892845
29.681084 45.745930 -18.657431
29.069672 43.320892 -19.542990
28.426952 40.807117 -20.537655
27.765554 38.190308 -21.589943
27.126938 35.452797 -22.616245
26.565647 32.596104 -23.523462
26.154184 29.645365 -24.217279
25.943052 26.671961 -24.642546
25.972897 23.734638 -24.812717
26.255920 20.874582 -24.807930
26.786022 18.113831 -24.764362
27.515791 15.467205 -24.878141
28.346348 12.981773 -25.375645
29.131237 10.775556 -26.405373
30.628853 63.759548 -4.489433
30.718626 63.299965 -6.889378
30.744261 62.553574 -9.129751
30.667082 61.487175 -11.165913
30.463249 60.092304 -12.935522
30.136143 58.407234 -14.392400
29.720591 56.497200 -15.547390
29.258358 54.415356 -16.460073
28.776108 52.206352 -17.225296
28.281254 49.895279 -17.935959
27.773739 47.497143 -18.680710
27.249081 45.007439 -19.512508
26.699944 42.419838 -20.440577
26.129774 39.723591 -21.442892
25.561646 36.908104 -22.464149
25.044739 33.968906 -23.416599
24.645887 30.921923 -24.198084
24.418491 27.825380 -24.736742
24.416786 24.747009 -24.992388
24.671673 21.741898 -25.004528
25.195547 18.841448 -24.884176
25.961332 16.057268 -24.815809
26.904079 13.401727 -25.013308
27.904593 10.944921 -25.695997
28.470078 64.129120 -5.730331
28.415073 63.543991 -8.086703
28.310917 62.659950 -10.265226
28.130732 61.449223 -12.217231
27.861576 59.915222 -13.886417
27.511797 58.102898 -15.246988
27.114832 56.076118 -16.339861
26.696520 53.888855 -17.241695
26.272928 51.573639 -18.037191
25.842058 49.149319 -18.804276
25.403273 46.619812 -19.610556
24.944500 43.982918 -20.480701
24.462622 41.229675 -21.411154
23.970598 38.349483 -22.373276
23.503290 35.339989 -23.307108
23.124485 32.209930 -24.113865
22.890089 29.010452 -24.715279
22.859991 25.800655 -25.050806
23.083202 22.650295 -25.110970
23.590040 19.604820 -24.968420
24.370222 16.681356 -24.787954
25.379269 13.882718 -24.774893
26.541740 11.233906 -25.138998
26.199753 64.340256 -6.904317
26.014025 63.592625 -9.220892
25.805422 62.540188 -11.343353
25.557928 61.165581 -13.224489
25.265385 59.481728 -14.818926
24.937462 57.537338 -16.125145
24.591999 55.398586 -17.204308
24.243713 53.105453 -18.128025
23.898462 50.683838 -18.969730
23.549852 48.140640 -19.790554
23.185190 45.480350 -20.630762
22.794708 42.696293 -21.500450
22.383125 39.777458 -22.387310
21.974035 36.717064 -23.255564
21.620554 33.520706 -24.032690
21.382792 30.232742 -24.643326
21.326649 26.909410 -25.018326
21.510471 23.616739 -25.124866
21.986080 20.420414 -24.989904
22.759432 17.350451 -24.747721
23.801407 14.409480 -24.588850
25.060802 11.606521 -24.716599
23.864052 64.357971 -8.001701
23.574612 63.415550 -10.287428
23.297419 62.171925 -12.367973
23.023628 60.619820 -14.200343
22.750858 58.781548 -15.754112
22.475721 56.713413 -17.046600
22.205313 54.465630 -18.139193
21.943584 52.070545 -19.096569
21.691259 49.542397 -19.978535
21.425495 46.886059 -20.823854
21.133335 44.099407 -21.657742
20.810740 41.171329 -22.480274
20.471170 38.091106 -23.270636
20.155369 34.854343 -23.978529
19.919807 31.498466 -24.552898
19.838142 28.076416 -24.924702
19.979256 24.656225 -25.049919
20.407078 21.304920 -24.928331
21.150616 18.077391 -24.654627
22.194925 14.985446 -24.396353
23.506010 12.031991 -24.346167
21.512650 64.138992 -9.015567
21.157078 62.983906 -11.280949
20.852358 61.538921 -13.335194
20.594013 59.808784 -15.143019
20.369373 57.830566 -16.687052
20.166626 55.645874 -17.987556
19.982565 53.296062 -19.102762
19.816002 50.801773 -20.086327
19.650167 48.175114 -20.979326
19.459562 45.411064 -21.808498
19.234926 42.501129 -22.588551
18.979261 39.431606 -23.310860
18.721292 36.190231 -23.939919
18.506748 32.798290 -24.445789
18.409756 29.302654 -24.780472
18.509674 25.771976 -24.896749
18.883415 22.279484 -24.779079
19.573681 18.886028 -24.492264
20.588680 15.629833 -24.170464
21.908983 12.518865 -23.989605
19.199001 63.643333 -9.937792
18.819244 62.269924 -12.193141
18.527868 60.627281 -14.236803
18.311378 58.739952 -16.041246
18.151308 56.633221 -17.591513
18.028494 54.341644 -18.907038
17.935017 51.894337 -20.037264
17.852711 49.309551 -21.020494
17.761236 46.589844 -21.886341
17.637312 43.720966 -22.653162
17.476807 40.689484 -23.327314
17.296400 37.477165 -23.886518
17.130011 34.091236 -24.316298
17.040817 30.560337 -24.588530
17.112133 26.948698 -24.672646
17.432434 23.333836 -24.545538
18.059254 19.787870 -24.251610
19.014378 16.357294 -23.892998
20.303406 13.076449 -23.618803
16.979912 62.838387 -10.757742
16.616642 61.255119 -13.011142
16.363508 59.441803 -15.056105
16.202850 57.413181 -16.866898
16.111851 55.190685 -18.428137
16.069792 52.797939 -19.752558
16.053591 50.261787 -20.876493
16.041437 47.590729 -21.827158
16.013945 44.779243 -22.625263
15.951808 41.805946 -23.282047
15.862571 38.650551 -23.792143
15.767489 35.308250 -24.155682
15.717012 31.791061 -24.360558
15.783566 28.142342 -24.394432
16.061825 24.437845 -24.244877
16.622227 20.759188 -23.941593
17.502497 17.168575 -23.562885
18.721933 13.709303 -23.225481
14.918537 61.704422 -11.461508
14.595467 59.943531 -13.716453
14.392457 57.979782 -15.765987
14.289062 55.826099 -17.584679
14.264294 53.495014 -19.152740
14.287885 51.009552 -20.471668
14.333904 48.386932 -21.566071
14.380845 45.628315 -22.453119
14.411598 42.722527 -23.145720
14.416612 39.640312 -23.643776
14.406324 36.369846 -23.965687
14.417245 32.907494 -24.115547
14.508512 29.276022 -24.097179
14.764077 25.529081 -23.913158
15.264787 21.752396 -23.594322
16.062386 18.023493 -23.199553
17.192259 14.403492 -22.821327
13.077659 60.253204 -12.039257
12.805097 58.339539 -14.292555
12.650276 56.245037 -16.343775
12.595954 53.975243 -18.166107
12.618390 51.544174 -19.732819
12.689962 48.966484 -21.033148
12.785152 46.252533 -22.079512
12.883531 43.399097 -22.878841
12.974397 40.389107 -23.431969
13.048882 37.200432 -23.758675
13.130403 33.818764 -23.883778
13.263803 30.246737 -23.827797
13.519882 26.514769 -23.608435
13.972843 22.689905 -23.265017
14.689192 18.860910 -22.851406
15.716953 15.106358 -22.439247
11.505341 58.522919 -12.505579
11.277937 56.478565 -14.751266
11.157789 54.263103 -16.797886
11.128493 51.885479 -18.616802
11.175864 49.353275 -20.173454
11.278349 46.675728 -21.443680
11.411194 43.859005 -22.426907
11.558016 40.895016 -23.115608
11.705391 37.775673 -23.524887
11.854836 34.476410 -23.677780
12.036640 30.985832 -23.617008
12.307109 27.311714 -23.377193
12.731454 23.499203 -23.009237
13.373379 19.622591 -22.571356
14.297810 15.774086 -22.127796
10.236151 56.563850 -12.887596
10.034627 54.397167 -15.116886
9.920120 52.066242 -17.149742
9.888571 49.576466 -18.954153
9.937518 46.932316 -20.488117
10.052883 44.140335 -21.714403
10.212959 41.201126 -22.615776
10.399158 38.117947 -23.190361
10.602087 34.880520 -23.455791
10.828906 31.468372 -23.447132
11.119031 27.872742 -23.222900
11.526893 24.115976 -22.848785
12.110571 20.252180 -22.392855
12.933034 16.360853 -21.920336
9.268181 54.425060 -13.220654
9.059866 52.137619 -15.422201
8.922465 49.683617 -17.426046
8.863464 47.067730 -19.196337
8.891450 44.294525 -20.685287
9.001334 41.366348 -21.841986
9.174256 38.296284 -22.650085
9.392697 35.085243 -23.106049
9.648296 31.727240 -23.236832
9.956023 28.205332 -23.088350
10.353946 24.523520 -22.749094
10.892109 20.712873 -22.301115
11.628058 16.833406 -21.818132
8.563741 52.147324 -13.534560
8.320965 49.730106 -15.688917
8.138545 47.138691 -17.637127
8.032839 44.379700 -19.339544
8.020534 41.456242 -20.741077
8.107764 38.386173 -21.799370
8.278193 35.179058 -22.495607
8.517302 31.840170 -22.832703
8.821391 28.366129 -22.846445
9.206554 24.751944 -22.606964
9.706033 21.008598 -22.217299
10.369127 17.173084 -21.763844
8.035739 49.754303 -13.825917
7.741955 47.197742 -15.903830
7.504533 44.458782 -17.758871
7.344258 41.543591 -19.342560
7.286866 38.472610 -20.615433
7.341236 35.260719 -21.539171
7.496548 31.921190 -22.105089
7.745345 28.460697 -22.327505
8.088942 24.885679 -22.267479
8.544703 21.197309 -22.003780
9.142553 17.411816 -21.639776
7.599275 47.254726 -14.051410
7.250588 44.556362 -16.014444
6.959151 41.666676 -17.724537
6.752209 38.608444 -19.150314
6.652519 35.398731 -20.255722
6.671819 32.055950 -21.019016
6.805078 28.593723 -21.447403
7.054564 25.026062 -21.588791
7.427669 21.362200 -21.517700
7.948033 17.609524 -21.309011
7.185303 44.657169 -14.141712
6.789191 41.821770 -15.939730
6.458922 38.801071 -17.471947
6.216768 35.614517 -18.706755
6.083362 32.281689 -19.623497
6.071043 28.820608 -20.219326
6.182266 25.250328 -20.541813
6.427722 21.585575 -20.660465
6.823328 17.837414 -20.653654
6.742373 41.973289 -14.011274
6.318989 39.022831 -15.619120
5.966573 35.887379 -16.947750
5.703812 32.587990 -17.978430
5.548018 29.142885 -18.706738
5.512991 25.574669 -19.172993
5.606814 21.903200 -19.451105
5.848095 18.143459 -19.621105
6.236927 39.224369 -13.605678
5.807784 36.174152 -15.006484
5.452455 32.936367 -16.126476
5.185446 29.529531 -16.960186
5.020823 25.975719 -17.544411
4.973433 22.300476 -17.948120
5.056827 18.524916 -18.258942
5.658955 36.415825 -12.908170
5.244848 33.273399 -14.105241
4.904894 29.932695 -15.030095
4.647789 26.414799 -15.714922
4.485049 22.746346 -16.224840
4.434390 18.957260 -16.645912
5.015696 33.544853 -11.935754
4.637243 30.307583 -12.947837
4.327200 26.856693 -13.726389
4.089816 23.218657 -14.329824
3.937624 19.427271 -14.842169
4.331838 30.601088 -10.735982
4.003449 27.262373 -11.612047
3.731255 23.691792 -12.306831
3.520349 19.926037 -12.897833
3.638346 27.578253 -9.395935
3.366193 24.133108 -10.192728
3.135800 20.437717 -10.859809
2.973646 24.486795 -8.018759
2.756185 20.934816 -8.776371
2.370808 21.361256 -6.688284
64.202629 -38.752014 -10.666302
64.306122 -36.549774 -11.761183
64.366478 -34.184357 -12.883686
64.374260 -31.703695 -14.014917
64.314880 -29.138447 -15.158310
64.173187 -26.521324 -16.331791
63.939213 -23.885509 -17.557556
63.600533 -21.258131 -18.858698
63.145313 -18.661289 -20.253639
62.555389 -16.112158 -21.758554
61.830505 -13.613979 -23.364902
60.969753 -11.163932 -25.057093
59.973717 -8.756701 -26.811859
58.842545 -6.387725 -28.599310
57.578068 -4.054867 -30.381260
56.195175 -1.756072 -32.118843
54.704884 0.507376 -33.773689
53.120422 2.732796 -35.306641
51.453346 4.912462 -36.668697
49.722916 7.036361 -37.826118
47.946884 9.086587 -38.754749
46.143047 11.033895 -39.435669
44.331871 12.835117 -39.854450
42.541565 14.420333 -39.987526
40.806496 15.729767 -39.837780
39.177147 16.682926 -39.392933
37.726463 17.195097 -38.661716
36.550789 17.192810 -37.697525
35.691319 16.731293 -36.607346
35.107330 15.962646 -35.461212
34.729500 15.053820 -34.294197
24.824306 -53.295902 -15.483793
26.252575 -50.488922 -16.688141
27.513550 -47.443874 -18.079628
28.544500 -44.277302 -19.663448
29.325113 -41.081829 -21.421000
29.887106 -37.933022 -23.291269
30.298479 -34.874611 -25.195385
30.618093 -31.931673 -27.066277
30.887182 -29.116739 -28.851511
31.116379 -26.437870 -30.509651
31.290916 -23.878483 -32.031425
31.381996 -21.421444 -33.417110
31.362000 -19.050049 -34.672577
31.212702 -16.751156 -35.805954
30.934929 -14.515734 -36.829067
30.558586 -12.334152 -37.763222
30.117161 -10.200481 -38.621716
29.646633 -8.105985 -39.410191
29.180658 -6.037347 -40.114136
28.745789 -3.974681 -40.701637
28.361595 -1.903501 -41.126694
28.049475 0.180059 -41.340916
27.838638 2.266421 -41.307541
27.777027 4.328755 -41.005695
27.903625 6.330881 -40.469925
28.260752 8.225456 -39.733711
28.876230 9.953854 -38.835709
29.758734 11.437538 -37.810078
30.859240 12.612345 -36.693459
32.090691 13.452332 -35.517128
33.348801 13.963037 -34.317314
24.453636 -56.504078 -14.561599
25.553104 -57.364651 -14.728725
26.589972 -58.141266 -15.041645
27.528927 -58.757706 -15.558245
28.351019 -59.158241 -16.309698
29.078844 -59.359570 -17.261263
29.804497 -59.421120 -18.342625
30.650421 -59.367241 -19.493343
31.722132 -59.196030 -20.645203
33.083969 -58.898094 -21.709076
34.700863 -58.487503 -22.611740
36.513229 -57.970650 -23.306816
38.450916 -57.345806 -23.766678
40.440525 -56.607430 -23.973385
42.406929 -55.758301 -23.922974
44.295952 -54.825752 -23.654688
46.080772 -53.843155 -23.219738
47.764038 -52.848309 -22.687466
49.370129 -51.880539 -22.131437
50.934845 -50.972626 -21.604748
52.475689 -50.139652 -21.113110
53.993267 -49.371326 -20.622345
55.475693 -48.629459 -20.070709
56.894260 -47.859295 -19.383110
58.218620 -47.027691 -18.525082
59.421558 -46.129990 -17.491722
60.492737 -45.180923 -16.305443
61.435539 -44.204414 -15.001676
62.267891 -43.230350 -13.629491
62.998497 -42.288170 -12.237565
63.612267 -41.412796 -10.882580
33.458439 14.829133 -35.726662
33.817261 15.603758 -37.066757
34.483471 16.122770 -38.347164
35.516872 16.233608 -39.513981
36.907341 15.855726 -40.451603
38.551048 15.027444 -41.080765
40.350540 13.827701 -41.392090
42.238674 12.332754 -41.397083
44.175308 10.606695 -41.100418
46.111229 8.710302 -40.512672
48.020805 6.696532 -39.654835
49.881584 4.599394 -38.547516
51.673904 2.440635 -37.217388
53.376961 0.232032 -35.700432
54.972321 -2.020916 -34.047771
56.452309 -4.312854 -32.304020
57.806137 -6.642268 -30.509312
59.021576 -9.009668 -28.703007
60.091282 -11.417575 -26.923281
61.016956 -13.868655 -25.201571
61.800003 -16.367378 -23.562685
62.442310 -18.917473 -22.024336
62.945354 -21.518448 -20.597794
63.323547 -24.158382 -19.271049
63.591087 -26.816732 -18.025404
63.760254 -29.467239 -16.836063
63.841328 -32.077736 -15.675811
63.848724 -34.613094 -14.516733
63.800430 -37.041641 -13.341668
63.713917 -39.328228 -12.139332
32.176529 14.194979 -37.083183
32.598278 14.748686 -38.565189
33.428299 14.956854 -39.938259
34.683681 14.724354 -41.102436
36.279831 14.055098 -41.956963
38.100613 12.999114 -42.465916
40.054028 11.631448 -42.645500
42.085007 10.013620 -42.502880
44.140701 8.209601 -42.055576
46.176498 6.261396 -41.308224
48.164791 4.212950 -40.287716
50.081291 2.089986 -39.021976
51.903141 -0.093138 -37.549080
53.610596 -2.330248 -35.921425
55.188858 -4.616985 -34.185654
56.632130 -6.948341 -32.387825
57.927654 -9.324357 -30.568914
59.070904 -11.744578 -28.768095
60.059177 -14.210066 -27.018066
60.895935 -16.723537 -25.346300
61.585163 -19.288599 -23.772753
62.129349 -21.906940 -22.311491
62.545944 -24.568436 -20.953499
62.846550 -27.256071 -19.683235
63.045616 -29.945887 -18.473951
63.153290 -32.607212 -17.294277
63.184082 -35.206635 -16.108139
63.154312 -37.711151 -14.886804
63.083721 -40.087109 -13.607275
30.999125 13.156203 -38.366859
31.565966 13.432409 -39.939919
32.612160 13.329086 -41.330246
34.079308 12.825200 -42.432808
35.857121 11.942197 -43.181892
37.830093 10.730935 -43.570660
39.919804 9.254198 -43.616043
42.062061 7.571438 -43.336845
44.209995 5.728781 -42.744930
46.318619 3.756924 -41.847271
48.357819 1.691088 -40.677898
50.299736 -0.451610 -39.275742
52.122391 -2.663177 -37.695923
53.808773 -4.938461 -35.987442
55.345776 -7.272136 -34.198242
56.724876 -9.660680 -32.375229
57.941490 -12.101218 -30.559624
58.995300 -14.592029 -28.785362
59.885986 -17.132931 -27.081955
60.619873 -19.726068 -25.472725
61.201385 -22.374224 -23.974535
61.650513 -25.067907 -22.581734
61.981728 -27.793415 -21.281364
62.208649 -30.527224 -20.048811
62.343220 -33.241566 -18.849226
62.399803 -35.902508 -17.641132
62.393806 -38.478771 -16.387926
62.341854 -40.935192 -15.059642
30.025171 11.739506 -39.553150
30.793829 11.735066 -41.151508
32.051830 11.376794 -42.497673
33.704224 10.667072 -43.507557
35.631783 9.635569 -44.144520
37.732864 8.323745 -44.407066
39.923958 6.791297 -44.324417
42.149067 5.079457 -43.908600
44.361336 3.222777 -43.172924
46.514297 1.241291 -42.129646
48.573280 -0.839494 -40.823917
50.511177 -3.009641 -39.313622
52.308216 -5.262042 -37.651833
53.948868 -7.590540 -35.889317
55.416996 -9.990189 -34.074593
56.712273 -12.453184 -32.254704
57.834240 -14.974651 -30.465294
58.784332 -17.552326 -28.736744
59.565323 -20.184412 -27.094847
60.183777 -22.872997 -25.560383
60.662655 -25.608595 -24.131063
61.018921 -28.379007 -22.797325
61.269726 -31.164001 -21.537184
61.427563 -33.933437 -20.317028
61.508461 -36.655121 -19.091320
61.526775 -39.296757 -17.818630
61.496529 -41.826153 -16.464207
29.320755 10.011255 -40.599739
30.294493 9.769885 -42.165092
31.740881 9.210348 -43.427258
33.543137 8.352288 -44.326874
35.591034 7.222507 -44.837749
37.782570 5.860012 -44.973457
40.045303 4.305403 -44.755054
42.324265 2.587368 -44.194141
44.570580 0.728928 -43.307953
46.733562 -1.261850 -42.120781
48.779289 -3.367798 -40.699799
50.682617 -5.579880 -39.102539
52.425552 -7.889979 -37.384823
53.989693 -10.292154 -35.598251
55.368042 -12.774949 -33.790134
56.563660 -15.327891 -32.000542
57.577282 -17.945303 -30.260674
58.412582 -20.623796 -28.596720
59.072140 -23.361122 -27.031849
59.581455 -26.146482 -25.568130
59.960472 -28.968540 -24.200020
60.229450 -31.808372 -22.909487
60.405003 -34.638855 -21.666296
60.505165 -37.422470 -20.425655
60.545174 -40.128819 -19.142359
60.536655 -42.725842 -17.778248
28.892372 8.069211 -41.468513
30.055080 7.632096 -42.954369
31.656162 6.920203 -44.102013
33.576733 5.959247 -44.865540
35.706501 4.778656 -45.241135
37.959270 3.398020 -45.234123
40.265160 1.844082 -44.862297
42.567146 0.132662 -44.139160
44.810555 -1.726952 -43.093407
46.946770 -3.738324 -41.776981
48.943451 -5.885483 -40.258965
50.778156 -8.158374 -38.601349
52.430511 -10.549008 -36.861565
53.893417 -13.043288 -35.089016
55.163898 -15.624890 -33.320625
56.244865 -18.282345 -31.590265
57.138477 -21.008520 -29.923615
57.846920 -23.799938 -28.343662
58.391708 -26.640652 -26.853907
58.794960 -29.519012 -25.454533
59.080170 -32.417343 -24.132742
59.267586 -35.309944 -22.863754
59.380287 -38.161419 -21.607527
59.436218 -40.934814 -20.319223
59.446712 -43.601250 -18.957573
28.716696 5.989534 -42.127674
30.041801 5.396892 -43.493294
31.768764 4.574105 -44.488647
33.771198 3.557511 -45.099777
35.956978 2.359444 -45.318810
38.245884 0.985022 -45.146217
40.566601 -0.553332 -44.598125
42.855499 -2.255767 -43.697987
45.058914 -4.128467 -42.504593
47.130535 -6.178604 -41.076622
49.041256 -8.388963 -39.489742
50.766487 -10.749526 -37.809048
52.300091 -13.242139 -36.090008
53.640503 -15.845946 -34.369034
54.785599 -18.541403 -32.673000
55.738155 -21.315634 -31.028522
56.497810 -24.161133 -29.456800
57.085308 -27.060707 -27.959311
57.518181 -29.998375 -26.538170
57.821846 -32.957062 -25.188135
58.019733 -35.913059 -23.891624
58.139301 -38.832333 -22.616146
58.203671 -41.680340 -21.323132
58.227196 -44.420891 -19.970751
28.756701 3.833765 -42.541222
30.223825 3.122653 -43.738914
32.044151 2.237342 -44.560909
34.107613 1.200708 -44.996517
36.329464 0.012101 -45.034935
38.630264 -1.338623 -44.672604
40.932518 -2.857518 -43.932266
43.173336 -4.564919 -42.868267
45.299309 -6.473138 -41.545921
47.268539 -8.589536 -40.036388
49.049568 -10.896687 -38.420250
50.635223 -13.371453 -36.762306
52.026424 -15.986374 -35.103527
53.223820 -18.715788 -33.468376
54.227001 -21.536798 -31.872417
55.034538 -24.436543 -30.336151
55.665119 -27.393457 -28.856226
56.133698 -30.392107 -27.433487
56.461063 -33.412056 -26.065157
56.672005 -36.431431 -24.743589
56.797379 -39.419037 -23.446022
56.864571 -42.341896 -22.143156
56.892746 -45.166992 -20.801092
28.977705 1.649050 -42.669334
30.559860 0.868230 -43.676422
32.457832 -0.041781 -44.304401
34.568470 -1.069658 -44.544437
36.808182 -2.230520 -44.381794
39.092255 -3.555087 -43.816772
41.344296 -5.073673 -42.900669
43.501465 -6.815679 -41.693573
45.513050 -8.796313 -40.274296
47.334858 -11.022329 -38.724354
48.955639 -13.459505 -37.126995
50.377377 -16.071911 -35.532146
51.604507 -18.825682 -33.967709
52.641056 -21.690468 -32.445171
53.484383 -24.642414 -30.970222
54.152332 -27.655449 -29.535641
54.656036 -30.711609 -28.137419
55.012615 -33.792610 -26.771769
55.242031 -36.874733 -25.435007
55.376247 -39.929985 -24.116840
55.445602 -42.928352 -22.799730
55.473129 -45.838566 -21.460274
29.330530 -0.514667 -42.508682
31.018024 -1.327825 -43.310188
32.986073 -2.234515 -43.732033
35.132763 -3.237936 -43.764103
37.368320 -4.373998 -43.393425
39.608173 -5.699685 -42.645382
41.777000 -7.257758 -41.575077
43.814083 -9.083126 -40.256870
45.664303 -11.192931 -38.781864
47.306076 -13.571052 -37.241188
48.740257 -16.166210 -35.704311
49.974907 -18.933594 -34.207363
51.019882 -21.833387 -32.763721
51.878548 -24.833893 -31.372957
52.570221 -27.899197 -30.008924
53.102764 -31.009655 -28.663162
53.488533 -34.146351 -27.326801
53.742516 -37.289783 -25.996162
53.891640 -40.411724 -24.666998
53.966858 -43.485275 -23.336357
53.993832 -46.481808 -21.993826
29.776756 -2.641634 -42.093254
31.562109 -3.461920 -42.688320
33.591236 -4.354052 -42.902794
35.755863 -5.342444 -42.727905
37.962711 -6.488656 -42.172390
40.127712 -7.864075 -41.263641
42.177822 -9.520191 -40.071167
44.046307 -11.496840 -38.683010
45.699902 -13.785953 -37.204868
47.134212 -16.346092 -35.718590
48.359478 -19.114799 -34.279099
49.391968 -22.039928 -32.906616
50.242649 -25.080032 -31.601036
50.939266 -28.193031 -30.327335
51.489838 -31.352734 -29.056938
51.901493 -34.540913 -27.776436
52.183285 -37.739296 -26.477732
52.356064 -40.925621 -25.158213
52.445282 -44.072456 -23.822424
52.477291 -47.153233 -22.475395
30.286791 -4.734829 -41.472881
32.160244 -5.554809 -41.868683
34.233070 -6.445668 -41.883392
36.390827 -7.456579 -41.527512
38.539204 -8.665071 -40.809628
40.593727 -10.153615 -39.771454
42.474346 -11.983387 -38.497021
44.134850 -14.166903 -37.093773
45.560589 -16.667561 -35.661179
46.763580 -19.423830 -34.269077
47.766182 -22.364794 -32.954700
48.588657 -25.436388 -31.722771
49.269009 -28.588604 -30.536528
49.821739 -31.792559 -29.358150
50.252361 -35.026352 -28.154036
50.563084 -38.274319 -26.912025
50.767033 -41.516857 -25.626394
50.882378 -44.733006 -24.304913
50.929977 -47.894180 -22.960667
30.835350 -6.814164 -40.701740
32.777557 -7.647774 -40.910580
34.865887 -8.572499 -40.753067
36.985645 -9.655473 -40.238911
39.038639 -10.988365 -39.389347
40.929932 -12.668038 -38.260994
42.597393 -14.729723 -36.960712
44.014622 -17.153629 -35.593643
45.185791 -19.878826 -34.248955
46.144054 -22.826120 -32.979588
46.919964 -25.923016 -31.804417
47.564434 -29.108278 -30.690018
48.100185 -32.349030 -29.596476
48.537582 -35.623390 -28.481443
48.874687 -38.914234 -27.313429
49.115265 -42.206238 -26.083817
49.268021 -45.481018 -24.798450
49.346436 -48.716366 -23.474754
31.392246 -8.911178 -39.827938
33.370037 -9.787419 -39.876862
35.439754 -10.788311 -39.569107
37.482010 -11.997663 -38.925980
39.384777 -13.527921 -37.982166
41.065323 -15.455633 -36.818958
42.480305 -17.782845 -35.544609
43.624241 -20.459585 -34.256802
44.526783 -23.401154 -33.028374
45.239304 -26.519247 -31.892860
45.828037 -29.735222 -30.829453
46.327103 -33.009327 -29.800909
46.753441 -36.318546 -28.763218
47.107754 -39.648083 -27.677212
47.385212 -42.982918 -26.517181
47.583206 -46.308945 -25.286922
47.705372 -49.605999 -24.002399
31.915470 -11.054316 -38.892746
33.891235 -12.004949 -38.800438
35.899704 -13.124157 -38.367886
37.807549 -14.520829 -37.628521
39.509407 -16.298403 -36.641102
40.936451 -18.505535 -35.491535
42.065628 -21.110201 -34.283737
42.920486 -24.030382 -33.101208
43.555531 -27.165070 -31.996555
44.068802 -30.413387 -30.963562
44.509243 -33.723049 -29.975979
44.903496 -37.067375 -28.992744
45.256470 -40.433102 -27.973436
45.561810 -43.809204 -26.886787
45.804596 -47.181698 -25.721439
45.976772 -50.534531 -24.491447
32.369293 -13.258347 -37.899532
34.298061 -14.314198 -37.684452
36.187542 -15.600115 -37.151936
37.908443 -17.225889 -36.358589
39.364185 -19.279545 -35.368958
40.501587 -21.777739 -34.268620
41.327518 -24.649593 -33.149834
41.895473 -27.787624 -32.077095
42.316227 -31.069839 -31.063408
42.675472 -34.420948 -30.096096
43.012798 -37.806000 -29.143852
43.340439 -41.211117 -28.168911
43.652012 -44.628582 -27.139816
43.927513 -48.048927 -26.040625
44.145195 -51.454891 -24.871786
32.714672 -15.531978 -36.841396
34.542027 -16.729851 -36.518932
36.262291 -18.216856 -35.918480
37.752487 -20.098614 -35.102425
38.924522 -22.442984 -34.137306
39.751396 -25.226103 -33.102699
40.273052 -28.342113 -32.073574
40.610252 -31.648407 -31.078205
40.866398 -35.047611 -30.119789
41.120800 -38.481758 -29.180019
41.395397 -41.933350 -28.229031
41.686665 -45.396217 -27.237839
41.970642 -48.865021 -26.189960
42.218330 -52.326965 -25.081715
32.913872 -17.886795 -35.699642
34.595623 -19.254618 -35.291203
36.108498 -20.968086 -34.643665
37.333637 -23.124466 -33.821098
38.199417 -25.761417 -32.888546
38.709995 -28.813530 -31.915178
38.983181 -32.121933 -30.945034
39.141232 -35.562336 -29.994207
39.285358 -39.054974 -29.057724
39.477196 -42.561760 -28.116907
39.717800 -46.076565 -27.148209
39.981678 -49.596691 -26.136005
40.233273 -53.113621 -25.075510
32.951298 -20.326462 -34.457802
34.460590 -21.886335 -33.972954
35.742016 -23.846981 -33.282623
36.684788 -26.289804 -32.450115
37.235859 -29.217007 -31.536985
37.482014 -32.489544 -30.594616
37.556488 -35.953854 -29.653536
37.588360 -39.499931 -28.719967
37.663250 -43.071602 -27.784981
37.819031 -46.645828 -26.831488
38.029224 -50.221962 -25.845633
38.253487 -53.794102 -24.822224
32.842701 -22.860004 -33.096527
34.166252 -24.635996 -32.533081
35.207756 -26.865191 -31.790598
35.862652 -29.608862 -30.929508
36.147602 -32.786480 -30.008339
36.177467 -36.240520 -29.071957
36.106140 -39.824806 -28.139812
36.053730 -43.455704 -27.211227
36.082527 -47.097637 -26.273336
36.199608 -50.735264 -25.312073
36.359131 -54.364563 -24.321772
32.618603 -25.503841 -31.599621
33.756554 -27.522545 -30.946159
34.559059 -30.048149 -30.130999
34.971603 -33.066628 -29.219719
35.035934 -36.458115 -28.271952
34.901703 -40.050888 -27.328999
34.725010 -43.726723 -26.400763
34.608318 -47.429680 -25.477402
34.581661 -51.136513 -24.542822
34.631382 -54.827286 -23.586699
32.317780 -28.277103 -29.955360
33.277924 -30.572571 -29.192505
33.882317 -33.381535 -28.291599
34.093502 -36.646038 -27.320494
33.986629 -40.204727 -26.344173
33.727188 -43.900219 -25.397783
33.463348 -47.650574 -24.477379
33.268501 -51.419792 -23.563999
33.149651 -55.180161 -22.642683
31.973475 -31.203575 -28.159019
32.788712 -33.771786 -27.283239
33.227993 -36.844620 -26.296528
33.278168 -40.310493 -25.276539
33.034149 -43.994045 -24.287384
32.666931 -47.770370 -23.347746
32.301014 -51.589039 -22.438875
31.987289 -55.412392 -21.541103
31.610624 -34.266304 -26.241207
32.301575 -37.096291 -25.260050
32.599808 -40.397366 -24.207626
32.507671 -44.022671 -23.166815
32.136932 -47.804161 -22.185745
31.645985 -51.653976 -21.260180
31.137047 -55.526814 -20.367231
31.197731 -37.455841 -24.253164
31.764509 -40.524097 -23.192966
31.915939 -44.017319 -22.109489
31.675322 -47.768444 -21.076773
31.157093 -51.635201 -20.115726
30.503313 -55.540081 -19.210632
30.675913 -40.747738 -22.262615
31.090519 -44.029503 -21.161098
31.067303 -47.678703 -20.080315
30.645784 -51.532959 -19.070333
29.937569 -55.457333 -18.136499
29.962582 -44.111069 -20.348938
30.180698 -47.568436 -19.246820
29.938557 -51.337601 -18.188726
29.287558 -55.251190 -17.209520
28.985464 -47.474056 -18.597759
28.960077 -51.056129 -17.524225
28.445972 -54.882740 -16.501667
27.725811 -50.738602 -17.056320
27.410265 -54.370598 -16.026323
26.205090 -53.795792 -15.723110
24.945393 -95.979362 19.926701
23.765621 -96.940720 18.723434
22.533110 -97.750290 17.320311
21.293404 -98.383293 15.750591
20.086849 -98.834808 14.049543
18.957150 -99.105118 12.250347
17.942562 -99.191376 10.375175
17.077663 -99.074821 8.437030
16.381912 -98.737343 6.459385
15.851542 -98.159447 4.488797
15.419653 -97.364990 2.585287
15.000135 -96.375488 0.798689
14.507981 -95.207771 -0.830768
13.884712 -93.870354 -2.265849
13.130653 -92.368988 -3.472829
12.319682 -90.726456 -4.449692
11.550918 -88.967110 -5.197591
10.928989 -87.127563 -5.728430
10.555450 -85.255936 -6.057104
10.473745 -83.403313 -6.235342
10.683210 -81.593735 -6.335177
11.164600 -79.819450 -6.443955
11.892871 -78.044670 -6.653163
12.850365 -76.210678 -7.045149
13.998428 -74.261200 -7.639033
15.309555 -72.143776 -8.421900
16.747126 -69.814575 -9.353357
18.260159 -67.238754 -10.381373
19.771095 -64.430244 -11.448777
21.194012 -61.457344 -12.514498
22.436016 -58.444958 -13.545832
62.943367 -44.187336 -10.710606
62.166862 -47.028301 -10.374716
61.263748 -49.899372 -9.907165
60.211327 -52.765938 -9.318889
58.993690 -55.602009 -8.627301
57.621422 -58.399506 -7.867025
56.135159 -61.167328 -7.075044
54.601791 -63.919403 -6.287077
53.118229 -66.670334 -5.536869
51.778076 -69.405273 -4.842418
50.635155 -72.102661 -4.205445
49.680195 -74.734947 -3.619772
48.838997 -77.279892 -3.076434
47.984547 -79.721657 -2.562226
47.000702 -82.043251 -2.054769
45.807579 -84.235680 -1.540939
44.385586 -86.278770 -1.001300
42.760155 -88.155533 -0.407570
41.013729 -89.863960 0.274511
39.229851 -91.422028 1.080117
37.478683 -92.841072 2.045532
35.813412 -94.119186 3.201345
34.266632 -95.234459 4.573407
32.842110 -96.166107 6.143572
31.518431 -96.886444 7.891456
30.272156 -97.367111 9.782779
29.081755 -97.580132 11.777949
27.934246 -97.521164 13.821726
26.833759 -97.215317 15.869780
25.811430 -96.695854 17.902243
62.202766 -45.286716 -12.061640
61.309120 -48.284096 -11.698399
60.288940 -51.259659 -11.176650
59.121162 -54.195274 -10.520071
57.805061 -57.085373 -9.766399
56.363102 -59.942593 -8.962025
54.851372 -62.789555 -8.153789
53.353798 -65.648720 -7.386102
51.957470 -68.515480 -6.689526
50.726196 -71.359673 -6.072244
49.667561 -74.153061 -5.525887
48.725304 -76.868538 -5.035542
47.787472 -79.484901 -4.580300
46.745365 -81.979904 -4.128247
45.516941 -84.330811 -3.653564
44.067368 -86.522545 -3.136345
42.409454 -88.533813 -2.548666
40.614506 -90.361420 -1.861354
38.764175 -92.012413 -1.044610
36.932007 -93.503448 -0.065338
35.176167 -94.839760 1.108174
33.535706 -96.005760 2.505127
32.018391 -96.987473 4.112784
30.618080 -97.756851 5.911345
29.309074 -98.288681 7.868641
28.068876 -98.550293 9.947916
26.881527 -98.531052 12.101557
25.747549 -98.242279 14.287558
24.688274 -97.705719 16.489609
61.366566 -46.373875 -13.407896
60.358349 -49.482300 -12.984040
59.218895 -52.536613 -12.386465
57.943249 -55.534454 -11.657279
56.542374 -58.491520 -10.847239
55.055363 -61.435833 -10.015746
53.554024 -64.401947 -9.219508
52.119492 -67.391655 -8.502072
50.812794 -70.383751 -7.882755
49.658897 -73.336327 -7.357514
48.618172 -76.220078 -6.907238
47.594646 -79.007652 -6.503942
46.487247 -81.673691 -6.108064
45.216026 -84.193535 -5.684209
43.739334 -86.539772 -5.201131
42.056549 -88.694542 -4.631714
40.229523 -90.650200 -3.949635
38.332386 -92.414230 -3.130551
36.438381 -93.994560 -2.145356
34.608494 -95.402069 -0.964139
32.885101 -96.627762 0.444432
31.278271 -97.662415 2.073100
29.783245 -98.482368 3.908127
28.389040 -99.058609 5.918012
27.071873 -99.358498 8.067597
25.818312 -99.365601 10.309929
24.627754 -99.086685 12.607330
23.518139 -98.538651 14.941469
60.428101 -47.445286 -14.702207
59.300980 -50.626854 -14.190355
58.047546 -53.741150 -13.507608
56.674988 -56.805420 -12.707728
55.210716 -59.852127 -11.856881
53.709866 -62.923607 -11.026978
52.246826 -66.032898 -10.276354
50.881390 -69.162285 -9.636148
49.640270 -72.276047 -9.111766
48.505894 -75.326530 -8.685810
47.396679 -78.283218 -8.324527
46.220455 -81.116165 -7.981016
44.900196 -83.800171 -7.612506
43.391724 -86.307625 -7.178788
41.685730 -88.607941 -6.642914
39.833614 -90.696663 -5.981871
37.903862 -92.578033 -5.175124
35.964630 -94.262108 -4.199323
34.077702 -95.753464 -3.025273
32.287682 -97.048607 -1.621120
30.605003 -98.144035 0.011719
29.025249 -99.019005 1.865436
27.536188 -99.646446 3.914666
26.128618 -99.986183 6.123193
24.789936 -100.020226 8.441855
23.524174 -99.750900 10.828813
22.347033 -99.193474 13.264811
59.370201 -48.481659 -15.899070
58.126774 -51.712166 -15.284698
56.768642 -54.883888 -14.513541
55.318699 -58.032467 -13.655702
53.818802 -61.208424 -12.792585
52.332272 -64.432518 -12.001608
50.916595 -67.694519 -11.327156
49.602451 -70.957932 -10.784617
48.377831 -74.178177 -10.363913
47.183929 -77.303200 -10.030538
45.936306 -80.301079 -9.731203
44.561676 -83.144249 -9.416214
43.014633 -85.805916 -9.038478
41.280640 -88.254776 -8.553449
39.403599 -90.474716 -7.930537
37.445843 -92.473816 -7.154294
35.472683 -94.260857 -6.205557
33.542866 -95.844467 -5.060415
31.703075 -97.217072 -3.682528
29.963833 -98.380447 -2.066979
28.319143 -99.317719 -0.215098
26.754768 -100.003265 1.853909
25.258099 -100.396744 4.108976
23.829964 -100.469322 6.494586
22.476746 -100.220993 8.961231
21.219158 -99.663887 11.481080
58.183395 -49.465660 -16.961626
56.832047 -52.738884 -16.237406
55.388618 -55.982883 -15.388353
53.887592 -59.255703 -14.501204
52.381058 -62.589329 -13.667326
50.921478 -65.976830 -12.949590
49.541924 -69.384193 -12.374139
48.238083 -72.762367 -11.938336
46.958241 -76.060097 -11.612953
45.636017 -79.223297 -11.342963
44.200546 -82.224144 -11.072830
42.606216 -85.034630 -10.748984
40.834595 -87.623611 -10.320883
38.924622 -89.974365 -9.752656
36.935654 -92.085587 -9.023437
34.929844 -93.971390 -8.120550
32.965549 -95.641731 -7.023621
31.089169 -97.094795 -5.699693
29.312683 -98.330475 -4.129752
27.628090 -99.335190 -2.306866
26.017014 -100.086182 -0.243411
24.462482 -100.543930 2.034848
22.957767 -100.677361 4.474155
21.520470 -100.471985 7.012370
20.175364 -99.936653 9.609823
56.872803 -50.390659 -17.863054
55.433422 -53.721050 -17.039846
53.930489 -57.079361 -16.143024
52.408298 -60.509850 -15.273326
50.911255 -64.014694 -14.507262
49.473995 -67.557243 -13.887570
48.097538 -71.087387 -13.419315
46.739197 -74.547081 -13.078288
45.337036 -77.882317 -12.814261
43.833485 -81.043358 -12.570953
42.181747 -84.002731 -12.289448
40.360512 -86.727356 -11.913027
38.404774 -89.200790 -11.401668
36.372288 -91.421501 -10.732224
34.326916 -93.398125 -9.888260
32.325962 -95.147850 -8.856428
30.418512 -96.672562 -7.606028
28.617569 -97.980331 -6.114418
26.915279 -99.054688 -4.354578
25.288324 -99.874969 -2.329697
23.713646 -100.404640 -0.059853
22.173967 -100.612900 2.404016
20.674671 -100.480446 4.997817
19.250385 -99.996841 7.665142
55.461052 -51.263115 -18.600431
53.958637 -54.694530 -17.709650
52.425457 -58.206585 -16.816931
50.899559 -61.812519 -16.007080
49.412239 -65.480972 -15.335397
47.971027 -69.154182 -14.820580
46.539593 -72.771080 -14.442825
45.062630 -76.269951 -14.156703
43.483944 -79.600800 -13.911346
41.765896 -82.713799 -13.649313
39.883331 -85.575798 -13.308176
37.868031 -88.168678 -12.843395
35.776352 -90.491249 -12.229729
33.674061 -92.553085 -11.452166
31.625193 -94.371353 -10.494731
29.680157 -95.957184 -9.333966
27.856596 -97.326324 -7.941608
26.149145 -98.468391 -6.283876
24.532257 -99.359299 -4.338088
22.975428 -99.964447 -2.116316
21.447987 -100.256310 0.334028
19.937637 -100.213760 2.948546
18.463829 -99.818596 5.666001
53.979317 -52.119347 -19.200397
52.441490 -55.697453 -18.299051
50.895622 -59.385811 -17.456295
49.369644 -63.161522 -16.734436
47.872189 -66.968124 -16.162182
46.375797 -70.734184 -15.729955
44.829445 -74.394005 -15.396250
43.180759 -77.889610 -15.115808
41.390503 -81.169449 -14.837593
39.438992 -84.176613 -14.503072
37.353291 -86.893333 -14.063251
35.188400 -89.316917 -13.489367
33.011131 -91.457657 -12.766668
30.891380 -93.336189 -11.885050
28.891550 -94.969955 -10.819477
27.033108 -96.388115 -9.542660
25.316132 -97.586632 -8.009961
23.720036 -98.546272 -6.188284
22.210268 -99.228554 -4.061127
20.739902 -99.607994 -1.669546
19.274429 -99.665314 0.922580
17.810839 -99.377861 3.651183
52.459023 -52.997894 -19.725159
50.902344 -56.750023 -18.861214
49.349396 -60.611595 -18.097057
47.808907 -64.531586 -17.465744
46.257450 -68.437637 -16.963942
44.651691 -72.252182 -16.560020
42.941196 -75.912842 -16.212997
41.087849 -79.358635 -15.879732
39.067104 -82.528908 -15.509078
36.907898 -85.381126 -15.060394
34.661346 -87.913177 -14.500098
32.395016 -90.134476 -13.810994
30.182808 -92.068062 -12.986393
28.097328 -93.738731 -12.012163
26.178389 -95.190262 -10.855343
24.431028 -96.431900 -9.466438
22.842346 -97.449860 -7.795052
21.386814 -98.209122 -5.812367
20.006901 -98.679245 -3.530451
18.640182 -98.842178 -1.009640
17.253540 -98.674797 1.684149
50.918953 -53.935520 -20.240122
49.350681 -57.861366 -19.443390
47.780785 -61.870808 -18.758751
46.188820 -65.895569 -18.183830
44.535622 -69.856308 -17.692295
42.776413 -73.677803 -17.254189
40.873074 -77.293541 -16.832254
38.799744 -80.631966 -16.385237
36.575638 -83.644547 -15.883449
34.251251 -86.303917 -15.303334
31.891821 -88.620392 -14.621425
29.574268 -90.617096 -13.829646
27.377897 -92.323013 -12.921080
25.358974 -93.796242 -11.874770
23.544640 -95.064545 -10.630080
21.928701 -96.127266 -9.125701
20.497599 -96.953270 -7.311291
19.205746 -97.513779 -5.187164
17.969969 -97.784531 -2.786759
16.718973 -97.742325 -0.174065
49.363247 -54.940254 -20.786407
47.776478 -59.015354 -20.056591
46.158310 -63.132977 -19.413662
44.473465 -67.217422 -18.831066
42.680965 -71.192070 -18.283463
40.745487 -74.975800 -17.747938
38.639797 -78.490776 -17.190588
36.375797 -81.675270 -16.597040
33.990459 -84.494217 -15.954555
31.546917 -86.931381 -15.249395
29.122278 -89.011475 -14.465876
26.801268 -90.764740 -13.597342
24.652851 -92.258766 -12.630832
22.722975 -93.539429 -11.517815
21.031868 -94.628410 -10.178418
19.575535 -95.506889 -8.546086
18.325487 -96.146324 -6.597589
17.211260 -96.523262 -4.360733
16.130331 -96.608101 -1.874228
47.778625 -55.996647 -21.367125
46.146908 -60.181152 -20.664455
44.445175 -64.361298 -19.997578
42.637062 -68.465271 -19.338997
40.689735 -72.410416 -18.671873
38.575638 -76.103210 -17.980207
36.299141 -79.473297 -17.261948
33.885468 -82.470169 -16.520855
31.381268 -85.067680 -15.753286
28.861849 -87.262276 -14.951436
26.415176 -89.086861 -14.100484
24.122549 -90.614830 -13.186833
22.044174 -91.904907 -12.170963
20.220966 -93.001709 -10.982707
18.679548 -93.911514 -9.528196
17.406982 -94.614487 -7.763678
16.353710 -95.083618 -5.700108
15.429576 -95.292435 -3.376660
46.130424 -57.072628 -21.937225
44.424889 -61.319893 -21.196402
42.616962 -65.522484 -20.437042
40.678463 -69.604103 -19.640091
38.582497 -73.470367 -18.797552
36.323963 -77.031799 -17.931412
33.916229 -80.226418 -17.059267
31.391041 -83.009705 -16.194315
28.805046 -85.365013 -15.338259
26.247070 -87.295685 -14.481376
23.809513 -88.882057 -13.599146
21.567682 -90.192795 -12.652101
19.577492 -91.289757 -11.578378
17.886353 -92.206985 -10.288266
16.519485 -92.949753 -8.700773
15.450162 -93.494385 -6.811465
14.610977 -93.810181 -4.652645
44.383003 -58.127350 -22.420862
42.589497 -62.396713 -21.575428
40.677116 -66.581406 -20.664083
38.623482 -70.596016 -19.676714
36.416225 -74.348396 -18.647005
34.051582 -77.752365 -17.619907
31.546427 -80.748352 -16.623686
28.940182 -83.297195 -15.677156
26.302872 -85.385391 -14.779463
23.736324 -87.065948 -13.905746
21.331558 -88.419968 -13.005157
19.160946 -89.523872 -12.015601
17.285202 -90.433434 -10.853255
15.752215 -91.186310 -9.431229
14.583845 -91.780334 -7.705441
13.741875 -92.184456 -5.704288
42.526428 -59.128754 -22.745062
40.652611 -63.381630 -21.740433
38.657024 -67.508583 -20.629982
36.526241 -71.426468 -19.446127
34.242695 -75.043083 -18.247580
31.799963 -78.268402 -17.092993
29.220762 -81.044441 -16.017609
26.556953 -83.330345 -15.038087
23.896507 -85.160652 -14.135376
21.347534 -86.594559 -13.254951
19.000460 -87.726227 -12.323043
16.931122 -88.629791 -11.255290
15.199047 -89.369484 -9.965240
13.852880 -89.977600 -8.394600
12.914345 -90.440521 -6.537807
40.578903 -60.043255 -22.851933
38.652313 -64.244728 -21.644432
36.612991 -68.290070 -20.331818
34.438946 -72.094482 -18.971634
32.103745 -75.557587 -17.638828
29.600615 -78.583710 -16.402601
26.963352 -81.108704 -15.297628
24.266003 -83.135559 -14.320370
21.608480 -84.707222 -13.419877
19.105011 -85.902634 -12.515766
16.849060 -86.817757 -11.512469
14.913016 -87.539932 -10.321295
13.355530 -88.131050 -8.878782
12.232565 -88.612846 -7.159677
38.586655 -60.843987 -22.699635
36.648155 -64.976135 -21.287443
34.598709 -68.928146 -19.792839
32.404190 -72.605492 -18.290445
30.030142 -75.896362 -16.869215
27.474836 -78.691040 -15.601851
24.796833 -80.962868 -14.502974
22.089451 -82.725204 -13.534193
19.464148 -84.043556 -12.615641
17.042650 -85.005348 -11.643600
14.912720 -85.724243 -10.518943
13.141913 -86.287926 -9.174205
11.796608 -86.749802 -7.572904
36.614986 -61.521950 -22.287535
34.700638 -65.578857 -20.689028
32.665398 -69.429543 -19.044636
30.461174 -72.965401 -17.444956
28.048943 -76.053192 -15.987329
25.449158 -78.608887 -14.727983
22.747704 -80.616440 -13.644297
20.057264 -82.114731 -12.664649
17.501680 -83.182251 -11.682120
15.198993 -83.931221 -10.589114
13.226772 -84.477486 -9.309597
11.656584 -84.901711 -7.800051
34.731747 -62.084957 -21.637787
32.865398 -66.062363 -19.883215
30.851826 -69.800262 -18.133722
28.629749 -73.165520 -16.491768
26.173208 -76.036934 -15.043925
23.536463 -78.335411 -13.809021
20.833702 -80.072617 -12.726901
18.196440 -81.305527 -11.693538
15.748455 -82.143349 -10.594003
13.595682 -82.704712 -9.345404
11.813760 -83.097656 -7.897171
32.998932 -62.538967 -20.781174
31.186512 -66.428764 -18.915285
29.178999 -70.028961 -17.118925
26.916988 -73.206970 -15.488955
24.409557 -75.836723 -14.077969
21.749647 -77.863251 -12.863750
19.077654 -79.321678 -11.748218
16.531315 -80.308067 -10.611162
14.221322 -80.941475 -9.360741
12.248407 -81.334084 -7.942112
31.468203 -62.881824 -19.762451
29.688421 -66.665405 -17.846870
27.648273 -70.111465 -16.065166
25.322334 -73.073044 -14.485296
22.764833 -75.436516 -13.120756
20.106726 -77.172615 -11.904328
17.502171 -78.365967 -10.711039
15.077137 -79.130074 -9.438028
12.933550 -79.576813 -8.023057
30.167276 -63.100174 -18.648161
28.364475 -66.765160 -16.750284
26.248327 -70.028328 -15.030537
23.841963 -72.740486 -13.524273
21.249012 -74.806290 -12.199317
18.627760 -76.257690 -10.944686
16.121862 -77.208183 -9.643660
13.846481 -77.766815 -8.222251
29.084415 -63.187263 -17.517239
27.193649 -66.710876 -15.690886
24.963940 -69.753578 -14.069386
22.477800 -72.170395 -12.648726
19.881971 -73.932190 -11.340038
17.329863 -75.117386 -10.021741
14.951601 -75.840515 -8.602950
28.143101 -63.137802 -16.442230
26.109734 -66.476212 -14.730178
23.757698 -69.236809 -13.232204
21.227591 -71.337013 -11.882744
18.668205 -72.809845 -10.563521
16.219757 -73.745819 -9.167249
27.255442 -62.927353 -15.482919
25.063068 -66.006653 -13.923065
22.628941 -68.446945 -12.544968
20.102337 -70.238159 -11.240336
17.619894 -71.437035 -9.892590
26.347630 -62.497070 -14.700908
24.043907 -65.264328 -13.299521
21.585337 -67.382294 -12.015095
19.110712 -68.873138 -10.732967
25.404200 -61.810490 -14.132739
23.057449 -64.255127 -12.864225
20.631351 -66.046173 -11.648991
24.424440 -60.894611 -13.770081
22.100498 -62.994293 -12.605564
23.419453 -59.784653 -13.579679
20.435732 -59.492897 -12.636003
19.048283 -62.475845 -11.431065
17.571262 -65.310272 -10.203863
16.071703 -67.928177 -8.983478
14.624688 -70.304565 -7.828441
13.289596 -72.466469 -6.809187
12.112075 -74.458305 -5.972167
11.124398 -76.334000 -5.350010
10.366287 -78.150833 -4.940201
9.855972 -79.961243 -4.705375
9.615377 -81.798424 -4.551763
9.659782 -83.668945 -4.387443
9.983923 -85.549713 -4.128900
10.538927 -87.392784 -3.702877
11.231517 -89.154587 -3.057485
11.957642 -90.797188 -2.171353
12.619399 -92.294319 -1.040961
13.134520 -93.622742 0.321383
13.508590 -94.787216 1.880247
13.799479 -95.790833 3.597043
14.094597 -96.628059 5.437047
14.489133 -97.286896 7.359912
15.061717 -97.752205 9.312108
15.841501 -98.021996 11.246683
16.803427 -98.109444 13.131485
17.912756 -98.027168 14.952090
19.133923 -97.782677 16.690771
20.432758 -97.359726 18.314793
21.776821 -96.743034 19.778671
23.145533 -95.932259 21.033842
18.483091 -60.194038 -11.608767
17.046436 -63.102650 -10.216496
15.584995 -65.797333 -8.812303
14.159560 -68.250381 -7.442950
12.825073 -70.481125 -6.180656
11.633915 -72.532829 -5.090608
10.626922 -74.465004 -4.212271
9.849493 -76.339249 -3.565275
9.321216 -78.207901 -3.132367
9.063292 -80.094589 -2.864942
9.085051 -82.001923 -2.666057
9.372544 -83.904495 -2.442273
9.867317 -85.754791 -2.099509
10.473083 -87.511673 -1.558846
11.097457 -89.141068 -0.767472
11.642964 -90.615479 0.280911
12.029073 -91.911545 1.570385
12.259772 -93.041252 3.053329
12.407006 -94.025261 4.696564
12.558168 -94.868713 6.470518
12.810614 -95.569000 8.342984
13.251744 -96.117912 10.269188
13.918327 -96.518417 12.201135
14.805552 -96.761551 14.101483
15.872350 -96.857025 15.950061
17.085285 -96.808205 17.730753
18.417246 -96.603783 19.415813
19.848078 -96.207016 20.956017
21.362122 -95.591949 22.289736
16.674129 -60.647713 -10.412251
15.277984 -63.440845 -8.842512
13.906822 -65.994934 -7.283916
12.607449 -68.320221 -5.799828
11.429707 -70.453987 -4.457928
10.420828 -72.456894 -3.318939
9.635706 -74.399590 -2.412482
9.097470 -76.336792 -1.747607
8.827047 -78.291512 -1.297931
8.830109 -80.253906 -1.006763
9.083969 -82.194641 -0.767837
9.521820 -84.064262 -0.465837
10.043804 -85.820763 0.001823
10.554362 -87.429024 0.708536
10.969119 -88.866356 1.680955
11.206977 -90.110115 2.899055
11.281943 -91.183281 4.308420
11.266365 -92.118301 5.871898
11.263595 -92.939415 7.574450
11.370085 -93.651825 9.392729
11.674959 -94.254021 11.290341
12.220117 -94.749969 13.220158
13.006263 -95.133591 15.141636
14.009053 -95.392563 17.025534
15.190176 -95.531204 18.853943
16.525900 -95.536018 20.600163
18.004551 -95.375305 22.219267
19.617737 -94.998337 23.643406
15.125761 -60.896317 -9.053569
13.849656 -63.565006 -7.340394
12.626984 -66.004738 -5.672565
11.504819 -68.243164 -4.112070
10.527802 -70.336044 -2.723572
9.756491 -72.356949 -1.562348
9.219023 -74.368446 -0.651033
8.936602 -76.394730 0.010138
8.910872 -78.424721 0.459078
9.119295 -80.417633 0.774380
9.490763 -82.320457 1.093804
9.926000 -84.087517 1.539901
10.324085 -85.679245 2.202735
10.595951 -87.070244 3.119395
10.676122 -88.248299 4.277840
10.584271 -89.248077 5.617898
10.403506 -90.117523 7.105876
10.235351 -90.892578 8.731857
10.190554 -91.595001 10.491150
10.356814 -92.228241 12.356425
10.775014 -92.795692 14.281689
11.450156 -93.290131 16.224625
12.362222 -93.701912 18.151606
13.488095 -94.015068 20.034060
14.799466 -94.220749 21.845257
16.288324 -94.285973 23.541399
17.953140 -94.164543 25.060345
13.966639 -60.998516 -7.580129
12.873708 -63.567566 -5.775798
11.860456 -65.930283 -4.048665
10.968951 -68.134239 -2.460640
10.253139 -70.249039 -1.074387
9.737125 -72.338478 0.063315
9.443765 -74.433693 0.940692
9.374743 -76.526024 1.576662
9.507016 -78.576057 2.040169
9.785798 -80.521164 2.448526
10.115717 -82.308830 2.940532
10.392965 -83.892021 3.618143
10.521527 -85.240433 4.525116
10.433685 -86.344292 5.648318
10.173110 -87.262695 6.933299
9.825568 -88.056656 8.353850
9.498940 -88.775581 9.911518
9.299048 -89.451317 11.610525
9.325132 -90.099495 13.440508
9.614544 -90.720757 15.358044
10.171917 -91.305779 17.320122
10.981170 -91.842728 19.289450
12.022855 -92.320297 21.233891
13.282280 -92.711914 23.115074
14.747393 -92.991913 24.891724
16.420238 -93.112358 26.504337
13.314839 -61.054428 -6.070526
12.473089 -63.562157 -4.239844
11.727196 -65.898933 -2.524339
11.121703 -68.127121 -0.987135
10.661944 -70.303726 0.328081
10.366700 -72.461700 1.395006
10.244439 -74.602882 2.226587
10.280995 -76.695099 2.876843
10.429080 -78.678589 3.454628
10.622599 -80.489975 4.069103
10.756451 -82.069862 4.830649
10.731390 -83.381760 5.784699
10.477121 -84.418594 6.916902
10.043388 -85.253838 8.174186
9.535228 -85.972290 9.547862
9.056584 -86.632111 11.052554
8.715364 -87.275620 12.704071
8.603792 -87.926735 14.500290
8.765936 -88.588539 16.407469
9.204071 -89.247169 18.384420
9.902310 -89.888107 20.392330
10.844790 -90.499260 22.395706
12.018794 -91.061821 24.353815
13.426205 -91.535538 26.215012
15.066188 -91.880508 27.925396
13.251435 -61.176941 -4.638534
12.704947 -63.669720 -2.869847
12.255834 -66.029793 -1.261164
11.895557 -68.306877 0.157729
11.629519 -70.530136 1.369458
11.470433 -72.708946 2.375517
11.415535 -74.824684 3.221642
11.430246 -76.826759 3.999994
11.456796 -78.653275 4.808945
11.421027 -80.230927 5.721146
11.223580 -81.511665 6.781291
10.797321 -82.491096 7.972667
10.196486 -83.255081 9.248262
9.527389 -83.900391 10.609442
8.905881 -84.503716 12.087566
8.433009 -85.113777 13.710418
8.201073 -85.762711 15.485352
8.242477 -86.454063 17.382610
8.564983 -87.172112 19.369541
9.150931 -87.897331 21.409182
9.984472 -88.616043 23.465435
11.054361 -89.310944 25.494884
12.364140 -89.954224 27.447094
13.930036 -90.494034 29.258759
13.761408 -61.453156 -3.424634
13.507820 -63.961510 -1.808399
13.288733 -66.351944 -0.349683
13.102281 -68.652168 0.944186
12.951750 -70.871735 2.081559
12.841609 -73.002495 3.094799
12.747887 -75.007065 4.065943
12.624294 -76.832848 5.078042
12.400537 -78.401802 6.193043
12.014033 -79.655022 7.410232
11.406131 -80.585709 8.709771
10.638879 -81.290344 10.052427
9.817092 -81.874161 11.449625
9.054410 -82.423958 12.940114
8.459893 -83.003197 14.562344
8.118855 -83.649277 16.334335
8.058317 -84.364418 18.230701
8.274745 -85.131813 20.225861
8.753464 -85.925644 22.290264
9.476453 -86.727852 24.390795
10.430079 -87.521561 26.484386
11.618807 -88.285583 28.520607
13.060759 -88.984566 30.441526
14.706364 -61.875385 -2.511006
14.672095 -64.393646 -1.058968
14.618336 -66.786308 0.265422
14.542348 -69.064354 1.475319
14.439541 -71.221130 2.605781
14.291920 -73.229637 3.725309
14.060861 -75.048851 4.911204
13.685623 -76.606781 6.211864
13.109909 -77.837341 7.613832
12.319920 -78.731262 9.056578
11.387609 -79.389198 10.508020
10.419120 -79.923553 11.986100
9.524642 -80.428986 13.533978
8.810965 -80.979744 15.192784
8.369793 -81.624382 16.985708
8.217899 -82.362183 18.894949
8.346117 -83.172180 20.901592
8.727612 -84.024223 22.985046
9.344510 -84.891060 25.120049
10.178442 -85.753189 27.267534
11.230498 -86.594986 29.379723
12.519612 -87.392044 31.401817
15.866280 -62.337589 -1.831653
16.000246 -64.841675 -0.514661
16.064079 -67.200340 0.721113
16.047693 -69.409668 1.910421
15.923649 -71.444580 3.120645
15.655630 -73.272949 4.420505
15.190643 -74.833099 5.855083
14.484692 -76.062675 7.401367
13.538404 -76.945671 8.992242
12.460129 -77.580093 10.572704
11.359173 -78.082970 12.162188
10.345675 -78.557701 13.801783
9.523840 -79.088211 15.531138
8.984102 -79.733734 17.372269
8.746576 -80.495026 19.309422
8.792983 -81.345505 21.333399
9.090192 -82.247368 23.431908
9.606620 -83.165825 25.590567
10.320993 -84.071808 27.779299
11.228084 -84.951843 29.956078
12.342203 -85.791359 32.071625
17.051228 -62.685390 -1.254921
17.318096 -65.151329 -0.026246
17.461006 -67.443314 1.181411
17.448620 -69.540695 2.429044
17.232620 -71.414223 3.783387
16.762638 -73.012001 5.285461
16.006992 -74.280830 6.915480
14.983690 -75.202477 8.605893
13.806607 -75.858711 10.305994
12.605516 -76.362572 12.011669
11.494751 -76.828552 13.756239
10.579314 -77.352028 15.572221
9.948056 -78.002716 17.477158
9.619409 -78.785492 19.455240
9.580802 -79.671448 21.501129
9.791288 -80.616112 23.612835
10.212047 -81.574959 25.785305
10.806119 -82.509964 28.000635
11.565648 -83.402451 30.226547
12.497372 -84.243309 32.420662
18.080856 -62.778397 -0.645287
18.451857 -65.182220 0.550533
18.629433 -67.378426 1.799821
18.561434 -69.343414 3.158466
18.190704 -71.033188 4.665957
17.488125 -72.399094 6.313442
16.488024 -73.423805 8.045730
15.304737 -74.167320 9.816520
14.067934 -74.730583 11.617522
12.901529 -75.226265 13.457480
11.918125 -75.766426 15.357308
11.208111 -76.432594 17.325853
10.789907 -77.235031 19.347746
10.653853 -78.148651 21.419054
10.767374 -79.125359 23.543243
11.083078 -80.113167 25.724663
11.556894 -81.065277 27.955208
12.164148 -81.955765 30.214302
12.910188 -82.774780 32.468781
18.745352 -62.539070 0.126108
19.182577 -64.854309 1.344353
19.347900 -66.947083 2.670853
19.189749 -68.780907 4.135012
18.671877 -70.311104 5.741504
17.819996 -71.506470 7.460530
16.745613 -72.408707 9.252910
15.573062 -73.099960 11.102929
14.427497 -73.688568 13.009551
13.422536 -74.283775 14.973235
12.660090 -74.985168 16.992096
12.163761 -75.811844 19.050274
11.929918 -76.745544 21.144300
11.930780 -77.741272 23.280256
12.128591 -78.743874 25.468462
12.470675 -79.700592 27.709072
12.926048 -80.580391 29.989038
13.480508 -81.366882 32.285652
18.834192 -62.056793 1.130586
19.293278 -64.261887 2.390844
19.438034 -66.242538 3.781914
19.234344 -67.956955 5.312004
18.683245 -69.366325 6.975460
17.854406 -70.478859 8.748396
16.869583 -71.359528 10.607568
15.848799 -72.100388 12.540603
14.906669 -72.807899 14.537542
14.142133 -73.575912 16.584530
13.596763 -74.441170 18.664055
13.279274 -75.395950 20.772194
13.169996 -76.401855 22.916052
13.235148 -77.405556 25.108864
13.433641 -78.354378 27.356312
13.726219 -79.214355 29.650148
14.092504 -79.966843 31.972322
18.320606 -61.543144 2.324479
18.776823 -63.603886 3.628067
18.927126 -65.442047 5.075209
18.765011 -67.019539 6.668089
18.314404 -68.334991 8.395865
17.643698 -69.418961 10.237065
16.868141 -70.344864 12.168726
16.092991 -71.201408 14.171282
15.417128 -72.078094 16.224102
14.878765 -73.006126 18.308561
14.512124 -73.994293 20.419590
14.312023 -75.013451 22.564306
14.252211 -76.015343 24.756788
14.295138 -76.949615 27.005096
14.416313 -77.786324 29.303570
14.587881 -78.506859 31.635515
17.365183 -61.040451 3.651921
17.811983 -62.939461 5.011333
17.998041 -64.612381 6.532899
17.937016 -66.057724 8.207645
17.655766 -67.300079 10.016943
17.212811 -68.387177 11.934382
16.702404 -69.391396 13.931245
16.209465 -70.386360 15.980602
15.769255 -71.403511 18.060762
15.413069 -72.444839 20.166748
15.161769 -73.492134 22.304924
15.003362 -74.504013 24.488777
14.908257 -75.434814 26.726318
14.857335 -76.257629 29.013115
14.841908 -76.960159 31.334326
16.092947 -60.518524 5.102298
16.537928 -62.255379 6.536842
16.780371 -63.783760 8.147482
16.839539 -65.123909 9.913783
16.742277 -66.318443 11.808023
16.533092 -67.426910 13.795554
16.281378 -68.513405 15.841884
16.010473 -69.608253 17.919847
15.746197 -70.713120 20.019444
15.503467 -71.804115 22.145983
15.293117 -72.844727 24.311501
15.101252 -73.794189 26.523788
14.918311 -74.628235 28.779812
14.742314 -75.336845 31.066780
14.617858 -59.947849 6.670733
15.069883 -61.557476 8.183429
15.370185 -62.982388 9.878883
15.538313 -64.257477 11.726496
15.595943 -65.436066 13.689625
15.573997 -66.579102 15.726702
15.491280 -67.722893 17.801914
15.360854 -68.872452 19.897751
15.192101 -70.007248 22.011694
14.990886 -71.087906 24.153378
14.762742 -72.074272 26.331472
14.510776 -72.941765 28.546543
14.241453 -73.680115 30.789017
13.040768 -59.330536 8.336161
13.495015 -60.858925 9.908212
13.835167 -62.228836 11.663282
14.076954 -63.484886 13.561686
14.235281 -64.682915 15.559730
14.310966 -65.864655 17.614555
14.312921 -67.045532 19.697144
14.243076 -68.212105 21.796543
14.104893 -69.329971 23.914289
13.900729 -70.356575 26.060614
13.644915 -71.264183 28.239090
13.351395 -72.039444 30.444386
11.450940 -58.669189 10.068758
11.893078 -60.159512 11.669227
12.247262 -61.519608 13.447766
12.524615 -62.798233 15.357171
12.723585 -64.034966 17.354971
12.839524 -65.253601 19.403294
12.871231 -66.452049 21.478432
12.817316 -67.602676 23.574356
12.680112 -68.666130 25.695820
12.467335 -69.610771 27.848927
12.199107 -70.419662 30.030203
9.910225 -57.967922 11.852524
10.321049 -59.455334 13.448323
10.663159 -60.840569 15.213135
10.940683 -62.159069 17.103811
11.147106 -63.435360 19.081436
11.271164 -64.675797 21.113478
11.307677 -65.863190 23.180664
11.254864 -66.962151 25.281368
11.118748 -67.941727 27.416523
10.910729 -68.780685 29.583954
8.471046 -57.226910 13.689869
8.832485 -58.734005 15.252291
9.144786 -60.153336 16.983606
9.406362 -61.508301 18.842365
9.605900 -62.807491 20.795588
9.728501 -64.040802 22.815338
9.767556 -65.180023 24.886856
9.722714 -66.195465 27.004250
9.603417 -67.064697 29.160385
7.187370 -56.439846 15.598751
7.496438 -57.965107 17.121731
7.776527 -59.408157 18.815247
8.022606 -60.778614 20.643877
8.220032 -62.069157 22.579494
8.350600 -63.255875 24.599644
8.406374 -64.312584 26.685257
8.388893 -65.216370 28.822111
6.134881 -55.591736 17.616661
6.403306 -57.118523 19.107452
6.666721 -58.560417 20.772272
6.917475 -59.912640 22.580191
7.135353 -61.153748 24.509092
7.296257 -62.258286 26.534081
7.392260 -63.204071 28.628498
5.339831 -54.682323 19.739769
5.596840 -56.191086 21.212263
5.877220 -57.603470 22.859579
6.166126 -58.901009 24.656416
6.432274 -60.058792 26.579777
6.647215 -61.053368 28.599516
4.812969 -53.707909 21.946722
5.099865 -55.179752 23.410797
5.436526 -56.534409 25.048250
5.793003 -57.746918 26.834303
6.129036 -58.793476 28.741215
4.538773 -52.661137 24.194656
4.895329 -54.077625 25.654827
5.315044 -55.347343 27.283579
5.755580 -56.443981 29.051422
4.480184 -51.530018 26.428543
4.928329 -52.867767 27.886333
5.440540 -54.014881 29.505320
4.570873 -50.309120 28.589289
5.111547 -51.523090 30.048666
4.747717 -48.993416 30.630491
32.307892 12.722944 -33.815514
31.060112 11.978109 -34.923759
29.910351 10.960654 -35.982006
28.930920 9.670671 -36.967705
28.178988 8.142770 -37.859493
27.671917 6.429117 -38.630455
27.391682 4.590108 -39.243126
27.300877 2.669026 -39.662014
27.350124 0.704509 -39.855694
27.504976 -1.294999 -39.814369
27.732800 -3.308714 -39.563690
28.017256 -5.330442 -39.142677
28.345648 -7.361825 -38.595135
28.703693 -9.410771 -37.954681
29.074780 -11.490324 -37.229351
29.419453 -13.604158 -36.424442
29.703747 -15.757277 -35.528877
29.895222 -17.951124 -34.530304
29.980600 -20.201294 -33.408119
29.962942 -22.518950 -32.157978
29.859402 -24.916821 -30.778988
29.691875 -27.409630 -29.272837
29.475393 -30.006018 -27.651186
29.205559 -32.730026 -25.924568
28.857849 -35.566475 -24.141670
28.387676 -38.502975 -22.355614
27.741871 -41.507793 -20.634640
26.879517 -44.550098 -19.031189
25.794249 -47.574589 -17.574051
24.515560 -50.522232 -16.257507
31.454416 11.441799 -33.065170
30.304722 10.482244 -34.088383
29.303459 9.302236 -35.047100
28.497732 7.916951 -35.927849
27.905764 6.359083 -36.714985
27.527201 4.665865 -37.376690
27.330450 2.880649 -37.878323
27.269623 1.036839 -38.183029
27.292711 -0.851011 -38.279564
27.377281 -2.778812 -38.166653
27.507999 -4.731868 -37.878067
27.680340 -6.705347 -37.453705
27.889105 -8.699135 -36.930000
28.132122 -10.720509 -36.323570
28.387434 -12.773955 -35.633774
28.615198 -14.857868 -34.857998
28.777668 -16.971657 -33.986549
28.857204 -19.121267 -33.009888
28.849533 -21.323984 -31.912962
28.758873 -23.591249 -30.694912
28.598764 -25.935394 -29.358622
28.379387 -28.365179 -27.913538
28.107824 -30.895222 -26.365738
27.770426 -33.537636 -24.732473
27.333897 -36.277092 -23.066151
26.754187 -39.097240 -21.423370
25.999929 -41.982601 -19.849890
25.053017 -44.922699 -18.368979
23.915909 -47.889095 -16.984753
30.770649 10.188334 -32.132141
29.804808 9.022201 -33.075592
29.016844 7.695395 -33.954346
28.419691 6.229573 -34.757805
28.015144 4.646137 -35.462219
27.781572 2.969808 -36.033440
27.681067 1.230126 -36.434528
27.654247 -0.559711 -36.644192
27.662992 -2.391053 -36.655594
27.693596 -4.262622 -36.476269
27.746065 -6.163627 -36.145523
27.824347 -8.091105 -35.701080
27.932587 -10.049019 -35.169590
28.061581 -12.038431 -34.560211
28.189219 -14.059641 -33.869640
28.271183 -16.104425 -33.093182
28.283871 -18.174009 -32.226597
28.215378 -20.273941 -31.267992
28.068693 -22.422062 -30.208450
27.849621 -24.632113 -29.047207
27.560991 -26.913702 -27.790583
27.219616 -29.284733 -26.435616
26.821421 -31.750862 -24.990978
26.351006 -34.317810 -23.475626
25.766878 -36.964989 -21.948877
25.046186 -39.688515 -20.450912
24.178812 -42.489719 -19.004255
23.157753 -45.373379 -17.612043
30.240868 9.028547 -31.062094
29.521330 7.664655 -31.937386
28.978693 6.205149 -32.756680
28.616852 4.661506 -33.500309
28.416882 3.048310 -34.138466
28.348074 1.378052 -34.631271
28.349072 -0.337553 -34.953888
28.373352 -2.094252 -35.089397
28.393879 -3.887891 -35.037380
28.404821 -5.718648 -34.808910
28.418348 -7.580733 -34.443794
28.443449 -9.477139 -33.973110
28.478870 -11.408067 -33.414658
28.510580 -13.371973 -32.774750
28.508305 -15.363123 -32.051174
28.441263 -17.373585 -31.246655
28.290478 -19.401257 -30.364204
28.046091 -21.448769 -29.408171
27.714016 -23.532516 -28.378050
27.294245 -25.665541 -27.276739
26.809113 -27.872198 -26.101002
26.266333 -30.169029 -24.847513
25.665354 -32.562305 -23.520603
24.990299 -35.049114 -22.142048
24.217285 -37.612816 -20.758141
23.344614 -40.259872 -19.392042
22.371162 -42.999474 -18.051838
29.796577 8.050302 -29.904942
29.342575 6.499231 -30.719177
29.064087 4.904774 -31.485067
28.948849 3.275093 -32.174072
28.972042 1.616180 -32.747742
29.067701 -0.069315 -33.174450
29.185684 -1.783897 -33.434765
29.286955 -3.529806 -33.518700
29.354122 -5.307068 -33.430202
29.387077 -7.119377 -33.179688
29.402538 -8.967750 -32.799473
29.408377 -10.853819 -32.311008
29.398870 -12.776756 -31.727154
29.351135 -14.731321 -31.052353
29.239052 -16.710068 -30.290791
29.037836 -18.701914 -29.451832
28.730255 -20.700678 -28.543156
28.307055 -22.704784 -27.573212
27.764204 -24.721220 -26.547655
27.121546 -26.771103 -25.471493
26.389721 -28.877739 -24.346098
25.580820 -31.066593 -23.171503
24.696966 -33.350079 -21.956440
23.761518 -35.739391 -20.709463
22.775345 -38.218540 -19.457275
21.745575 -40.792686 -18.210495
29.298868 7.339515 -28.722923
29.109425 5.600133 -29.461515
29.090334 3.861338 -30.160807
29.227600 2.125075 -30.778408
29.458742 0.398982 -31.280935
29.723833 -1.327946 -31.640884
29.977896 -3.068802 -31.846455
30.188982 -4.832095 -31.894432
30.345274 -6.623681 -31.792234
30.439205 -8.449821 -31.542799
30.491524 -10.313587 -31.166676
30.506754 -12.216599 -30.677395
30.473482 -14.156939 -30.084026
30.368120 -16.127169 -29.391565
30.166477 -18.115749 -28.607288
29.848782 -20.109877 -27.745317
29.399321 -22.099602 -26.815857
28.802691 -24.075872 -25.828651
28.069950 -26.042845 -24.791306
27.209274 -28.013422 -23.712677
26.229361 -30.009214 -22.600479
25.132811 -32.052971 -21.465834
23.947006 -34.180027 -20.323593
22.734730 -36.433376 -19.179028
21.522825 -38.799370 -18.039915
28.636597 6.906850 -27.575787
28.684292 4.984114 -28.208019
28.910124 3.086734 -28.805969
29.262569 1.231263 -29.330328
29.684557 -0.584917 -29.746765
30.117546 -2.380356 -30.033081
30.523117 -4.177973 -30.183350
30.874847 -5.992789 -30.200653
31.152075 -7.832580 -30.091986
31.343868 -9.704360 -29.852615
31.466537 -11.613478 -29.492044
31.521420 -13.562875 -29.018005
31.490400 -15.547085 -28.434938
31.350788 -17.556246 -27.746666
31.079733 -19.576115 -26.960236
30.663582 -21.592808 -26.092291
30.083565 -23.591290 -25.153322
29.339001 -25.558044 -24.152199
28.430870 -27.486921 -23.097889
27.367683 -29.384695 -22.004219
26.150362 -31.262587 -20.886204
24.796419 -33.148617 -19.764589
23.349604 -35.096001 -18.661390
21.887096 -37.172798 -17.587912
27.736637 6.724731 -26.519196
27.983009 4.623724 -26.998972
28.395580 2.574383 -27.465607
28.923193 0.588316 -27.873890
29.508774 -1.339025 -28.190912
30.097895 -3.231505 -28.396547
30.656494 -5.119410 -28.488323
31.150826 -7.015766 -28.472183
31.566216 -8.933758 -28.348944
31.882994 -10.879689 -28.111694
32.112614 -12.863736 -27.763468
32.241318 -14.883445 -27.306654
32.248886 -16.932716 -26.743887
32.110088 -19.001041 -26.076786
31.800350 -21.071785 -25.307747
31.310734 -23.129513 -24.451674
30.631325 -25.151497 -23.513641
29.759600 -27.119074 -22.502810
28.695576 -29.016640 -21.430246
27.445599 -30.840780 -20.316130
26.024464 -32.600616 -19.184507
24.462971 -34.330555 -18.064402
22.810534 -36.089394 -16.984209
26.598396 6.720821 -25.571508
26.973789 4.470468 -25.876553
27.515766 2.277659 -26.189255
28.169247 0.155686 -26.467253
28.878769 -1.901005 -26.679329
29.592138 -3.917447 -26.806719
30.269073 -5.917345 -26.847187
30.884687 -7.919723 -26.796659
31.423693 -9.938258 -26.650114
31.869373 -11.982669 -26.396744
32.214882 -14.057414 -26.038050
32.442635 -16.160833 -25.576857
32.529144 -18.288139 -25.018045
32.442055 -20.428749 -24.365290
32.147835 -22.565157 -23.618076
31.635149 -24.673355 -22.779455
30.895372 -26.727407 -21.849520
29.928999 -28.701456 -20.833874
28.734121 -30.567841 -19.744854
27.331936 -32.317665 -18.610983
25.751808 -33.962860 -17.466175
24.033142 -35.539001 -16.346844
25.241051 6.851861 -24.747082
25.685078 4.473919 -24.867569
26.295418 2.148179 -25.018513
27.016022 -0.113011 -25.164904
27.792488 -2.313980 -25.282354
28.570507 -4.465686 -25.353558
29.315672 -6.595481 -25.362221
30.005222 -8.720426 -25.294573
30.628139 -10.857867 -25.136003
31.161306 -13.008427 -24.866543
31.594498 -15.178680 -24.483967
31.909534 -17.368763 -23.990395
32.082253 -19.574116 -23.392166
32.082230 -21.784887 -22.695936
31.861351 -23.978962 -21.915083
31.401859 -26.134876 -21.055489
30.681026 -28.222467 -20.115650
29.688835 -30.206459 -19.093485
28.422113 -32.045654 -17.993652
26.922821 -33.728230 -16.847212
25.236874 -35.266003 -15.696019
23.740229 7.069561 -23.998785
24.206507 4.574348 -23.943600
24.832409 2.117763 -23.944693
25.561073 -0.288761 -23.980188
26.342323 -2.634074 -24.035347
27.130415 -4.928729 -24.080564
27.892632 -7.195236 -24.088831
28.610792 -9.452884 -24.036018
29.272539 -11.708131 -23.893145
29.856676 -13.962658 -23.626440
30.347359 -16.225275 -23.229275
30.723139 -18.495726 -22.700146
30.959888 -20.768179 -22.039948
31.020296 -23.026196 -21.260807
30.865274 -25.252052 -20.381771
30.476908 -27.426199 -19.420168
29.830606 -29.519976 -18.385218
28.901817 -31.500351 -17.293674
27.655199 -33.320351 -16.162163
26.134426 -34.950600 -15.003690
22.145741 7.358607 -23.299986
22.593681 4.743566 -23.092184
23.184280 2.148125 -22.974424
23.867510 -0.401733 -22.940355
24.602442 -2.894154 -22.968775
25.352024 -5.332276 -23.022928
26.086613 -7.739069 -23.066603
26.795088 -10.120762 -23.057255
27.466070 -12.485507 -22.950159
28.078060 -14.836769 -22.699085
28.607204 -17.182726 -22.291626
29.028313 -19.521156 -21.719055
29.308077 -21.838455 -20.985744
29.411623 -24.120453 -20.105604
29.301804 -26.349171 -19.102053
28.966053 -28.503283 -17.993652
28.382416 -30.558249 -16.805880
27.528629 -32.492237 -15.572737
26.365704 -34.273521 -14.337094
20.496656 7.705210 -22.645752
20.886080 4.956338 -22.326502
21.400290 2.220707 -22.140198
21.996616 -0.475387 -22.078100
22.644955 -3.112810 -22.117477
23.315472 -5.693902 -22.216421
23.991293 -8.226879 -22.319689
24.664610 -10.719835 -22.366600
25.323008 -13.183469 -22.299225
25.943689 -15.620496 -22.059048
26.494604 -18.036598 -21.624352
26.941561 -20.420263 -20.988123
27.250536 -22.759747 -20.159477
27.386637 -25.040396 -19.158764
27.315298 -27.242516 -18.010830
27.022627 -29.346554 -16.747704
26.487724 -31.333744 -15.404849
25.694593 -33.185745 -14.017478
18.823084 8.088586 -22.059675
19.124542 5.199406 -21.687433
19.532291 2.318210 -21.480808
20.013645 -0.522431 -21.432383
20.544889 -3.302906 -21.518917
21.115341 -6.010021 -21.682922
21.712780 -8.653831 -21.851513
22.330198 -11.245711 -21.949762
22.953886 -13.796570 -21.906204
23.558586 -16.306509 -21.648251
24.105131 -18.769802 -21.153667
24.555958 -21.175476 -20.421463
24.876894 -23.510635 -19.469038
25.036118 -25.759710 -18.321104
24.998911 -27.907877 -17.019060
24.748487 -29.942204 -15.605815
24.264706 -31.844906 -14.117208
17.159134 8.492074 -21.583557
17.354259 5.454248 -21.212063
17.640787 2.428178 -21.029924
17.990223 -0.554819 -21.031303
18.397264 -3.460301 -21.181873
18.858139 -6.277084 -21.410797
19.362261 -9.019060 -21.632092
19.903200 -11.698917 -21.756807
20.464016 -14.326199 -21.697508
21.022842 -16.887667 -21.378244
21.535057 -19.375608 -20.782251
21.963703 -21.775930 -19.917789
22.277843 -24.074144 -18.808542
22.448957 -26.261740 -17.499634
22.440937 -28.334793 -16.045609
22.233955 -30.282797 -14.489598
15.525120 8.879926 -21.241341
15.608605 5.694879 -20.911303
15.767813 2.527071 -20.784521
15.989479 -0.578986 -20.846649
16.273479 -3.592093 -21.055761
16.619583 -6.505753 -21.331551
17.018717 -9.336061 -21.574554
17.461472 -12.095908 -21.679085
17.937336 -14.781012 -21.553362
18.423845 -17.373426 -21.125267
18.877319 -19.859386 -20.386974
19.263927 -22.221188 -19.353922
19.559103 -24.451223 -18.073624
19.734827 -26.555027 -16.606888
19.753315 -28.535072 -15.009073
13.940595 9.230257 -21.045349
13.912261 5.904525 -20.776451
13.952579 2.617394 -20.704758
14.052099 -0.591766 -20.814260
14.213144 -3.697934 -21.058229
14.438817 -6.698326 -21.345470
14.717667 -9.610727 -21.559080
15.050787 -12.434261 -21.589556
15.423877 -15.159454 -21.346594
15.820340 -17.757908 -20.766521
16.199303 -20.209339 -19.848272
16.536238 -22.500797 -18.633905
16.808083 -24.640083 -17.188686
16.985270 -26.641720 -15.575140
12.415987 9.524039 -20.973803
12.284065 6.086276 -20.748892
12.211351 2.704727 -20.707369
12.190793 -0.588896 -20.832764
12.227615 -3.775386 -21.071135
12.324205 -6.855917 -21.315029
12.482044 -9.835019 -21.444178
12.698235 -12.706153 -21.348715
12.962454 -15.448105 -20.944958
13.262434 -18.021175 -20.175875
13.568440 -20.405970 -19.068024
13.858685 -22.604607 -17.682808
14.108185 -24.635376 -16.087845
10.959980 9.768327 -20.948780
10.728951 6.253250 -20.725899
10.545850 2.804292 -20.670910
10.407172 -0.554851 -20.764023
10.318221 -3.811783 -20.937584
10.295292 -6.956302 -21.082598
10.336256 -9.986134 -21.075392
10.441399 -12.881894 -20.811607
10.602618 -15.609425 -20.212326
10.818530 -18.124123 -19.248428
11.063183 -20.419228 -17.966301
11.313552 -22.507854 -16.430368
9.554982 9.979357 -20.851336
9.228034 6.424105 -20.576338
8.940216 2.933868 -20.454565
8.689736 -0.477134 -20.455313
8.494918 -3.788239 -20.512850
8.368158 -6.980599 -20.511526
8.310040 -10.037130 -20.330256
8.321363 -12.924327 -19.867798
8.401824 -15.600418 -19.071562
8.553027 -18.029999 -17.932423
8.749625 -20.216787 -16.500359
8.192719 10.193622 -20.552631
7.781889 6.629620 -20.171724
7.404753 3.113234 -19.927870
7.070746 -0.336169 -19.796059
6.794825 -3.686933 -19.699915
6.590067 -6.903382 -19.522911
6.457388 -9.952032 -19.143827
6.401532 -12.789310 -18.484898
6.423497 -15.380822 -17.512341
6.525319 -17.701586 -16.223017
6.899385 10.451834 -19.939035
6.429795 6.891026 -19.409344
5.996262 3.354780 -19.021227
5.608011 -0.122266 -18.734299
5.280354 -3.490348 -18.467422
5.025120 -6.695559 -18.099400
4.844871 -9.691608 -17.527786
4.743675 -12.440275 -16.691858
4.722529 -14.916573 -15.565093
5.737124 10.770441 -18.948271
5.239707 7.207706 -18.270741
4.776937 3.656786 -17.733551
4.360751 0.172302 -17.288300
4.006305 -3.176834 -16.844267
3.724241 -6.323237 -16.292423
3.515674 -9.223749 -15.545313
3.383698 -11.848197 -14.550383
4.768276 11.140343 -17.608763
4.260813 7.574757 -16.795887
3.786880 4.026974 -16.118700
3.361156 0.572075 -15.516052
2.997740 -2.707919 -14.902593
2.704226 -5.748927 -14.180712
2.480409 -8.514312 -13.271577
3.985208 11.552120 -16.001902
3.474001 7.997029 -15.069386
2.998756 4.486673 -14.256852
2.574616 1.110940 -13.502795
2.212327 -2.051935 -12.728678
1.916421 -4.945840 -11.845310
3.358364 12.014935 -14.193235
2.847481 8.500912 -13.150798
2.378154 5.075506 -12.209223
1.962600 1.827940 -11.309113
1.607958 -1.172430 -10.378294
2.847880 12.546090 -12.237267
2.342165 9.116273 -11.094463
1.884033 5.825273 -10.027712
1.481950 2.756787 -8.981778
2.417485 13.159294 -10.186311
1.921884 9.861380 -8.950505
1.479393 6.764330 -7.757423
2.034173 13.849420 -8.095344
1.554346 10.751406 -6.766065
1.681616 14.618942 -6.015808
10.395489 26.331364 60.877911
11.000767 28.904840 59.794617
11.660282 31.571892 58.541641
12.348688 34.252701 57.130199
13.049275 36.890560 55.553543
13.750275 39.437405 53.809895
14.447245 41.862755 51.917313
15.142922 44.145454 49.899525
15.846365 46.274841 47.789635
16.574148 48.240475 45.623646
17.342720 50.053913 43.442734
18.166548 51.721432 41.276810
19.055981 53.245735 39.148659
20.016008 54.623199 37.074554
21.042564 55.844261 35.062260
22.117905 56.909004 33.104767
23.223621 57.811172 31.192307
24.341473 58.548306 29.314278
25.457788 59.116940 27.465118
26.569666 59.536217 25.644279
27.685793 59.830112 23.857206
28.821758 60.023529 22.111500
29.994959 60.141823 20.412724
31.219553 60.206120 18.761314
32.492867 60.231339 17.143639
33.804764 60.213028 15.544849
35.138748 60.131035 13.950622
36.473682 59.947289 12.352394
37.784798 59.622978 10.753782
39.047234 59.137184 9.174956
40.228271 58.493031 7.660226
38.872841 59.770775 6.793906
37.408836 60.888248 5.740774
35.824715 61.853489 4.566103
34.134998 62.676952 3.305616
32.359810 63.387711 1.997506
30.509207 64.019119 0.684485
28.587440 64.588020 -0.596343
26.593119 65.084908 -1.817157
24.531483 65.472618 -2.953524
22.397211 65.674232 -3.994487
20.224163 65.627983 -4.931409
18.058310 65.277298 -5.756476
15.963311 64.578384 -6.462609
14.023905 63.505898 -7.049505
12.323411 62.083565 -7.538219
10.933527 60.379402 -7.957252
9.888349 58.469296 -8.344796
9.177527 56.423840 -8.738710
8.708673 54.275322 -9.149139
8.368862 52.029793 -9.550380
8.059820 49.682362 -9.887445
7.702448 47.230534 -10.085325
7.238363 44.681858 -10.061410
6.649820 42.039932 -9.756698
5.948079 39.318695 -9.164367
5.159726 36.515171 -8.302275
4.322854 33.619736 -7.217909
3.494548 30.617554 -5.986868
2.727692 27.507931 -4.711994
2.059988 24.293528 -3.506907
37.486271 60.397369 8.278790
35.850361 61.466213 7.198554
34.140003 62.373894 5.996434
32.375481 63.163895 4.721648
30.572090 63.879509 3.420968
28.730026 64.546364 2.137912
26.845459 65.166794 0.907385
24.911362 65.709702 -0.241694
22.912210 66.108879 -1.295554
20.841488 66.276558 -2.242813
18.737110 66.149719 -3.075225
16.656693 65.672997 -3.787375
14.684000 64.810799 -4.382347
12.909334 63.574589 -4.884414
11.428880 62.011108 -5.322824
10.299031 60.211525 -5.735792
9.532219 58.260387 -6.162330
9.050450 56.214951 -6.619460
8.738742 54.079952 -7.088357
8.480099 51.846336 -7.521261
8.177702 49.504417 -7.847542
7.756604 47.054104 -7.982830
7.187139 44.500916 -7.865229
6.474620 41.848282 -7.455145
5.649516 39.101601 -6.766134
4.751747 36.247864 -5.830765
3.838037 33.265575 -4.714349
2.970097 30.132471 -3.499342
2.197133 26.826551 -2.296491
36.077141 60.827011 9.809783
34.321236 61.851025 8.697762
32.537292 62.745014 7.481179
30.745523 63.562130 6.215466
28.952473 64.336800 4.947662
27.149109 65.076988 3.718564
25.322283 65.763031 2.563373
23.441090 66.330475 1.498974
21.486731 66.702919 0.539083
19.460857 66.789970 -0.305566
17.414385 66.530869 -1.029376
15.426149 65.878517 -1.637318
13.588923 64.835304 -2.155176
12.007217 63.434452 -2.614071
10.769887 61.751419 -3.051333
9.914099 59.890053 -3.507221
9.384002 57.928032 -4.001841
9.072869 55.891857 -4.526181
8.855067 53.765820 -5.039617
8.611626 51.532139 -5.476234
8.248053 49.182320 -5.751966
7.718504 46.717896 -5.797644
7.018522 44.144539 -5.569867
6.175815 41.457962 -5.051426
5.234621 38.650253 -4.271683
4.253818 35.695808 -3.284309
3.294428 32.567261 -2.163267
2.416059 29.231922 -1.000154
34.665390 61.102684 11.361343
32.844997 62.119259 10.231469
31.038155 63.051216 9.024767
29.259350 63.941486 7.794415
27.506245 64.804893 6.584008
25.758139 65.624969 5.433742
23.975151 66.345825 4.365604
22.122349 66.892761 3.395725
20.187891 67.186035 2.536448
18.191439 67.136604 1.795894
16.205837 66.692230 1.169367
14.322928 65.844536 0.631328
12.649395 64.615868 0.150216
11.288157 63.069038 -0.311749
10.317348 61.299946 -0.794247
9.705997 59.413975 -1.320580
9.362876 57.457344 -1.887323
9.165668 55.431210 -2.465888
8.979819 53.305477 -2.996327
8.685853 51.060318 -3.395619
8.216918 48.690899 -3.588740
7.555315 46.200821 -3.524035
6.721861 43.588940 -3.180157
5.760313 40.837193 -2.558017
4.734076 37.925156 -1.710342
3.705616 34.824074 -0.701181
2.733635 31.503157 0.388540
33.278324 61.275448 12.929988
31.442184 62.330177 11.806298
29.652235 63.338730 10.635001
27.914829 64.323868 9.464324
26.214724 65.275108 8.336372
24.502584 66.137001 7.276307
22.733318 66.842751 6.304252
20.879135 67.313354 5.434267
18.945328 67.469460 4.675487
16.978142 67.229568 4.026478
15.066642 66.579964 3.463932
13.316541 65.530426 2.957643
11.836969 64.131958 2.470502
10.728981 62.471470 1.962502
10.008763 60.660439 1.409182
9.603162 58.774605 0.808401
9.398856 56.831333 0.181335
9.260056 54.811646 -0.425575
9.044452 52.677177 -0.932635
8.655911 50.411030 -1.259035
8.058670 48.013336 -1.345147
7.263745 45.483223 -1.161069
6.311422 42.806526 -0.704192
5.265746 39.952915 -0.001751
4.192587 36.900421 0.882501
3.151074 33.620338 1.878983
31.934601 61.388290 14.521203
30.118980 62.513885 13.428725
28.371799 63.614376 12.316564
26.686081 64.687675 11.230349
25.016478 65.683807 10.195531
23.307209 66.534729 9.233486
21.519510 67.168198 8.361488
19.642807 67.504692 7.590231
17.708353 67.471161 6.919685
15.784621 67.022476 6.331546
13.974275 66.160889 5.798703
12.389048 64.923012 5.286016
11.143256 63.384552 4.754058
10.286777 61.660015 4.176683
9.790295 59.840607 3.548637
9.551256 57.970860 2.884116
9.436970 56.042957 2.220709
9.299605 54.022984 1.623845
9.009407 51.870033 1.177653
8.502418 49.574970 0.951684
7.775109 47.137039 0.984784
6.862406 44.544426 1.287098
5.828024 41.771523 1.833337
4.737809 38.786335 2.583673
3.652703 35.568470 3.470841
30.644707 61.466671 16.143524
28.872290 62.675411 15.106147
27.176304 63.858727 14.077311
25.519154 64.976105 13.085155
23.846672 65.964119 12.149413
22.108212 66.747490 11.287572
20.281281 67.252518 10.513570
18.381096 67.404816 9.829868
16.461912 67.165558 9.220700
14.609148 66.501587 8.663901
12.933675 65.439636 8.127459
11.557783 64.039612 7.573523
10.556176 62.413498 6.975161
9.935816 60.666130 6.324329
9.631207 58.861710 5.631011
9.514524 57.015030 4.924731
9.436688 55.097282 4.260541
9.253018 53.064732 3.711593
8.860457 50.883308 3.356474
8.229476 48.547409 3.246634
7.385362 46.048794 3.400419
6.391216 43.365772 3.797746
5.314379 40.470806 4.400162
4.214114 37.332561 5.164581
29.413740 61.512302 17.809015
27.692289 62.794796 16.850334
26.025454 64.018684 15.913658
24.364819 65.129158 15.019791
22.658295 66.054787 14.183689
20.870033 66.717041 13.419475
19.002251 67.046494 12.733965
17.095196 67.000214 12.114820
15.217329 66.548637 11.542504
13.468240 65.678070 10.988314
11.972752 64.435867 10.416956
10.825610 62.924137 9.801197
10.063148 61.255287 9.131620
9.655689 59.514793 8.415071
9.504378 57.737431 7.676046
9.461365 55.911030 6.959802
9.369638 53.988583 6.331229
9.108035 51.929871 5.860852
8.602023 49.706360 5.615400
7.855418 47.310123 5.626348
6.927985 44.725914 5.879325
5.890839 41.929718 6.338584
4.805240 38.894440 6.963503
28.239510 61.510529 19.530989
26.549177 62.828289 18.659506
24.881886 64.045219 17.818043
23.188366 65.098015 17.021811
21.427797 65.911034 16.282660
19.587364 66.408127 15.608636
17.695332 66.548698 14.992607
15.805836 66.297050 14.418030
13.999868 65.638565 13.858338
12.397845 64.574448 13.278568
11.108207 63.197311 12.651847
10.194011 61.619278 11.967950
9.656124 59.941639 11.232684
9.429394 58.225399 10.467137
9.387831 56.475460 9.710241
9.365907 54.652885 9.017932
9.225507 52.708748 8.454493
8.868094 50.606956 8.083193
8.249631 48.321568 7.955654
7.415462 45.842632 8.068928
6.440670 43.153034 8.389022
5.392861 40.228149 8.876996
27.100170 61.420944 21.308426
25.415188 62.731033 20.526323
23.720886 63.894711 19.778770
21.975540 64.843834 19.077850
20.157583 65.503632 18.430836
18.280266 65.823387 17.832558
16.385487 65.768379 17.271231
14.540013 65.314171 16.721794
12.844492 64.454094 16.149889
11.417416 63.232819 15.523844
10.344802 61.761654 14.833254
9.657791 60.151848 14.083723
9.320623 58.486938 13.295959
9.238095 56.799625 12.504747
9.254671 55.061340 11.760197
9.219176 53.223801 11.118154
9.008045 51.238060 10.639722
8.547272 49.071751 10.378686
7.835996 46.704151 10.355035
6.945495 44.126251 10.541142
5.952927 41.319405 10.896694
25.976126 61.219326 23.135820
24.272438 62.480446 22.442627
22.532949 63.548779 21.787912
20.731390 64.356125 21.180304
18.869968 64.850449 20.615015
16.975983 64.985046 20.081650
15.103475 64.734352 19.558741
13.337399 64.076653 19.011505
11.782314 63.042206 18.404736
10.549249 61.699982 17.719828
9.697277 60.170395 16.963640
9.221189 58.555008 16.157887
9.053778 56.912830 15.336951
9.062994 55.241207 14.547236
9.100119 53.494926 13.839138
9.022771 51.619926 13.267130
8.724197 49.568825 12.887511
8.168938 47.318581 12.728254
7.389914 44.855129 12.782860
6.469584 42.168465 13.012157
24.850971 60.880898 25.005791
23.111753 62.055115 24.402346
21.321793 62.992798 23.841375
19.475885 63.646179 23.320509
17.589090 63.966576 22.830311
15.701056 63.914032 22.348982
13.881576 63.462276 21.844028
12.224117 62.620209 21.274605
10.832548 61.439838 20.616209
9.805247 60.009937 19.866116
9.166382 58.450909 19.049532
8.878058 56.845306 18.202679
8.829460 55.217560 17.373186
8.893048 53.543884 16.606480
8.919745 51.766804 15.953311
8.778036 49.829201 15.465749
8.390731 47.693031 15.181231
7.758234 45.347202 15.103267
6.933893 42.780396 15.209686
23.715469 60.383503 26.912926
21.935274 61.438705 26.403336
20.104597 62.233856 25.933250
18.230288 62.724720 25.496529
16.338173 62.868099 25.072460
14.482205 62.620308 24.625916
12.742259 61.979790 24.113567
11.217392 60.974030 23.501501
10.007452 59.675621 22.779776
9.187478 58.187958 21.964842
8.747501 56.619606 21.098507
8.599285 55.021965 20.232935
8.633847 53.394550 19.414082
8.720211 51.697819 18.687220
8.711082 49.864906 18.102879
8.495019 47.844208 17.699762
8.028081 45.612137 17.495125
7.335203 43.165054 17.476536
22.571241 59.708496 28.856115
20.758116 60.633614 28.441393
18.900833 61.278122 28.063553
17.015707 61.603149 27.706289
15.140002 61.560165 27.335398
13.338392 61.124447 26.898737
11.699936 60.308357 26.355654
10.328194 59.159588 25.684183
9.310098 57.770767 24.893353
8.693029 56.248730 24.019016
8.409663 54.676563 23.122875
8.368915 53.077442 22.255527
8.456296 51.432808 21.462456
8.539637 49.690105 20.788267
8.478827 47.780643 20.275154
8.189768 45.665916 19.946167
7.653872 43.333229 19.804424
21.432552 58.855289 30.833128
19.599222 59.643112 30.518478
17.730831 60.133938 30.232378
15.852808 60.283707 29.946495
14.010981 60.058533 29.605656
12.281544 59.441830 29.153751
10.764236 58.462910 28.558392
9.561129 57.193192 27.815153
8.740993 55.738762 26.954067
8.291944 54.195465 26.037142
8.136415 52.615341 25.125772
8.174763 51.001450 24.270330
8.290397 49.320198 23.514952
8.351442 47.511963 22.897705
8.234061 45.514725 22.449760
7.876694 43.301254 22.182991
20.316580 57.829678 32.852409
18.476105 58.476524 32.639706
16.611364 58.803959 32.440342
14.754153 58.780281 32.203804
12.960174 58.375103 31.866024
11.321360 57.583584 31.372318
9.944819 56.458649 30.705353
8.926098 55.092751 29.882027
8.278096 53.594299 28.964512
7.971834 52.032364 28.018456
7.916306 50.435822 27.105536
8.008975 48.791256 26.274340
8.130096 47.055275 25.563614
8.157711 45.169331 25.001915
7.982111 43.078194 24.612442
19.242006 56.637695 34.920441
17.406244 57.134144 34.807453
15.554966 57.298470 34.674393
13.727795 57.100525 34.460114
11.995314 56.515560 34.095741
10.465893 55.558781 33.534630
9.251617 54.307735 32.779484
8.401103 52.872864 31.885963
7.905695 51.339127 30.923384
7.716705 49.755028 29.961399
7.738040 48.130119 29.059258
7.861154 46.439289 28.261490
7.973290 44.636642 27.597717
7.961573 42.665829 27.089249
18.225431 55.280270 37.042545
16.400259 55.625175 37.009830
14.567340 55.623463 36.916195
12.778403 55.247250 36.692841
11.122267 54.484695 36.270718
9.725638 53.375244 35.616871
8.667439 52.028286 34.778034
7.972134 50.538219 33.823170
7.607535 48.971310 32.828171
7.514690 47.357258 31.862846
7.588532 45.691334 30.983145
7.725376 43.943153 30.224724
7.819916 42.066303 29.609495
17.277388 53.764580 39.207588
15.463283 53.953884 39.229069
13.650913 53.779556 39.143551
11.907961 53.221146 38.876621
10.348128 52.284187 38.362770
9.085736 51.050495 37.612839
8.177753 49.623894 36.694645
7.621307 48.085400 35.689358
7.369904 46.482166 34.674477
7.349840 44.828812 33.719704
7.459013 43.112522 32.871727
7.600403 41.300316 32.157871
16.395992 52.096264 41.399704
14.590508 52.121159 41.442860
12.801218 51.766212 41.328018
11.119608 51.021130 40.976109
9.664031 49.934731 40.357796
8.538616 48.595802 39.511238
7.771263 47.102039 38.523750
7.340105 45.517147 37.481571
7.179295 43.872341 36.464279
7.213346 42.172199 35.533623
7.346716 40.399239 34.726711
15.573266 50.274384 43.596466
13.773856 50.124271 43.622307
12.016584 49.578709 43.431877
10.406649 48.666771 42.973221
9.065399 47.449459 42.243004
8.075326 46.021942 41.307686
7.440901 44.468071 40.264809
7.114685 42.836090 39.206734
7.025518 41.144554 38.204903
7.101519 39.392231 37.311531
14.798264 48.294476 45.768604
13.006929 47.955982 45.728359
11.291121 47.234646 45.433296
9.766424 46.171356 44.852489
8.545987 44.841625 44.013641
7.690916 43.336643 43.002552
7.173339 41.726730 41.928543
6.933987 40.045227 40.876587
6.904275 38.303013 39.907234
14.059517 46.147419 47.876011
12.282918 45.631466 47.735497
10.622236 44.746544 47.313293
9.195160 43.549835 46.606987
8.103722 42.121738 45.669743
7.373924 40.548130 44.609959
6.957472 38.882904 43.531178
6.793680 37.149624 42.506092
13.347715 43.845570 49.890202
11.596684 43.162285 49.621262
10.005358 42.130035 49.061436
8.691253 40.814594 48.234459
7.727817 39.301029 47.227169
7.112265 37.662788 46.149197
6.788260 35.941826 45.090443
12.654047 41.399986 51.780746
10.945692 40.565678 51.367832
9.445642 39.402016 50.670467
8.253684 37.984890 49.752430
7.413562 36.394173 48.711590
6.905924 34.693481 47.646042
11.976315 38.829369 53.527187
10.334939 37.860840 52.964996
8.943663 36.584278 52.157791
7.877278 35.075935 51.189281
7.159214 33.411926 50.151329
11.320026 36.157787 55.114746
9.769361 35.075153 54.427143
8.498561 33.696465 53.552925
7.563510 32.100430 52.576569
10.691828 33.422035 56.552757
9.250504 32.236595 55.781055
8.114155 30.754927 54.888096
10.101526 30.663340 57.859711
8.792282 29.368240 57.056866
9.571392 27.918472 59.055927
40.562733 57.656830 9.742358
39.436279 58.207779 11.440047
38.239902 58.603069 13.128996
36.989765 58.840824 14.798562
35.701157 58.940189 16.437983
34.396473 58.938194 18.052435
33.101913 58.866982 19.657932
31.837326 58.746792 21.272858
30.616825 58.579475 22.911793
29.444698 58.364052 24.590721
28.309605 58.078941 26.306913
27.195480 57.699173 28.053146
26.088299 57.198765 29.820028
24.982033 56.554230 31.602268
23.880787 55.752735 33.412270
22.800446 54.795258 35.257061
21.759907 53.685272 37.151844
20.780083 52.428741 39.106380
19.872976 51.027870 41.136467
19.039953 49.490196 43.233238
18.274269 47.817867 45.378738
17.562551 46.006912 47.548866
16.887003 44.050053 49.710430
16.217745 41.929466 51.821243
15.538103 39.655155 53.839401
14.836538 37.238174 55.729065
14.108807 34.703945 57.463558
13.359134 32.085239 59.024216
12.601374 29.430691 60.409004
11.844474 26.792807 61.611282
41.002563 56.612175 11.822786
39.928844 57.077690 13.652438
38.785282 57.386002 15.432474
37.577595 57.539646 17.158915
36.317589 57.560158 18.830700
35.031792 57.478580 20.462259
33.749115 57.325615 22.075577
32.492584 57.117222 23.690609
31.275812 56.864689 25.323759
30.103561 56.563728 26.986275
28.965191 56.193584 28.673080
27.845766 55.728420 30.374329
26.733740 55.142624 32.079521
25.626802 54.420731 33.794258
24.533770 53.549744 35.533306
23.471462 52.532070 37.309929
22.461292 51.370636 39.140488
21.520580 50.074680 41.045017
20.660910 48.645622 43.039482
19.882006 47.089287 45.112911
19.174297 45.406261 47.245598
18.521749 43.591206 49.409637
17.892054 41.631485 51.570572
17.252129 39.508457 53.679863
16.581362 37.230137 55.692760
15.865406 34.809475 57.570503
15.097870 32.272449 59.287624
14.282906 29.651859 60.825527
13.427341 26.992588 62.173878
41.506645 55.399605 13.924439
40.486107 55.773380 15.837855
39.386147 55.992165 17.677582
38.208858 56.065357 19.442362
36.970272 56.010658 21.138794
35.699749 55.856705 22.786575
34.429588 55.629025 24.411041
33.181290 55.348518 26.033182
31.967815 55.021797 27.665731
30.792303 54.642082 29.314030
29.644207 54.187943 30.969772
28.510288 53.633602 32.620720
27.384008 52.962185 34.265156
26.267960 52.158314 35.910686
25.175072 51.213196 37.578751
24.123878 50.128372 39.285290
23.134882 48.912121 41.058804
22.225220 47.572098 42.921082
21.407831 46.109264 44.887573
20.680265 44.527733 46.945381
20.030760 42.826248 49.070396
19.428787 40.996220 51.232861
18.838114 39.022388 53.391304
18.218218 36.884991 55.493717
17.544493 34.591667 57.491753
16.798849 32.157253 59.347900
15.975779 29.609367 61.038193
15.075768 26.981937 62.540028
42.061302 54.028648 16.039196
41.087620 54.306679 17.997704
40.021389 54.439693 19.870924
38.868866 54.436035 21.660383
37.649208 54.312939 23.376644
36.395435 54.093662 25.042501
35.138187 53.805717 26.684280
33.898010 53.463417 28.319380
32.685368 53.069431 29.955360
31.501148 52.613045 31.590538
30.335146 52.072407 33.213383
29.179243 51.430054 34.817135
28.031757 50.669418 36.401688
26.899887 49.779617 37.979664
25.799999 48.752953 39.575092
24.751415 47.598328 41.217773
23.774963 46.323269 42.940105
22.889082 44.933868 44.765240
22.108442 43.430878 46.709167
21.429386 41.815861 48.754574
20.827425 40.086475 50.875111
20.267145 38.230614 53.033062
19.704460 36.231659 55.182743
19.092033 34.070393 57.267738
18.400043 31.756794 59.240353
17.611256 29.309038 61.065109
16.719994 26.758137 62.715721
42.652706 52.502251 18.151402
41.716389 52.689148 20.128572
40.678440 52.740944 22.018078
39.548321 52.667801 23.823498
38.349316 52.483681 25.558449
37.112762 52.212776 27.246971
35.868595 51.874638 28.911850
34.634594 51.478031 30.565197
33.418259 51.020435 32.208450
32.218330 50.487133 33.832920
31.028599 49.862938 35.428917
29.845606 49.130684 36.990227
28.672400 48.277863 38.519909
27.519550 47.294441 40.030918
26.406858 46.183651 41.559875
25.353708 44.955261 43.142704
24.382120 43.616005 44.815529
23.512344 42.171124 46.604527
22.761780 40.619614 48.524677
22.118195 38.963482 50.557716
21.551924 37.196011 52.667961
21.019897 35.304001 54.812584
20.471443 33.271351 56.940552
19.851704 31.083645 58.995911
19.130512 28.754765 60.932774
18.291157 26.307035 62.713951
43.262093 50.830120 20.248249
42.357742 50.931751 22.227942
41.345455 50.910957 24.123558
40.239277 50.776665 25.941099
39.061207 50.545300 27.697245
37.842125 50.232742 29.412964
36.609455 49.852242 31.106077
35.377842 49.406322 32.782898
34.151859 48.887142 34.438538
32.931557 48.281662 36.060135
31.714821 47.574387 37.637260
30.502747 46.751144 39.164581
29.301670 45.799259 40.643642
28.126606 44.720211 42.095642
26.998203 43.521614 43.562450
25.935831 42.213985 45.085690
24.962639 40.804489 46.706799
24.100863 39.296261 48.453545
23.366114 37.690994 50.346344
22.743120 35.985210 52.357513
22.195972 34.170738 54.445377
21.675835 32.234730 56.560471
21.125517 30.167154 58.651684
20.487968 27.959774 60.665321
19.732512 25.630381 62.553661
43.871655 49.023769 22.317492
42.996666 49.050056 24.291374
42.011509 48.966347 26.188595
40.929474 48.785645 28.020063
39.772675 48.517445 29.800974
38.569740 48.171257 31.548319
37.345322 47.753918 33.274693
36.110954 47.261772 34.980560
34.871334 46.685947 36.655834
33.628437 46.009705 38.282711
32.384266 45.219376 39.849792
31.143066 44.299465 41.349075
29.916416 43.247688 42.785858
28.720501 42.070518 44.184143
27.576006 40.779633 45.590027
26.501900 39.387520 47.051796
25.521328 37.900436 48.613640
24.655991 36.325974 50.313835
23.922478 34.660473 52.168110
23.302794 32.898178 54.143608
22.756618 31.030201 56.190632
22.230812 29.050394 58.259087
21.666794 26.955332 60.299561
21.005547 24.742773 62.257332
44.461483 47.094643 24.348257
43.617706 47.055962 26.311569
42.660130 46.925182 28.212402
41.603123 46.709522 30.060886
40.467129 46.413467 31.870527
39.278236 46.040279 33.654404
38.058510 45.590511 35.420052
36.818489 45.056660 37.161194
35.564400 44.425980 38.863892
34.299782 43.679428 40.504532
33.029610 42.801231 42.068504
31.763279 41.784187 43.547039
30.514435 40.631046 44.946690
29.299789 39.352482 46.293282
28.139427 37.965061 47.637383
27.050404 36.481552 49.030506
26.054831 34.915932 50.530384
25.173733 33.269844 52.172787
24.425308 31.538416 53.973915
23.790443 29.713717 55.893654
23.227730 27.793234 57.881474
22.683804 25.777504 59.887959
22.098936 23.669044 61.861671
45.011837 45.054661 26.327675
44.199833 44.967491 28.283249
43.271397 44.801952 30.190771
42.239986 44.561378 32.060085
41.124310 44.245308 33.903206
39.948006 43.850609 35.729744
38.731682 43.372135 37.539917
37.486992 42.797878 39.323044
36.221100 42.112118 41.060169
34.938011 41.290630 42.721165
33.646858 40.323463 44.287029
32.359684 39.208145 45.748394
31.091566 37.951584 47.112408
29.859528 36.569359 48.406929
28.681774 35.080154 49.683521
27.573509 33.507088 51.007828
26.554327 31.858963 52.436619
25.645111 30.136478 54.008015
24.865370 28.333284 55.735611
24.199810 26.447218 57.581257
23.609116 24.482147 59.494171
23.039377 22.444256 61.421532
45.489876 42.919456 28.245285
44.711903 42.796356 30.195641
43.814751 42.606922 32.113068
42.810814 42.350506 34.007553
41.717102 42.021046 35.890148
40.555050 41.608307 37.764030
39.346550 41.102257 39.624626
38.103294 40.486870 41.455772
36.832260 39.741066 43.233185
35.537617 38.842453 44.917713
34.230915 37.785137 46.487801
32.926159 36.570408 47.933022
31.639870 35.209858 49.260941
30.388779 33.721226 50.498413
29.190578 32.135468 51.708740
28.057114 30.471256 52.957420
27.005962 28.737280 54.303860
26.056622 26.932419 55.784653
25.233885 25.057209 57.420868
24.528503 23.116192 59.176296
23.902664 21.118958 60.995842
45.872002 40.712013 30.089386
45.130348 40.563847 32.039116
44.267681 40.359707 33.971958
43.295444 40.094238 35.898605
42.227722 39.753716 37.825966
41.086815 39.322250 39.752434
39.894588 38.785378 41.667774
38.662251 38.121723 43.550995
37.394337 37.310669 45.368347
36.093884 36.331512 47.074902
34.774799 35.181812 48.646812
33.453117 33.867157 50.072460
32.146278 32.401390 51.357063
30.872978 30.814714 52.536709
29.649193 29.134544 53.674164
28.484604 27.379496 54.837814
27.393744 25.555920 56.084862
26.398239 23.668835 57.460331
25.528831 21.727087 58.992229
24.780487 19.742577 60.641285
46.135639 38.454880 31.848604
45.433952 38.290485 33.804199
44.612068 38.078239 35.760567
43.677719 37.805008 37.726238
42.645851 37.451458 39.704243
41.537361 36.996460 41.687599
40.374428 36.420322 43.661549
39.162682 35.700806 45.594856
37.904308 34.818871 47.448517
36.601257 33.755352 49.172451
35.270065 32.511673 50.740288
33.928429 31.095572 52.136539
32.597855 29.533356 53.372959
31.297583 27.852417 54.485329
30.043161 26.080452 55.538639
28.841446 24.233181 56.599072
27.707478 22.321844 57.732521
26.665863 20.357943 58.992355
25.750696 18.360027 60.406822
46.265541 36.172546 33.512642
45.610573 35.997967 35.483459
44.836559 35.777836 37.472111
43.952118 35.493603 39.483932
42.970024 35.120697 41.517776
41.910591 34.632530 43.562538
40.787964 34.007591 45.592834
39.603661 33.224747 47.571587
38.358032 32.266312 49.455292
37.052261 31.115187 51.188526
35.705460 29.774475 52.739784
34.340679 28.264118 54.096840
32.982265 26.608772 55.271301
31.651047 24.836819 56.300713
30.361279 22.973263 57.247940
29.120396 21.037336 58.188644
27.944771 19.044685 59.198811
26.860710 17.014307 60.333427
46.258018 33.890224 35.073391
45.655777 33.705238 37.070015
44.941967 33.472969 39.099323
44.122688 33.170052 41.163708
43.209743 32.766884 43.258984
42.211311 32.234348 45.363438
41.136185 31.551636 47.445240
39.982536 30.698347 49.462452
38.748951 29.658136 51.366367
37.436607 28.413944 53.093830
36.070705 26.980513 54.613537
34.679577 25.377209 55.912579
33.290886 23.630777 57.003662
31.925953 21.768160 57.922047
30.600475 19.817722 58.742130
29.322891 17.800961 59.552063
28.110531 15.738254 60.431782
46.126873 31.629768 36.526085
45.586479 31.430780 38.558266
44.945831 31.178457 40.635635
44.210358 30.845169 42.758980
43.377216 30.399349 44.914608
42.445835 29.812244 47.073860
41.420383 29.063158 49.199589
40.295589 28.132143 51.244122
39.069130 27.001678 53.150379
37.745758 25.664940 54.851883
36.358398 24.136787 56.315475
34.940308 22.439915 57.528389
33.521347 20.601456 58.500572
32.125355 18.653578 59.280792
30.768822 16.625771 59.960537
29.461239 14.541088 60.634914
45.923779 29.403795 37.880127
45.452808 29.185335 39.956615
44.898556 28.903078 42.089188
44.251564 28.527905 44.270699
43.498672 28.029062 46.481369
42.631653 27.377899 48.686859
41.649727 26.553524 50.843716
40.545570 25.533751 52.895050
39.318653 24.309761 54.778606
37.981064 22.875046 56.424015
36.572319 21.248838 57.797146
35.129517 19.456028 58.881634
33.686165 17.531841 59.702847
32.266953 15.510306 60.331146
30.888626 13.419726 60.870155
45.705753 27.215813 39.143280
45.310631 26.971972 41.271439
44.840424 26.651562 43.458397
44.275406 26.226484 45.692196
43.594074 25.666382 47.948269
42.780376 24.942394 50.185768
41.829994 24.030834 52.351242
40.734943 22.917004 54.380936
39.502682 21.591661 56.207272
38.150867 20.053650 57.757160
36.724640 18.326109 58.991703
35.265930 16.445385 59.911781
33.809540 14.450227 60.568893
32.380291 12.372396 61.050690
45.538090 25.063704 40.324322
45.209560 24.790348 42.503098
44.809715 24.427601 44.738174
44.310707 23.947790 47.013840
43.683262 23.320107 49.299828
42.905628 22.512703 51.545246
41.970497 21.508539 53.688480
40.876938 20.292309 55.659283
39.637810 18.859680 57.385273
38.276142 17.215252 58.787354
36.843132 15.397000 59.845135
35.382713 13.447082 60.590076
33.930088 11.401636 61.095806
45.482849 22.945107 41.418324
45.199532 22.642076 43.640709
44.846210 22.236835 45.912952
44.388081 21.700684 48.214424
43.790562 20.999109 50.505486
43.027672 20.105320 52.726864
42.096676 19.002157 54.809414
41.000687 17.679077 56.676868
39.757889 16.137875 58.248692
38.397545 14.401085 59.464920
36.973938 12.515463 60.339470
35.531723 10.520754 60.931099
45.590828 20.859299 42.425552
45.325329 20.527443 44.680527
44.989403 20.080442 46.974487
44.543484 19.485472 49.278069
43.950928 18.709892 51.543766
43.187897 17.726212 53.704262
42.253494 16.522249 55.683590
41.154907 15.093757 57.396492
39.916775 13.461567 58.780468
38.572144 11.659656 59.811707
37.176762 9.733689 60.535522
45.893841 18.812216 43.345200
45.617626 18.450939 45.617725
45.269745 17.960537 47.911457
44.811798 17.306835 50.189617
44.207806 16.455227 52.396641
43.434639 15.381262 54.457809
42.492973 14.079338 56.288059
41.395729 12.564044 57.818962
40.172195 10.869644 59.023460
38.858109 9.030932 59.910778
46.410427 16.815451 44.178581
46.097496 16.420998 46.448128
45.718380 15.884557 48.717072
45.233196 15.168915 50.940712
44.606827 14.239814 53.056000
43.816174 13.077274 54.978661
42.866161 11.693741 56.639004
41.774326 10.118720 58.001862
40.573284 8.389978 59.073586
47.143383 14.882471 44.932339
46.783436 14.448333 47.177437
46.361996 13.859268 49.396706
45.839886 13.076124 51.538372
45.181156 12.066298 53.529854
44.366936 10.825379 55.299038
43.405991 9.382199 56.806561
42.319191 7.772477 58.049129
48.089527 13.025867 45.624187
47.678509 12.541988 47.825077
47.208546 11.889368 49.973312
46.638580 11.027441 52.007996
45.936722 9.936500 53.865250
45.088856 8.630036 55.497810
44.106693 7.146283 56.895817
49.182652 11.230255 46.276344
48.719387 10.682741 48.417374
48.191391 9.948498 50.474842
47.561314 8.996824 52.393124
46.802544 7.827221 54.127254
45.905514 6.467337 55.655201
50.346333 9.462536 46.898880
49.821369 8.831551 48.965706
49.221413 7.998522 50.923649
48.514488 6.951315 52.730118
47.678600 5.707974 54.359825
51.477463 7.670698 47.485909
50.875027 6.938313 49.470139
50.184227 5.996130 51.326508
49.377045 4.852287 53.025833
52.451607 5.805548 48.016685
51.751457 4.962299 49.910683
50.944275 3.905394 51.656010
53.141632 3.852744 48.453499
52.320606 2.893606 50.234585
53.456184 1.852128 48.750229
36.303894 15.786738 -33.722408
37.972054 16.224123 -32.846565
39.671650 16.339443 -31.711346
41.341053 16.109007 -30.345858
42.912788 15.530307 -28.793877
44.328651 14.642649 -27.119219
45.560394 13.502184 -25.374554
46.585983 12.159941 -23.608271
47.399124 10.655901 -21.859076
47.988682 9.041142 -20.176115
48.386620 7.352797 -18.576288
48.624268 5.616951 -17.065411
48.736115 3.851278 -15.635717
48.752766 2.070144 -14.268113
48.696491 0.298744 -12.932198
48.587730 -1.461052 -11.592675
48.428307 -3.200905 -10.220831
48.206448 -4.918382 -8.794667
47.908215 -6.590176 -7.292049
47.522575 -8.209176 -5.705488
47.041962 -9.771571 -4.034942
46.467354 -11.274702 -2.283137
45.807911 -12.721997 -0.456558
45.099751 -14.106037 1.440074
44.373322 -15.440392 3.385297
43.665546 -16.724503 5.357994
43.014473 -17.951941 7.328956
42.475826 -19.089401 9.266888
42.109451 -20.093208 11.138485
41.978241 -20.906338 12.911939
36.902927 16.733837 -34.752045
38.757133 17.149727 -33.712147
40.607670 17.194622 -32.386406
42.390984 16.866163 -30.820042
44.044144 16.182732 -29.077314
45.522396 15.186144 -27.222717
46.804817 13.936575 -25.313000
47.877262 12.480110 -23.393501
48.736214 10.866745 -21.519890
49.377304 9.136189 -19.739725
49.833458 7.325490 -18.062714
50.134956 5.459161 -16.488894
50.311775 3.555466 -15.006617
50.382065 1.638133 -13.597733
50.361504 -0.274506 -12.231093
50.265465 -2.175674 -10.870534
50.091244 -4.060572 -9.488672
49.828255 -5.915965 -8.064269
49.463562 -7.721282 -6.574328
48.992542 -9.469954 -5.008154
48.415668 -11.158998 -3.363230
47.739525 -12.791897 -1.643449
46.987854 -14.363976 0.150959
46.190887 -15.873049 2.015101
45.382244 -17.334295 3.923326
44.595680 -18.749353 5.848975
43.871681 -20.097681 7.767748
43.268585 -21.325012 9.662982
42.853424 -22.362904 11.518175
37.677406 17.482382 -35.726776
39.690094 17.847654 -34.495312
41.656963 17.821358 -32.963528
43.517773 17.420740 -31.194864
45.224823 16.667227 -29.250601
46.742817 15.602740 -27.200331
48.058056 14.285845 -25.096073
49.161594 12.765360 -23.007010
50.056263 11.085068 -20.986088
50.742279 9.280061 -19.083954
51.253151 7.388597 -17.303797
51.617062 5.435621 -15.641069
51.853741 3.444849 -14.085993
51.977043 1.435220 -12.616126
51.994888 -0.575563 -11.201245
51.918869 -2.579804 -9.803620
51.743168 -4.565347 -8.400051
51.460812 -6.520970 -6.969746
51.060452 -8.431160 -5.491028
50.543232 -10.290009 -3.951190
49.915810 -12.099604 -2.349162
49.193157 -13.856901 -0.681203
48.395515 -15.565167 1.050611
47.549622 -17.221334 2.843749
46.689850 -18.841845 4.667442
45.849823 -20.413620 6.503040
45.070961 -21.898911 8.339219
44.414219 -23.224619 10.172969
38.688278 17.878000 -36.626842
40.805023 18.174402 -35.198864
42.833210 18.091547 -33.476227
44.728165 17.650141 -31.516478
46.454182 16.870367 -29.379866
47.984161 15.788687 -27.127230
49.311939 14.457636 -24.833889
50.433861 12.917223 -22.566652
51.355629 11.207999 -20.382364
52.080551 9.362761 -18.335346
52.641315 7.424652 -16.426683
53.058937 5.422356 -14.657166
53.349533 3.378879 -13.009258
53.520958 1.313047 -11.460167
53.576397 -0.759174 -9.978348
53.521858 -2.824928 -8.531160
53.353390 -4.873744 -7.096258
53.067265 -6.896757 -5.653585
52.654892 -8.882929 -4.183743
52.123745 -10.830684 -2.675807
51.484955 -12.739250 -1.122642
50.752831 -14.612328 0.478367
49.945045 -16.454697 2.126199
49.083138 -18.267210 3.815508
48.199036 -20.051119 5.525879
47.325478 -21.777622 7.251838
46.506363 -23.396860 8.990861
39.945801 17.784569 -37.398407
42.096718 18.013777 -35.795547
44.128792 17.894033 -33.907085
46.010189 17.446573 -31.788078
47.714752 16.689341 -29.485840
49.229454 15.643925 -27.071747
50.552029 14.349573 -24.613737
51.681240 12.836527 -22.178932
52.624027 11.140396 -19.826496
53.384499 9.291974 -17.617170
53.989525 7.339814 -15.566927
54.456642 5.317341 -13.670138
54.797153 3.250286 -11.909420
55.015881 1.158436 -10.259276
55.108353 -0.942012 -8.697475
55.080635 -3.038762 -7.190715
54.930634 -5.123291 -5.717198
54.657387 -7.189269 -4.258470
54.256172 -9.231406 -2.799360
53.736294 -11.247978 -1.325045
53.110222 -13.242621 0.172187
52.390335 -15.220968 1.696051
51.590942 -17.192011 3.242236
50.726547 -19.148159 4.815128
49.827477 -21.076374 6.407684
48.928684 -22.938265 8.022234
41.402283 17.175999 -37.956619
43.524765 17.346659 -36.203075
45.508381 17.207565 -34.182991
47.328316 16.779345 -31.942190
48.977695 16.069670 -29.534107
50.450531 15.088215 -27.015512
51.748089 13.863870 -24.448111
52.872353 12.418753 -21.891689
53.832150 10.781544 -19.401119
54.627453 8.970002 -17.046663
55.278076 7.039206 -14.849218
55.796139 5.027294 -12.810632
56.190544 2.965255 -10.913713
56.458519 0.873560 -9.147677
56.593529 -1.232084 -7.493686
56.602734 -3.339134 -5.917469
56.485451 -5.441113 -4.398926
56.244152 -7.534885 -2.922232
55.871498 -9.618260 -1.472813
55.378990 -11.691957 -0.033281
54.777767 -13.760878 1.406034
54.077797 -15.833815 2.846588
53.286854 -17.914001 4.292313
52.416862 -19.986631 5.757799
51.500881 -22.029238 7.244492
42.980133 16.137472 -38.250156
45.027481 16.263891 -36.373512
46.917171 16.120346 -34.250416
48.645348 15.718875 -31.932510
50.210732 15.056774 -29.462788
51.614597 14.137406 -26.891430
52.862545 12.984901 -24.274549
53.963573 11.618702 -21.664314
54.931698 10.057831 -19.107698
55.763229 8.316339 -16.655392
56.466454 6.443451 -14.336323
57.048164 4.479962 -12.157141
57.506329 2.452660 -10.121109
57.833527 0.383257 -8.229283
58.022171 -1.710319 -6.471537
58.081226 -3.813605 -4.816040
58.012775 -5.920966 -3.244556
57.814823 -8.032091 -1.744497
57.481228 -10.146543 -0.299398
57.022686 -12.265686 1.111161
56.448826 -14.395641 2.497026
55.763584 -16.541868 3.865913
54.972919 -18.702362 5.230262
54.090836 -20.858896 6.609430
44.623653 14.759509 -38.273438
46.554913 14.856957 -36.296982
48.327026 14.718476 -34.105816
49.938057 14.342382 -31.741566
51.391689 13.717749 -29.243340
52.695297 12.844177 -26.659052
53.861542 11.744125 -24.043512
54.915272 10.434123 -21.439524
55.871429 8.939708 -18.883009
56.730537 7.276340 -16.403582
57.492222 5.488787 -14.022303
58.149937 3.603154 -11.749660
58.689987 1.640293 -9.597982
59.096527 -0.381328 -7.582756
59.357555 -2.443742 -5.712814
59.486313 -4.526886 -3.963929
59.477406 -6.628519 -2.328808
59.332111 -8.744898 -0.790333
59.042774 -10.876532 0.666506
58.620117 -13.023893 2.065057
58.068520 -15.191475 3.419390
57.390553 -17.381849 4.743354
56.594429 -19.589254 6.054419
46.286987 13.123248 -38.034344
48.086212 13.207227 -35.989941
49.721691 13.078235 -33.757420
51.192913 12.723562 -31.373785
52.505417 12.124658 -28.876293
53.674324 11.277172 -26.312950
54.733620 10.201618 -23.731586
55.710415 8.921764 -21.170153
56.626408 7.468850 -18.657040
57.489120 5.868570 -16.211718
58.295021 4.157536 -13.839540
59.027874 2.355384 -11.543338
59.663990 0.475522 -9.332649
60.175362 -1.472895 -7.226792
60.540726 -3.476684 -5.248938
60.757862 -5.522366 -3.402828
60.824959 -7.600253 -1.685223
60.742889 -9.703639 -0.083763
60.504490 -11.830880 1.413943
60.116665 -13.981746 2.831068
59.583450 -16.158974 4.185819
58.910175 -18.361357 5.497291
47.962250 11.289643 -37.539143
49.617764 11.368221 -35.451614
51.101337 11.249794 -33.203644
52.409615 10.911438 -30.829311
53.550140 10.326263 -28.365475
54.562771 9.485485 -25.851568
55.484280 8.414434 -23.331667
56.352467 7.142613 -20.837936
57.193756 5.709464 -18.396885
58.028870 4.144608 -16.014559
58.847900 2.484343 -13.692547
59.631004 0.747087 -11.429668
60.351662 -1.057107 -9.228526
60.980240 -2.921516 -7.098106
61.468441 -4.852238 -5.059298
61.803802 -6.835455 -3.128175
61.974495 -8.862794 -1.315956
61.979240 -10.923711 0.378872
61.803219 -13.018272 1.952735
61.455482 -15.144028 3.424738
60.945110 -17.298944 4.816885
49.625671 9.321679 -36.804935
51.131821 9.399640 -34.697792
52.451473 9.290751 -32.460487
53.576923 8.961681 -30.126911
54.535347 8.376985 -27.724892
55.369804 7.529884 -25.288925
56.130116 6.450061 -22.855764
56.859867 5.173801 -20.454851
57.604942 3.745318 -18.098211
58.389202 2.199170 -15.788708
59.196205 0.571524 -13.530083
60.004143 -1.120066 -11.320829
60.788445 -2.864167 -9.162499
61.510860 -4.663859 -7.052419
62.120316 -6.522449 -5.000409
62.587440 -8.431996 -3.020792
62.889526 -10.384389 -1.127234
63.005039 -12.376079 0.666396
62.907722 -14.412025 2.335940
62.612816 -16.484621 3.890199
51.261646 7.257656 -35.844196
52.614845 7.335982 -33.739857
53.760677 7.231812 -31.540085
54.703995 6.900665 -29.270809
55.467438 6.304754 -26.957708
56.107101 5.439981 -24.626909
56.678593 4.341700 -22.310722
57.254696 3.052849 -20.017101
57.886177 1.621114 -17.752354
58.599949 0.084144 -15.520395
59.374577 -1.522660 -13.328924
60.186981 -3.180687 -11.180497
61.010124 -4.885041 -9.069649
61.804688 -6.634539 -6.995694
62.518288 -8.430635 -4.959511
63.115284 -10.263591 -2.967263
63.554195 -12.131535 -1.027023
63.794621 -14.037746 0.843166
63.796753 -15.990568 2.609164
52.853962 5.123108 -34.673950
54.052635 5.199028 -32.593559
55.033775 5.089804 -30.447992
55.791809 4.745132 -28.262821
56.353249 4.125692 -26.061607
56.776501 3.232121 -23.868132
57.150860 2.108727 -21.686855
57.560604 0.803553 -19.511435
58.061623 -0.634573 -17.344652
58.687134 -2.167255 -15.191751
59.410583 -3.758930 -13.068416
60.211586 -5.395615 -10.972902
61.056034 -7.070220 -8.907246
61.903049 -8.779728 -6.871364
62.702072 -10.519737 -4.864865
63.407944 -12.282648 -2.886184
63.969223 -14.069006 -0.935882
64.337624 -15.881599 0.974996
54.386681 2.933069 -33.315941
55.445290 2.999567 -31.270126
56.266296 2.875313 -29.189417
56.841541 2.504680 -27.100836
57.190258 1.847441 -25.035902
57.399536 0.915025 -22.996080
57.571976 -0.238122 -20.964170
57.801628 -1.560536 -18.918745
58.154984 -3.004535 -16.855282
58.671581 -4.532727 -14.783271
59.333347 -6.114289 -12.718134
60.108269 -7.733969 -10.670111
60.958500 -9.383568 -8.644970
61.841484 -11.055642 -6.646929
62.702900 -12.745632 -4.674143
63.490398 -14.447063 -2.722957
64.151863 -16.157242 -0.789687
55.852821 0.695163 -31.795788
56.779877 0.745918 -29.788767
57.449223 0.596961 -27.775211
57.840355 0.186759 -25.793243
57.990772 -0.521386 -23.868515
57.995888 -1.502265 -21.990305
57.965206 -2.690534 -20.121389
58.003422 -4.030433 -18.219147
58.187420 -5.475969 -16.268408
58.587234 -6.998349 -14.269207
59.172665 -8.568624 -12.257817
59.907265 -10.170948 -10.252658
60.748341 -11.793393 -8.266463
61.649700 -13.428538 -6.304543
62.551399 -15.072083 -4.366263
63.396790 -16.715706 -2.449000
57.232494 -1.582082 -30.158968
58.035660 -1.552242 -28.191687
58.553658 -1.735186 -26.248718
58.776508 -2.195505 -24.369034
58.745499 -2.963919 -22.581125
58.559265 -4.001089 -20.866840
58.331886 -5.229542 -19.167995
58.169441 -6.586890 -17.422602
58.185371 -8.031900 -15.580525
58.457584 -9.543799 -13.652019
58.956451 -11.098271 -11.690311
59.638836 -12.676994 -9.726364
60.458961 -14.268198 -7.776771
61.363739 -15.864967 -5.849341
62.288982 -17.460495 -3.946002
58.512081 -3.895309 -28.442234
59.192593 -3.890427 -26.516584
59.572830 -4.113745 -24.638536
59.642632 -4.630055 -22.853928
59.445595 -5.463765 -21.197237
59.084145 -6.561909 -19.643036
58.667240 -7.835485 -18.119774
58.323235 -9.214407 -16.522905
58.167732 -10.659280 -14.793188
58.303471 -12.156210 -12.934887
58.703293 -13.686622 -11.021969
59.324577 -15.234863 -9.095918
60.112770 -16.790255 -7.179938
61.007248 -18.343590 -5.285648
59.675205 -6.241985 -26.685482
60.244522 -6.264855 -24.798706
60.498947 -6.531384 -22.980267
60.427532 -7.105302 -21.285406
60.079391 -8.004024 -19.752789
59.556583 -9.163857 -18.353477
58.982929 -10.484642 -16.982042
58.473331 -11.892471 -15.528056
58.150887 -13.342574 -13.912493
58.138897 -14.820450 -12.128306
58.433353 -16.319796 -10.260614
58.986149 -17.831093 -8.367958
59.731125 -19.342896 -6.482460
60.716545 -8.624760 -24.924477
61.185638 -8.675713 -23.074545
61.324356 -8.984758 -21.312300
61.123466 -9.613379 -19.701967
60.636017 -10.572044 -18.287382
59.984367 -11.786101 -17.012363
59.280064 -13.154743 -15.769138
58.630966 -14.599447 -14.441287
58.151775 -16.064627 -12.941018
57.992722 -17.526463 -11.232439
58.175735 -18.990852 -9.407438
58.648411 -20.456121 -7.544285
61.632175 -11.046200 -23.198318
62.008846 -11.125134 -21.386255
62.040359 -11.474938 -19.679855
61.718327 -12.153161 -18.153631
61.119339 -13.160362 -16.833485
60.360657 -14.420199 -15.658064
59.550941 -15.831944 -14.514080
58.786766 -17.314817 -13.289551
58.180103 -18.802940 -11.887583
57.886986 -20.256418 -10.252164
57.953323 -21.683487 -8.470018
62.419434 -13.511040 -21.537571
62.710598 -13.617458 -19.765110
62.641323 -14.004398 -18.116711
62.222923 -14.722330 -16.658792
61.532738 -15.767311 -15.412987
60.689312 -17.062874 -14.309670
59.796398 -18.509708 -13.236489
58.948887 -20.025677 -12.082348
58.249142 -21.538658 -10.753730
57.839745 -22.990404 -9.186839
63.077057 -16.023792 -19.964718
63.288319 -16.154579 -18.234068
63.139626 -16.571350 -16.633072
62.644794 -17.318317 -15.227938
61.885872 -18.389200 -14.032160
60.979748 -19.708555 -12.972659
60.032566 -21.179087 -11.935860
59.133686 -22.719103 -10.819107
58.372189 -24.252333 -9.538937
63.604633 -18.583601 -18.494656
63.753414 -18.733459 -16.797798
63.543648 -19.170334 -15.232690
62.995178 -19.934305 -13.860195
62.191147 -21.017420 -12.687951
61.251053 -22.347416 -11.639426
60.278877 -23.829062 -10.607509
59.357082 -25.380056 -9.499885
64.011101 -21.185745 -17.127062
64.112526 -21.345076 -15.455432
63.862759 -21.790991 -13.910933
63.285465 -22.558764 -12.548594
62.466381 -23.641544 -11.369823
61.521988 -24.969631 -10.303251
60.552834 -26.447044 -9.249681
64.310753 -23.809414 -15.846693
64.379929 -23.968960 -14.190222
64.110870 -24.413967 -12.650847
63.532532 -25.178013 -11.275380
62.726395 -26.253109 -10.066658
61.804005 -27.567646 -8.960835
64.515884 -26.431902 -14.634655
64.568069 -26.583118 -12.983533
64.302628 -27.025679 -11.433426
63.747894 -27.787380 -10.028143
62.979713 -28.850729 -8.773706
64.638596 -29.025679 -13.470285
64.689880 -29.171017 -11.815845
64.446121 -29.622494 -10.245640
63.934952 -30.391342 -8.802594
64.688934 -31.567326 -12.335348
64.749031 -31.724922 -10.675667
64.536850 -32.212540 -9.086242
64.676613 -34.038502 -11.219265
64.744637 -34.250481 -9.561749
64.605057 -36.434937 -10.128080
